date,store_id,region,category,product,quantity,unit_price,revenue,cost
2024-11-27,S05,Санкт-Петербург,Электроника,Наушники,4.0,3898.53,15594.12,12198.85
2023-11-02,S02,Москва,Канцтовары,Калькулятор,7.0,1205.6,8439.2,4117.43
2023-08-21,S03,Москва,Одежда,Джинсы,1.0,4409.67,4409.67,2814.88
2024-10-19,S09,Ростов-на-Дону,Бытовая техника,Утюг,4.0,4422.54,17690.16,12907.94
2023-10-09,S10,Самара,Бытовая техника,Блендер,4.0,4544.02,18176.08,12471.91
2023-04-14,S02,Москва,Канцтовары,Степлер,3.0,411.18,1233.54,520.24
2023-06-30,S09,Ростов-на-Дону,Бытовая техника,Утюг,1.0,,4379.33,3159.09
2025-07-06,S09,Ростов-на-Дону,Бытовая техника,Чайник,1.0,3020.46,3020.46,2034.28
2025-11-16,S03,Москва,Электроника,Колонка,,6200.37,18601.11,15193.57
2024-11-15,S08,Новосибирск,Электроника,Планшет,3.0,16200.84,48602.52,37412.0
2024-01-09,S04,Санкт-Петербург,Канцтовары,Калькулятор,6.0,1188.24,7129.44,3632.96
2024-01-18,S01,Москва,Канцтовары,Калькулятор,2.0,1160.33,2320.66,1173.89
2024-09-09,S06,Казань,Бытовая техника,Утюг,7.0,4327.85,30294.95,22662.16
2024-05-03,S02,Москва,Бытовая техника,Чайник,2.0,3377.61,6755.22,4674.9
2024-08-11,S02,Москва,Электроника,Планшет,2.0,18693.84,37387.68,27732.7
2024-06-12,S05,Санкт-Петербург,Одежда,Кроссовки,2.0,6107.65,12215.3,5847.27
2023-03-11,S04,Санкт-Петербург,Одежда,Кроссовки,3.0,6845.89,20537.67,10767.81
2023-01-21,S02,Москва,Продукты,Мёд 500г,1.0,581.72,581.72,407.38
2024-12-04,S01,Москва,Продукты,Шоколад,1.0,251.87,251.87,162.34
2024-05-06,S08,Новосибирск,Электроника,Смартфон,1.0,28633.11,28633.11,21945.35
2025-11-04,S02,Москва,Канцтовары,Ежедневник,1.0,801.09,801.09,340.68
2024-08-31,S05,Санкт-Петербург,Электроника,Колонка,,5395.11,5395.11,4125.66
2024-07-01,S10,Самара,Бытовая техника,Пылесос,2.0,,25757.28,17969.64
2025-08-20,S04,Санкт-Петербург,Бытовая техника,Чайник,2.0,3196.62,6393.24,4384.31
2024-09-19,S05,Санкт-Петербург,Канцтовары,Степлер,1.0,503.66,503.66,252.23
2023-04-14,S04,Санкт-Петербург,Продукты,Мёд 500г,3.0,555.22,1665.66,1264.89
2023-05-12,S02,Москва,Канцтовары,Набор ручек,4.0,339.17,1356.68,752.89
2025-04-18,S06,Казань,Продукты,Чай 100п,1.0,,488.55,338.18
2023-07-29,S02,Москва,Канцтовары,Степлер,1.0,489.34,489.34,219.39
2024-11-14,S06,Казань,Канцтовары,Степлер,3.0,435.07,1305.21,644.8
2023-07-11,S01,Москва,Продукты,Мёд 500г,2.0,634.62,1269.24,910.77
2024-08-03,S05,Санкт-Петербург,Бытовая техника,Блендер,2.0,5182.13,10364.26,6957.03
2023-05-16,S10,Самара,Продукты,Чай 100п,1.0,440.96,440.96,302.65
2025-05-08,S09,Ростов-на-Дону,Одежда,Джинсы,1.0,4722.78,4722.78,2722.38
2025-07-30,S04,Санкт-Петербург,Продукты,Шоколад,2.0,259.32,518.64,358.25
2024-09-19,S06,Казань,Продукты,Шоколад,16.0,228.85,3661.6,2612.74
2023-03-15,S01,Москва,Электроника,Колонка,2.0,5446.9,10893.8,8947.19
2025-11-02,S10,Самара,Бытовая техника,Пылесос,1.0,12978.33,,9857.18
2025-01-31,S10,Самара,Электроника,Наушники,3.0,3458.45,10375.35,8194.76
2024-01-14,S04,Санкт-Петербург,Канцтовары,Степлер,4.0,422.8,1691.2,978.96
2025-10-11,S01,Москва,Электроника,Колонка,5.0,5107.81,25539.05,19419.7
2024-04-20,S10,Самара,Электроника,Смартфон,1.0,27206.14,27206.14,22220.7
2023-01-25,S09,Ростов-на-Дону,Продукты,Кофе 1кг,3.0,811.33,2433.99,1602.32
2025-03-24,S09,Ростов-на-Дону,Продукты,Кофе 1кг,1.0,822.66,822.66,527.22
2023-04-29,S01,Москва,Бытовая техника,Пылесос,2.0,13371.39,26742.78,20523.61
2025-05-20,S02,Москва,Канцтовары,Ежедневник,1.0,774.82,774.82,460.17
2023-01-19,S01,Москва,Продукты,Кофе 1кг,1.0,926.47,926.47,595.34
2024-03-07,S08,Новосибирск,Канцтовары,Набор ручек,1.0,347.68,347.68,201.25
2024-07-12,S05,Санкт-Петербург,Бытовая техника,Утюг,1.0,5060.97,5060.97,3471.52
2024-11-25,S04,Санкт-Петербург,Электроника,Наушники,2.0,3449.0,6898.0,5139.92
2024-05-05,S07,Екатеринбург,Электроника,Колонка,2.0,6176.6,12353.2,9588.1
2024-01-31,S10,Самара,Электроника,Смартфон,1.0,28537.63,28537.63,22581.21
2023-03-18,S01,Москва,Электроника,Наушники,1.0,3609.93,3609.93,2835.93
2023-03-18,S02,Москва,Продукты,Шоколад,1.0,264.1,264.1,196.5
2024-07-05,S09,Ростов-на-Дону,Одежда,Куртка,4.0,8545.03,34180.12,18243.79
2025-01-16,S08,Новосибирск,Бытовая техника,Пылесос,5.0,13247.57,66237.85,45126.56
2023-07-14,S10,Самара,Электроника,Смартфон,3.0,22734.79,68204.37,52970.77
2024-02-09,S07,Екатеринбург,Канцтовары,Набор ручек,1.0,364.6,364.6,174.25
2025-12-02,S01,Москва,Канцтовары,Ежедневник,1.0,714.68,714.68,342.63
2024-07-06,S02,Москва,Бытовая техника,Пылесос,1.0,13376.78,13376.78,10149.72
2025-04-06,S08,Новосибирск,Бытовая техника,Блендер,1.0,5013.12,5013.12,3765.66
2025-11-09,S08,Новосибирск,Электроника,Смартфон,6.0,27029.35,162176.1,121324.09
2023-12-25,S09,Ростов-на-Дону,Продукты,Чай 100п,3.0,456.81,1370.43,1037.82
2023-12-26,S10,Самара,Продукты,Кофе 1кг,2.0,816.17,1632.34,1137.58
2024-11-21,S04,Санкт-Петербург,Бытовая техника,Блендер,10.0,4620.74,46207.4,31764.51
2024-04-18,S04,Санкт-Петербург,Одежда,Футболка,12.0,1694.59,20335.08,12662.16
2024-06-20,S07,Екатеринбург,Одежда,Куртка,2.0,9696.29,19392.58,8978.58
2025-11-28,S09,Ростов-на-Дону,Электроника,Планшет,2.0,16601.42,33202.84,26677.72
2024-06-03,S07,Екатеринбург,Одежда,Кроссовки,1.0,6620.96,6620.96,4206.66
2025-11-08,S02,Москва,Электроника,Колонка,3.0,5450.59,16351.77,12830.56
2024-07-08,S05,Санкт-Петербург,Бытовая техника,Чайник,4.0,3659.36,14637.44,11319.97
2024-03-09,S09,Ростов-на-Дону,Канцтовары,Калькулятор,6.0,1116.53,6699.18,3260.74
2025-04-15,S09,Ростов-на-Дону,Одежда,Куртка,7.0,8865.28,62056.96,38348.31
2025-05-21,S07,Екатеринбург,Одежда,Джинсы,2.0,4237.79,8475.58,4524.79
2025-12-16,S10,Самара,Одежда,Футболка,2.0,1843.52,3687.04,2038.99
2025-05-11,S02,Москва,Канцтовары,Степлер,1.0,471.87,471.87,258.97
2024-03-11,S08,Новосибирск,Одежда,Кроссовки,6.0,6615.97,39695.82,23321.94
2024-05-14,S10,Самара,Одежда,Футболка,1.0,1631.79,1631.79,800.06
2023-03-26,S07,Екатеринбург,Бытовая техника,Блендер,1.0,5005.82,5005.82,3776.94
2025-08-15,S09,Ростов-на-Дону,Бытовая техника,Пылесос,1.0,13082.05,13082.05,9607.17
2023-10-20,S08,Новосибирск,Продукты,Шоколад,4.0,254.61,1018.44,703.06
2023-11-05,S07,Екатеринбург,Продукты,Мёд 500г,4.0,623.3,2493.2,1826.48
2024-02-17,S01,Москва,Бытовая техника,Пылесос,1.0,,12488.49,9278.3
2025-11-11,S04,Санкт-Петербург,Электроника,Наушники,7.0,3353.16,,17614.76
2025-08-02,S06,Казань,Одежда,Кроссовки,3.0,5977.66,17932.98,11170.75
2024-09-28,S09,Ростов-на-Дону,Одежда,Футболка,6.0,1640.83,9844.98,4715.86
2023-06-19,S04,Санкт-Петербург,Электроника,Наушники,1.0,3196.68,3196.68,2444.24
2025-07-21,S07,Екатеринбург,Электроника,Планшет,1.0,20249.52,20249.52,16486.86
2025-12-29,S02,Москва,Продукты,Мёд 500г,10.0,644.08,6440.8,4530.11
2023-12-21,S05,Санкт-Петербург,Бытовая техника,Пылесос,8.0,12703.32,101626.56,73994.14
2025-06-02,S07,Екатеринбург,Канцтовары,Степлер,4.0,414.48,1657.92,756.37
2024-06-16,S09,Ростов-на-Дону,Продукты,Шоколад,2.0,236.9,473.8,360.07
2023-08-26,S09,Ростов-на-Дону,Бытовая техника,Чайник,2.0,3059.81,6119.62,4318.2
2025-02-13,S03,Москва,Канцтовары,Ежедневник,1.0,651.88,651.88,283.93
2023-06-03,S02,Москва,Продукты,Мёд 500г,3.0,610.87,1832.61,1297.41
2024-05-04,S01,Москва,Одежда,Джинсы,1.0,4638.32,4638.32,2235.51
2024-05-14,S07,Екатеринбург,Одежда,Кроссовки,1.0,7211.31,,4507.6
2023-04-06,S02,Москва,Электроника,Смартфон,,22533.21,90132.84,68139.77
2024-04-11,S07,Екатеринбург,Канцтовары,Степлер,6.0,433.08,2598.48,1136.5
2023-11-07,S08,Новосибирск,Одежда,Джинсы,2.0,4255.16,8510.32,5396.58
2024-08-23,S10,Самара,Электроника,Колонка,1.0,6308.05,6308.05,4752.39
2023-05-10,S07,Екатеринбург,Электроника,Планшет,1.0,17604.67,17604.67,13177.05
2025-01-04,S09,Ростов-на-Дону,Одежда,Кроссовки,1.0,6489.53,6489.53,3368.67
2024-12-25,S01,Москва,Канцтовары,Набор ручек,1.0,335.65,335.65,188.94
2024-07-17,S05,Санкт-Петербург,Бытовая техника,Утюг,1.0,5158.47,5158.47,3936.86
2025-04-19,S07,Екатеринбург,Канцтовары,Набор ручек,9.0,344.82,3103.38,1429.61
2025-09-25,S05,Санкт-Петербург,Бытовая техника,Блендер,1.0,5451.06,5451.06,4176.06
2024-04-23,S10,Самара,Одежда,Футболка,4.0,1931.24,,4716.83
2024-02-22,S01,Москва,Продукты,Шоколад,1.0,253.28,253.28,187.13
2025-12-17,S02,Москва,Электроника,Смартфон,15.0,27866.25,,321314.08
2024-05-20,S09,Ростов-на-Дону,Одежда,Кроссовки,6.0,5935.59,35613.54,21387.6
2023-10-21,S01,Москва,Электроника,Наушники,1.0,3580.16,3580.16,2903.44
2024-07-29,S03,Москва,Бытовая техника,Пылесос,1.0,13545.76,13545.76,9914.25
2024-07-14,S05,Санкт-Петербург,Одежда,Кроссовки,1.0,5861.12,5861.12,3027.75
2025-09-18,S04,Санкт-Петербург,Продукты,Чай 100п,2.0,468.38,936.76,614.77
2024-04-25,S05,Санкт-Петербург,Бытовая техника,Блендер,1.0,5532.82,5532.82,4124.64
2023-04-22,S02,Москва,Одежда,Куртка,3.0,8318.59,24955.77,12179.0
2024-12-31,S04,Санкт-Петербург,Одежда,Футболка,1.0,2026.53,2026.53,1265.59
2024-08-08,S02,Москва,Бытовая техника,Блендер,4.0,5026.67,20106.68,13865.29
2023-03-10,S04,Санкт-Петербург,Бытовая техника,Блендер,2.0,4539.48,9078.96,6298.53
2023-03-13,S02,Москва,Бытовая техника,Чайник,1.0,3431.38,3431.38,2347.19
2023-06-30,S09,Ростов-на-Дону,Электроника,Смартфон,1.0,25103.54,25103.54,20564.62
2024-05-25,S08,Новосибирск,Канцтовары,Ежедневник,1.0,707.13,707.13,305.71
2025-06-27,S10,Самара,Продукты,Кофе 1кг,4.0,907.48,3629.92,2436.63
2023-03-04,S02,Москва,Электроника,Планшет,,16205.92,81029.6,61669.99
2024-08-18,S05,Санкт-Петербург,Электроника,Планшет,1.0,,17887.95,14237.45
2024-10-25,S06,Казань,Электроника,Колонка,10.0,5449.99,,40292.03
2024-05-18,S05,Санкт-Петербург,Продукты,Кофе 1кг,3.0,978.32,2934.96,2025.34
2023-05-10,S06,Казань,Продукты,Кофе 1кг,2.0,828.63,1657.26,1210.72
2025-03-06,S01,Москва,Канцтовары,Набор ручек,4.0,318.06,1272.24,658.68
2023-05-20,S10,Самара,Канцтовары,Степлер,1.0,426.63,426.63,172.79
2025-12-13,S06,Казань,Одежда,Кроссовки,1.0,6906.73,6906.73,3933.65
2024-04-03,S07,Екатеринбург,Бытовая техника,Пылесос,3.0,11112.33,33336.99,23709.96
2024-04-08,S03,Москва,Бытовая техника,Блендер,1.0,5346.96,5346.96,3842.57
2025-11-21,S01,Москва,Продукты,Чай 100п,5.0,428.99,2144.95,1577.72
2025-05-26,S06,Казань,Продукты,Шоколад,4.0,269.73,1078.92,728.82
2024-05-30,S03,Москва,Канцтовары,Степлер,3.0,430.36,1291.08,761.01
2023-08-25,S07,Екатеринбург,Продукты,Чай 100п,9.0,505.57,4550.13,3432.84
2023-02-27,S03,Москва,Бытовая техника,Блендер,1.0,4923.74,4923.74,3516.33
2025-02-27,S10,Самара,Бытовая техника,Утюг,6.0,4098.39,24590.34,17213.73
2023-07-08,S02,Москва,Продукты,Чай 100п,1.0,459.17,459.17,332.29
2023-04-10,S05,Санкт-Петербург,Продукты,Мёд 500г,2.0,544.08,1088.16,799.38
2023-12-06,S01,Москва,Бытовая техника,Блендер,1.0,4538.94,4538.94,3505.1
2025-02-05,S06,Казань,Электроника,Смартфон,3.0,27895.65,,63646.77
2024-11-10,S01,Москва,Канцтовары,Ежедневник,1.0,689.65,689.65,365.69
2025-05-08,S09,Ростов-на-Дону,Канцтовары,Калькулятор,5.0,1302.39,6511.95,2646.63
2023-10-06,S03,Москва,Одежда,Кроссовки,13.0,6430.02,83590.26,49547.04
2025-03-22,S04,Санкт-Петербург,Продукты,Чай 100п,1.0,462.37,462.37,309.78
2025-01-19,S06,Казань,Канцтовары,Степлер,3.0,460.11,1380.33,624.0
2025-11-29,S06,Казань,Одежда,Куртка,1.0,8979.38,8979.38,5405.7
2023-05-02,S07,Екатеринбург,Электроника,Колонка,1.0,6213.52,6213.52,4707.09
2025-03-12,S02,Москва,Бытовая техника,Пылесос,2.0,11697.39,23394.78,16002.29
2025-02-16,S08,Новосибирск,Бытовая техника,Пылесос,4.0,12957.05,51828.2,37354.1
2025-12-06,S06,Казань,Электроника,Наушники,1.0,3886.92,3886.92,3178.02
2023-06-11,S10,Самара,Бытовая техника,Пылесос,1.0,12981.82,12981.82,9244.49
2023-03-19,S07,Екатеринбург,Одежда,Кроссовки,1.0,6781.17,6781.17,3855.47
2025-04-29,S05,Санкт-Петербург,Продукты,Чай 100п,3.0,418.66,1255.98,926.85
2025-03-10,S10,Самара,Одежда,Футболка,2.0,1781.49,3562.98,2035.01
2023-11-04,S09,Ростов-на-Дону,Электроника,Планшет,7.0,17181.93,120273.51,96462.86
2024-08-21,S05,Санкт-Петербург,Бытовая техника,Блендер,1.0,4939.38,4939.38,3678.99
2025-01-12,S03,Москва,Продукты,Шоколад,2.0,253.84,507.68,352.71
2024-02-10,S06,Казань,Продукты,Мёд 500г,1.0,581.89,581.89,436.82
2023-12-31,S03,Москва,Продукты,Чай 100п,2.0,407.07,814.14,536.67
2023-08-14,S01,Москва,Продукты,Шоколад,1.0,236.62,236.62,165.38
2023-01-19,S01,Москва,Канцтовары,Ежедневник,1.0,654.45,654.45,337.1
2023-02-01,S07,Екатеринбург,Бытовая техника,Блендер,1.0,5616.68,5616.68,4093.91
2024-05-07,S03,Москва,Электроника,Смартфон,1.0,23965.16,23965.16,19683.8
2024-01-14,S08,Новосибирск,Электроника,Колонка,2.0,,11012.66,8227.74
2023-11-04,S02,Москва,Продукты,Мёд 500г,1.0,650.4,650.4,452.22
2024-11-02,S08,Новосибирск,Бытовая техника,Чайник,13.0,3104.32,40356.16,30491.36
2024-03-08,S07,Екатеринбург,Канцтовары,Степлер,8.0,437.63,3501.04,1826.27
2024-12-07,S07,Екатеринбург,Бытовая техника,Блендер,2.0,5280.19,10560.38,7541.91
2024-11-20,S08,Новосибирск,Электроника,Колонка,7.0,5488.14,38416.98,30843.46
2024-07-07,S01,Москва,Электроника,Колонка,1.0,6031.99,6031.99,4605.09
2025-07-05,S02,Москва,Бытовая техника,Чайник,1.0,3066.04,3066.04,2112.52
2024-07-25,S01,Москва,Канцтовары,Калькулятор,3.0,1368.96,4106.88,2398.61
2023-01-11,S05,Санкт-Петербург,Электроника,Колонка,1.0,5633.65,5633.65,4547.02
2025-09-09,S03,Москва,Электроника,Смартфон,1.0,27904.46,,21396.39
2023-08-24,S02,Москва,Одежда,Футболка,2.0,1928.66,3857.32,2327.13
2023-04-26,S01,Москва,Электроника,Смартфон,1.0,24365.22,,19408.19
2023-03-31,S04,Санкт-Петербург,Одежда,Кроссовки,3.0,6904.05,20712.15,10038.86
2025-09-09,S04,Санкт-Петербург,Бытовая техника,Блендер,1.0,5260.95,5260.95,3803.32
2025-04-06,S01,Москва,Одежда,Футболка,2.0,1733.78,3467.56,1743.52
2024-03-01,S03,Москва,Продукты,Шоколад,1.0,,259.99,192.38
2023-05-23,S02,Москва,Канцтовары,Ежедневник,10.0,702.76,7027.6,3183.51
2025-02-26,S10,Самара,Одежда,Кроссовки,9.0,5939.73,53457.57,32975.63
2024-08-21,S03,Москва,Канцтовары,Степлер,1.0,492.17,492.17,245.65
2024-04-16,S03,Москва,Одежда,Кроссовки,1.0,6163.41,6163.41,3354.13
2025-10-26,S06,Казань,Бытовая техника,Чайник,6.0,3127.94,18767.64,13117.16
2025-04-23,S06,Казань,Продукты,Шоколад,1.0,265.04,265.04,177.29
2024-02-07,S06,Казань,Канцтовары,Калькулятор,4.0,1212.04,4848.16,2317.72
2023-12-05,S08,Новосибирск,Канцтовары,Набор ручек,1.0,392.03,392.03,164.05
2023-10-01,S03,Москва,Бытовая техника,Пылесос,1.0,12734.5,12734.5,8864.75
2025-10-03,S07,Екатеринбург,Одежда,Футболка,1.0,2002.71,2002.71,1270.61
2025-10-18,S08,Новосибирск,Электроника,Колонка,1.0,5423.24,5423.24,4433.58
2023-01-05,S04,Санкт-Петербург,Бытовая техника,Чайник,1.0,3238.14,3238.14,2165.38
2023-08-05,S05,Санкт-Петербург,Одежда,Кроссовки,1.0,7137.74,7137.74,4521.85
2023-05-17,S03,Москва,Бытовая техника,Пылесос,1.0,12816.18,12816.18,9782.23
2023-09-24,S06,Казань,Канцтовары,Калькулятор,1.0,1340.99,1340.99,592.58
2024-09-16,S01,Москва,Одежда,Футболка,2.0,1958.45,3916.9,2280.6
2024-01-25,S06,Казань,Бытовая техника,Блендер,2.0,5502.11,11004.22,8018.36
2024-05-11,S04,Санкт-Петербург,Бытовая техника,Пылесос,1.0,12520.1,12520.1,8578.09
2025-12-13,S08,Новосибирск,Одежда,Кроссовки,8.0,6037.78,48302.24,26544.79
2025-02-24,S09,Ростов-на-Дону,Электроника,Смартфон,9.0,24302.53,218722.77,172730.97
2024-03-26,S06,Казань,Электроника,Колонка,1.0,5462.14,5462.14,4344.79
2025-02-03,S09,Ростов-на-Дону,Продукты,Чай 100п,1.0,458.33,458.33,300.53
2023-05-13,S07,Екатеринбург,Канцтовары,Калькулятор,1.0,1356.7,1356.7,605.98
2025-02-12,S01,Москва,Бытовая техника,Блендер,5.0,5165.44,25827.2,19052.35
2024-12-03,S04,Санкт-Петербург,Канцтовары,Калькулятор,1.0,1312.6,1312.6,657.17
2024-04-22,S09,Ростов-на-Дону,Канцтовары,Ежедневник,4.0,787.91,3151.64,1634.23
2023-12-21,S01,Москва,Электроника,Наушники,2.0,3158.6,6317.2,5022.27
2024-01-28,S07,Екатеринбург,Электроника,Планшет,,20180.57,20180.57,15502.78
2024-08-07,S07,Екатеринбург,Одежда,Кроссовки,6.0,6476.52,38859.12,19540.38
2024-02-27,S01,Москва,Продукты,Мёд 500г,3.0,656.4,1969.2,1446.35
2024-04-15,S08,Новосибирск,Канцтовары,Степлер,2.0,470.02,940.04,533.87
2025-12-27,S06,Казань,Канцтовары,Ежедневник,1.0,708.04,708.04,321.89
2025-12-17,S02,Москва,Электроника,Смартфон,1.0,25915.48,25915.48,19628.78
2023-07-24,S05,Санкт-Петербург,Электроника,Колонка,2.0,5667.58,,9106.45
2023-02-01,S06,Казань,Продукты,Чай 100п,2.0,507.41,1014.82,700.65
2023-07-21,S02,Москва,Продукты,Шоколад,1.0,262.42,262.42,195.07
2025-12-17,S09,Ростов-на-Дону,Одежда,Джинсы,2.0,4705.56,9411.12,4802.87
2024-04-19,S04,Санкт-Петербург,Электроника,Наушники,4.0,3678.26,14713.04,11366.13
2024-07-17,S06,Казань,Бытовая техника,Чайник,3.0,3592.11,10776.33,8287.36
2023-02-11,S08,Новосибирск,Канцтовары,Степлер,1.0,413.5,413.5,190.6
2024-02-09,S10,Самара,Канцтовары,Набор ручек,2.0,317.56,635.12,316.35
2023-09-23,S06,Казань,Электроника,Смартфон,1.0,22638.77,22638.77,16819.38
2025-02-26,S03,Москва,Канцтовары,Ежедневник,2.0,804.91,1609.82,827.13
2025-06-11,S09,Ростов-на-Дону,Электроника,Колонка,1.0,5747.62,5747.62,4292.23
2025-02-06,S08,Новосибирск,Продукты,Шоколад,3.0,247.58,742.74,558.18
2025-04-12,S10,Самара,Бытовая техника,Чайник,4.0,3435.25,13741.0,9284.74
2024-11-01,S06,Казань,Одежда,Футболка,1.0,2022.4,2022.4,937.47
2023-09-28,S03,Москва,Бытовая техника,Чайник,1.0,3410.82,,2493.07
2025-12-03,S01,Москва,Электроника,Колонка,10.0,5332.89,53328.9,40957.27
2025-09-04,S01,Москва,Одежда,Футболка,1.0,1808.05,1808.05,1063.05
2025-01-23,S06,Казань,Бытовая техника,Пылесос,1.0,13142.05,13142.05,9346.64
2025-11-19,S02,Москва,Продукты,Шоколад,8.0,278.6,2228.8,1578.62
2024-09-10,S03,Москва,Электроника,Планшет,3.0,16282.71,48848.13,38955.29
2023-09-17,S02,Москва,Одежда,Куртка,6.0,7853.06,47118.36,22222.13
2025-12-16,S03,Москва,Электроника,Смартфон,8.0,26172.67,209381.36,165302.5
2024-02-08,S09,Ростов-на-Дону,Одежда,Куртка,1.0,9157.25,9157.25,5170.11
2023-09-08,S09,Ростов-на-Дону,Бытовая техника,Пылесос,8.0,13359.38,,71771.78
2024-02-14,S08,Новосибирск,Канцтовары,Калькулятор,1.0,1104.91,1104.91,565.55
2024-05-07,S01,Москва,Электроника,Колонка,2.0,6318.1,12636.2,9976.49
2023-05-30,S07,Екатеринбург,Бытовая техника,Утюг,3.0,4909.09,14727.27,10895.89
2023-09-22,S06,Казань,Бытовая техника,Пылесос,4.0,13596.39,54385.56,37648.81
2024-08-17,S10,Самара,Канцтовары,Калькулятор,5.0,1141.99,5709.95,3391.19
2024-09-22,S03,Москва,Одежда,Футболка,2.0,1706.07,3412.14,1626.04
2025-02-13,S03,Москва,Бытовая техника,Блендер,1.0,4735.25,4735.25,3422.15
2023-02-07,S04,Санкт-Петербург,Одежда,Куртка,4.0,8719.34,34877.36,19274.89
2024-06-10,S10,Самара,Одежда,Куртка,1.0,8039.37,8039.37,4646.3
2025-11-23,S08,Новосибирск,Одежда,Кроссовки,7.0,6124.69,42872.83,23022.55
2023-09-17,S05,Санкт-Петербург,Канцтовары,Калькулятор,3.0,1223.1,3669.3,2173.43
2024-09-28,S10,Самара,Продукты,Шоколад,1.0,287.35,287.35,208.76
2025-09-30,S01,Москва,Электроника,Наушники,1.0,3165.57,3165.57,2537.96
2024-09-06,S03,Москва,Продукты,Кофе 1кг,3.0,823.8,2471.4,1693.38
2025-11-28,S04,Санкт-Петербург,Бытовая техника,Блендер,6.0,5558.77,33352.62,24451.6
2023-09-25,S05,Санкт-Петербург,Бытовая техника,Пылесос,3.0,12606.16,37818.48,29165.92
2023-06-19,S09,Ростов-на-Дону,Одежда,Футболка,,1937.81,1937.81,1210.61
2024-06-05,S07,Екатеринбург,Бытовая техника,Пылесос,1.0,12729.04,12729.04,8493.46
2024-02-24,S06,Казань,Электроника,Смартфон,2.0,27936.85,55873.7,43132.7
2024-09-17,S08,Новосибирск,Электроника,Колонка,2.0,6209.41,12418.82,10022.52
2024-11-24,S04,Санкт-Петербург,Бытовая техника,Чайник,2.0,2894.71,5789.42,3881.09
2025-12-07,S07,Екатеринбург,Канцтовары,Калькулятор,1.0,1257.39,1257.39,613.29
2024-11-04,S03,Москва,Электроника,Наушники,2.0,3584.32,7168.64,5710.96
2023-09-30,S01,Москва,Бытовая техника,Чайник,3.0,3129.75,9389.25,6448.67
2024-07-23,S07,Екатеринбург,Электроника,Наушники,1.0,3875.31,3875.31,3156.38
2023-11-30,S06,Казань,Одежда,Футболка,,1723.72,1723.72,1038.06
2024-06-04,S06,Казань,Электроника,Колонка,,5038.29,10076.58,8064.57
2023-05-08,S02,Москва,Электроника,Наушники,3.0,3969.14,11907.42,9214.37
2025-12-19,S06,Казань,Канцтовары,Ежедневник,2.0,643.4,1286.8,617.23
2024-02-27,S08,Новосибирск,Продукты,Чай 100п,2.0,441.45,882.9,663.94
2025-04-29,S02,Москва,Одежда,Футболка,1.0,1670.56,1670.56,834.12
2025-08-19,S05,Санкт-Петербург,Одежда,Футболка,4.0,1875.52,7502.08,3542.12
2025-07-25,S04,Санкт-Петербург,Электроника,Планшет,2.0,20652.77,41305.54,30586.33
2024-06-03,S02,Москва,Бытовая техника,Чайник,9.0,2988.6,26897.4,17967.26
2023-07-05,S04,Санкт-Петербург,Одежда,Футболка,1.0,1913.71,1913.71,1164.32
2024-05-28,S07,Екатеринбург,Канцтовары,Степлер,3.0,445.07,1335.21,651.55
2024-09-30,S10,Самара,Одежда,Джинсы,3.0,3877.18,11631.54,7150.03
2025-03-13,S06,Казань,Продукты,Шоколад,5.0,226.76,1133.8,812.88
2024-09-02,S08,Новосибирск,Бытовая техника,Пылесос,1.0,11150.26,11150.26,8419.6
2023-05-06,S05,Санкт-Петербург,Бытовая техника,Пылесос,3.0,11800.22,35400.66,25375.17
2024-05-22,S02,Москва,Электроника,Колонка,4.0,5770.8,23083.2,18147.75
2024-06-22,S01,Москва,Продукты,Кофе 1кг,2.0,853.37,1706.74,1241.34
2024-07-04,S09,Ростов-на-Дону,Бытовая техника,Чайник,1.0,2961.51,2961.51,2093.75
2025-08-16,S08,Новосибирск,Электроника,Наушники,6.0,3312.07,19872.42,15632.47
2025-08-09,S01,Москва,Продукты,Кофе 1кг,1.0,1029.74,1029.74,778.52
2023-07-09,S07,Екатеринбург,Канцтовары,Калькулятор,5.0,1327.08,6635.4,3247.22
2023-10-24,S05,Санкт-Петербург,Электроника,Наушники,1.0,3593.18,3593.18,2713.05
2024-08-14,S10,Самара,Канцтовары,Степлер,1.0,475.57,475.57,192.78
2025-10-06,S04,Санкт-Петербург,Продукты,Кофе 1кг,1.0,901.18,901.18,594.58
2023-08-01,S10,Самара,Электроника,Наушники,2.0,3384.39,6768.78,5058.46
2023-08-05,S02,Москва,Канцтовары,Набор ручек,1.0,365.76,365.76,181.29
2023-08-21,S10,Самара,Одежда,Куртка,2.0,8719.76,17439.52,11037.89
2024-11-15,S02,Москва,Продукты,Кофе 1кг,1.0,910.29,910.29,634.16
2025-09-10,S01,Москва,Одежда,Куртка,5.0,9318.28,46591.4,25168.3
2023-06-11,S09,Ростов-на-Дону,Канцтовары,Степлер,1.0,465.43,465.43,264.76
2025-08-06,S04,Санкт-Петербург,Одежда,Джинсы,4.0,4068.81,16275.24,9555.19
2025-06-13,S08,Новосибирск,Одежда,Кроссовки,1.0,6142.82,6142.82,3042.95
2024-03-12,S05,Санкт-Петербург,Продукты,Кофе 1кг,4.0,903.63,3614.52,2665.56
2024-02-22,S08,Новосибирск,Бытовая техника,Утюг,2.0,4723.38,9446.76,7275.79
2024-11-17,S06,Казань,Продукты,Мёд 500г,2.0,686.84,1373.68,969.0
2025-01-21,S10,Самара,Продукты,Чай 100п,1.0,463.46,463.46,326.53
2024-11-23,S07,Екатеринбург,Канцтовары,Набор ручек,15.0,343.27,5149.05,2754.04
2025-02-11,S02,Москва,Продукты,Чай 100п,1.0,496.91,,328.19
2025-10-09,S04,Санкт-Петербург,Продукты,Шоколад,14.0,230.24,3223.36,2400.56
2024-05-28,S08,Новосибирск,Электроника,Смартфон,1.0,27570.19,27570.19,20977.29
2025-02-27,S06,Казань,Продукты,Чай 100п,2.0,423.71,847.42,590.85
2024-04-27,S02,Москва,Продукты,Мёд 500г,15.0,600.27,9004.05,5891.91
2025-12-01,S02,Москва,Одежда,Кроссовки,3.0,5933.24,17799.72,10996.71
2024-07-20,S04,Санкт-Петербург,Одежда,Футболка,1.0,1696.6,1696.6,802.88
2024-03-29,S10,Самара,Одежда,Кроссовки,,6087.07,12174.14,6369.88
2024-05-31,S10,Самара,Продукты,Чай 100п,2.0,505.01,1010.02,691.05
2025-08-08,S01,Москва,Бытовая техника,Пылесос,1.0,12942.19,12942.19,8949.28
2025-09-12,S10,Самара,Одежда,Куртка,2.0,8303.33,16606.66,7840.14
2024-04-14,S01,Москва,Канцтовары,Степлер,2.0,427.37,854.74,485.94
2025-10-13,S08,Новосибирск,Канцтовары,Степлер,2.0,489.07,978.14,472.1
2024-09-30,S02,Москва,Одежда,Джинсы,1.0,3925.2,3925.2,2121.89
2023-03-05,S03,Москва,Электроника,Планшет,3.0,17823.36,53470.08,41082.76
2024-04-26,S10,Самара,Электроника,Смартфон,4.0,27154.0,108616.0,79962.06
2025-03-29,S07,Екатеринбург,Электроника,Планшет,3.0,18420.96,55262.88,40708.41
2023-08-02,S04,Санкт-Петербург,Электроника,Планшет,4.0,19097.59,76390.36,59064.48
2024-12-30,S09,Ростов-на-Дону,Продукты,Шоколад,3.0,263.52,,563.8
2024-11-07,S02,Москва,Продукты,Чай 100п,3.0,440.27,1320.81,902.64
2023-11-17,S03,Москва,Электроника,Планшет,1.0,19520.46,19520.46,15328.9
2024-01-26,S04,Санкт-Петербург,Бытовая техника,Блендер,1.0,5602.84,5602.84,4287.82
2025-05-20,S04,Санкт-Петербург,Одежда,Куртка,3.0,9153.28,27459.84,13133.93
2023-03-15,S09,Ростов-на-Дону,Бытовая техника,Блендер,7.0,5246.06,36722.42,24675.13
2023-05-07,S08,Новосибирск,Электроника,Смартфон,1.0,23316.16,23316.16,18796.64
2023-11-03,S02,Москва,Одежда,Футболка,3.0,1913.02,5739.06,3308.98
2024-05-26,S08,Новосибирск,Электроника,Наушники,1.0,3427.16,3427.16,2678.0
2023-05-11,S01,Москва,Одежда,Футболка,1.0,1850.17,1850.17,877.43
2025-12-09,S02,Москва,Канцтовары,Степлер,3.0,,1436.52,838.35
2025-08-14,S01,Москва,Одежда,Куртка,1.0,8597.76,8597.76,4663.92
2024-06-01,S02,Москва,Продукты,Чай 100п,1.0,483.15,483.15,331.44
2024-09-19,S06,Казань,Канцтовары,Ежедневник,1.0,715.02,715.02,331.46
2025-06-09,S03,Москва,Электроника,Наушники,1.0,3247.06,3247.06,2455.26
2023-10-05,S07,Екатеринбург,Одежда,Джинсы,1.0,4454.85,4454.85,2157.74
2023-11-01,S09,Ростов-на-Дону,Канцтовары,Набор ручек,1.0,393.9,393.9,161.31
2023-04-09,S03,Москва,Продукты,Кофе 1кг,12.0,932.2,11186.4,7921.25
2023-08-19,S09,Ростов-на-Дону,Канцтовары,Ежедневник,7.0,712.34,4986.38,2146.64
2023-08-31,S09,Ростов-на-Дону,Бытовая техника,Пылесос,1.0,13428.89,13428.89,9538.91
2024-09-05,S04,Санкт-Петербург,Канцтовары,Калькулятор,7.0,1082.6,7578.2,4446.45
2024-04-20,S04,Санкт-Петербург,Одежда,Джинсы,1.0,4753.94,4753.94,2947.03
2024-08-05,S06,Казань,Продукты,Кофе 1кг,2.0,917.11,1834.22,1260.25
2023-02-25,S09,Ростов-на-Дону,Продукты,Мёд 500г,1.0,570.61,,378.82
2025-12-24,S03,Москва,Одежда,Куртка,9.0,9167.58,82508.22,50507.96
2024-07-05,S03,Москва,Продукты,Чай 100п,1.0,445.48,445.48,286.69
2024-10-26,S05,Санкт-Петербург,Одежда,Кроссовки,2.0,,13585.56,7208.19
2024-04-21,S05,Санкт-Петербург,Продукты,Мёд 500г,7.0,542.32,3796.24,2690.08
2023-11-15,S09,Ростов-на-Дону,Одежда,Футболка,1.0,1690.95,1690.95,850.65
2023-09-02,S05,Санкт-Петербург,Бытовая техника,Блендер,3.0,5097.36,15292.08,11231.73
2023-08-23,S04,Санкт-Петербург,Электроника,Наушники,5.0,3647.71,18238.55,14335.02
2024-01-01,S04,Санкт-Петербург,Одежда,Футболка,9.0,1750.91,15758.19,9161.02
2025-03-24,S04,Санкт-Петербург,Бытовая техника,Чайник,1.0,2992.87,2992.87,2213.87
2025-05-19,S02,Москва,Продукты,Кофе 1кг,7.0,870.23,6091.61,4360.43
2023-02-02,S07,Екатеринбург,Канцтовары,Ежедневник,5.0,716.09,3580.45,1857.53
2023-07-25,S04,Санкт-Петербург,Электроника,Колонка,2.0,5880.0,11760.0,8711.32
2025-03-04,S03,Москва,Продукты,Кофе 1кг,2.0,875.59,1751.18,1309.94
2025-07-02,S06,Казань,Одежда,Куртка,1.0,8113.89,8113.89,5167.08
2025-03-08,S01,Москва,Бытовая техника,Утюг,1.0,4604.08,4604.08,3200.23
2024-07-12,S07,Екатеринбург,Канцтовары,Ежедневник,4.0,733.87,2935.48,1381.67
2024-04-12,S09,Ростов-на-Дону,Электроника,Наушники,9.0,3508.29,31574.61,23612.83
2025-08-30,S01,Москва,Электроника,Смартфон,7.0,26407.6,184853.2,141262.22
2025-04-14,S09,Ростов-на-Дону,Бытовая техника,Чайник,1.0,3658.28,3658.28,2669.74
2025-12-30,S10,Самара,Одежда,Футболка,1.0,1831.1,1831.1,1138.62
2025-12-08,S07,Екатеринбург,Электроника,Колонка,3.0,5581.11,16743.33,12528.44
2023-07-28,S04,Санкт-Петербург,Одежда,Куртка,1.0,,9180.69,5222.09
2024-01-30,S06,Казань,Канцтовары,Калькулятор,5.0,1111.86,5559.3,2437.24
2023-01-31,S02,Москва,Электроника,Смартфон,4.0,27936.02,111744.08,85707.85
2024-01-19,S02,Москва,Бытовая техника,Утюг,12.0,4659.48,55913.76,42972.23
2024-08-05,S06,Казань,Электроника,Колонка,2.0,6113.34,12226.68,9266.08
2024-08-08,S03,Москва,Бытовая техника,Блендер,1.0,5058.1,5058.1,3829.57
2025-07-14,S08,Новосибирск,Бытовая техника,Пылесос,2.0,12501.49,25002.98,19313.1
2025-02-12,S05,Санкт-Петербург,Электроника,Колонка,1.0,6008.71,6008.71,4442.31
2023-04-19,S06,Казань,Бытовая техника,Чайник,2.0,3003.32,6006.64,4296.72
2023-02-02,S07,Екатеринбург,Канцтовары,Ежедневник,1.0,770.09,770.09,396.98
2024-02-03,S03,Москва,Одежда,Куртка,2.0,9260.91,18521.82,10939.19
2023-11-23,S04,Санкт-Петербург,Электроника,Планшет,1.0,19768.55,19768.55,15387.04
2025-03-25,S07,Екатеринбург,Одежда,Кроссовки,3.0,6703.84,20111.52,10139.92
2025-05-07,S08,Новосибирск,Продукты,Мёд 500г,1.0,614.63,614.63,453.63
2025-11-20,S04,Санкт-Петербург,Канцтовары,Набор ручек,1.0,360.82,360.82,182.58
2023-03-05,S02,Москва,Одежда,Кроссовки,1.0,7041.46,7041.46,3941.29
2025-03-16,S04,Санкт-Петербург,Канцтовары,Степлер,2.0,472.95,945.9,465.41
2023-03-25,S05,Санкт-Петербург,Одежда,Джинсы,1.0,4314.54,4314.54,2468.63
2025-10-08,S04,Санкт-Петербург,Электроника,Наушники,1.0,3453.24,3453.24,2807.31
2024-01-06,S03,Москва,Бытовая техника,Пылесос,3.0,11018.7,33056.1,24714.12
2024-12-18,S06,Казань,Продукты,Кофе 1кг,10.0,841.56,8415.6,5658.88
2025-01-01,S02,Москва,Бытовая техника,Пылесос,1.0,13415.63,13415.63,9909.58
2023-07-24,S09,Ростов-на-Дону,Продукты,Кофе 1кг,1.0,1033.26,1033.26,733.69
2024-02-28,S07,Екатеринбург,Одежда,Куртка,5.0,8906.79,44533.95,24648.06
2025-12-05,S02,Москва,Продукты,Мёд 500г,,663.28,2653.12,1810.27
2024-07-29,S07,Екатеринбург,Продукты,Шоколад,1.0,228.61,228.61,158.37
2024-07-17,S04,Санкт-Петербург,Канцтовары,Калькулятор,1.0,1261.33,1261.33,705.57
2025-02-11,S08,Новосибирск,Продукты,Шоколад,2.0,284.09,568.18,402.14
2024-07-11,S01,Москва,Канцтовары,Калькулятор,1.0,1165.46,1165.46,553.59
2024-11-29,S06,Казань,Электроника,Наушники,3.0,3184.01,9552.03,7641.77
2023-07-21,S02,Москва,Одежда,Кроссовки,1.0,6431.49,6431.49,3144.63
2025-04-16,S09,Ростов-на-Дону,Электроника,Колонка,1.0,5139.77,,3859.89
2023-12-17,S02,Москва,Бытовая техника,Блендер,1.0,5636.47,5636.47,3937.65
2023-01-11,S09,Ростов-на-Дону,Бытовая техника,Утюг,5.0,4958.58,24792.9,16698.13
2023-04-24,S09,Ростов-на-Дону,Бытовая техника,Утюг,5.0,5169.1,25845.5,18447.52
2023-10-08,S08,Новосибирск,Одежда,Джинсы,5.0,4074.04,20370.2,11965.47
2025-02-28,S05,Санкт-Петербург,Продукты,Кофе 1кг,6.0,900.62,5403.72,4106.54
2025-06-01,S08,Новосибирск,Продукты,Мёд 500г,1.0,654.51,654.51,429.75
2024-08-12,S02,Москва,Электроника,Планшет,2.0,16604.22,33208.44,25612.21
2025-12-12,S03,Москва,Бытовая техника,Пылесос,1.0,13090.82,13090.82,8885.15
2023-11-11,S06,Казань,Канцтовары,Набор ручек,1.0,335.76,335.76,191.19
2024-02-04,S04,Санкт-Петербург,Продукты,Шоколад,1.0,,237.57,170.72
2025-12-06,S06,Казань,Бытовая техника,Утюг,6.0,4298.05,25788.3,18444.91
2025-10-17,S07,Екатеринбург,Канцтовары,Набор ручек,1.0,402.37,402.37,174.21
2024-05-19,S03,Москва,Продукты,Шоколад,4.0,285.13,1140.52,747.06
2023-03-29,S05,Санкт-Петербург,Бытовая техника,Блендер,1.0,5385.09,5385.09,3593.85
2023-11-28,S10,Самара,Продукты,Шоколад,1.0,271.87,271.87,185.54
2024-09-14,S02,Москва,Канцтовары,Набор ручек,4.0,389.17,,659.76
2023-02-16,S09,Ростов-на-Дону,Электроника,Наушники,16.0,3407.68,54522.88,41583.0
2023-02-06,S06,Казань,Продукты,Кофе 1кг,1.0,860.38,860.38,603.9
2025-12-06,S09,Ростов-на-Дону,Одежда,Джинсы,15.0,4386.98,65804.7,36156.19
2025-12-06,S01,Москва,Одежда,Куртка,1.0,8680.74,8680.74,4729.81
2025-06-06,S10,Самара,Бытовая техника,Чайник,2.0,3165.13,6330.26,4518.0
2024-09-12,S06,Казань,Одежда,Футболка,1.0,1762.52,1762.52,1116.04
2024-06-03,S10,Самара,Бытовая техника,Чайник,3.0,3116.36,9349.08,6600.8
2024-11-11,S05,Санкт-Петербург,Одежда,Джинсы,1.0,4391.29,4391.29,2399.63
2025-06-17,S07,Екатеринбург,Электроника,Колонка,5.0,4974.34,24871.7,20112.84
2025-10-11,S07,Екатеринбург,Одежда,Куртка,2.0,9746.06,19492.12,12078.12
2024-07-16,S10,Самара,Одежда,Куртка,5.0,8836.34,44181.7,21666.52
2023-11-04,S10,Самара,Бытовая техника,Чайник,2.0,3516.73,7033.46,4833.05
2023-09-04,S02,Москва,Канцтовары,Степлер,1.0,465.75,465.75,249.09
2025-03-03,S02,Москва,Бытовая техника,Блендер,1.0,4858.52,4858.52,3367.81
2025-01-08,S06,Казань,Канцтовары,Ежедневник,1.0,794.85,794.85,412.95
2025-05-30,S05,Санкт-Петербург,Бытовая техника,Блендер,2.0,5496.23,10992.46,8369.19
2023-10-17,S01,Москва,Продукты,Кофе 1кг,,905.15,1810.3,1295.45
2025-05-28,S05,Санкт-Петербург,Канцтовары,Степлер,1.0,448.08,448.08,211.14
2025-02-03,S06,Казань,Электроника,Наушники,2.0,3241.02,6482.04,5012.49
2023-03-13,S06,Казань,Бытовая техника,Чайник,6.0,3474.33,20845.98,14265.72
2024-04-28,S10,Самара,Канцтовары,Ежедневник,6.0,700.03,4200.18,2102.93
2023-02-23,S10,Самара,Канцтовары,Степлер,3.0,416.24,1248.72,688.82
2024-07-10,S02,Москва,Бытовая техника,Пылесос,2.0,11271.82,22543.64,16139.77
2024-07-14,S07,Екатеринбург,Электроника,Смартфон,1.0,24878.24,24878.24,18778.44
2024-08-03,S06,Казань,Канцтовары,Калькулятор,2.0,1094.31,2188.62,1243.73
2025-03-13,S04,Санкт-Петербург,Продукты,Шоколад,1.0,251.11,251.11,182.6
2025-09-15,S02,Москва,Канцтовары,Ежедневник,2.0,707.79,1415.58,816.14
2025-11-10,S01,Москва,Электроника,Планшет,3.0,20518.08,61554.24,46281.55
2025-08-16,S03,Москва,Канцтовары,Калькулятор,2.0,1194.49,2388.98,1090.12
2025-01-24,S05,Санкт-Петербург,Бытовая техника,Пылесос,3.0,11106.22,33318.66,22594.45
2025-06-20,S01,Москва,Одежда,Куртка,7.0,9680.76,67765.32,39072.2
2023-09-07,S10,Самара,Продукты,Шоколад,15.0,263.6,3954.0,2656.21
2024-12-31,S01,Москва,Бытовая техника,Пылесос,3.0,12925.72,38777.16,29839.53
2023-12-25,S03,Москва,Электроника,Смартфон,1.0,,26491.52,19823.13
2023-01-28,S05,Санкт-Петербург,Бытовая техника,Блендер,1.0,5177.54,5177.54,3830.2
2024-03-19,S01,Москва,Бытовая техника,Пылесос,3.0,12756.79,38270.37,29694.73
2025-07-10,S03,Москва,Канцтовары,Набор ручек,1.0,355.4,355.4,182.31
2023-04-13,S06,Казань,Одежда,Кроссовки,,7421.32,14842.64,7192.48
2025-09-17,S10,Самара,Электроника,Наушники,1.0,,3581.4,2889.31
2024-03-28,S09,Ростов-на-Дону,Одежда,Джинсы,5.0,4223.82,21119.1,13511.52
2025-08-24,S07,Екатеринбург,Продукты,Мёд 500г,5.0,579.85,2899.25,2167.43
2025-03-19,S05,Санкт-Петербург,Продукты,Шоколад,8.0,283.28,2266.24,1621.99
2024-09-05,S03,Москва,Канцтовары,Степлер,2.0,466.26,932.52,545.36
2023-04-23,S01,Москва,Канцтовары,Ежедневник,1.0,705.15,705.15,413.83
2023-01-04,S07,Екатеринбург,Одежда,Футболка,1.0,1988.27,1988.27,954.0
2023-10-21,S01,Москва,Одежда,Куртка,2.0,,17664.78,8574.85
2025-07-05,S04,Санкт-Петербург,Продукты,Чай 100п,3.0,448.96,1346.88,926.42
2023-03-14,S10,Самара,Бытовая техника,Чайник,1.0,3637.94,3637.94,2819.25
2023-05-14,S05,Санкт-Петербург,Бытовая техника,Утюг,4.0,4252.98,17011.92,12555.72
2024-07-20,S07,Екатеринбург,Электроника,Колонка,4.0,5711.26,22845.04,17781.84
2025-08-14,S10,Самара,Продукты,Кофе 1кг,2.0,914.81,1829.62,1323.76
2024-06-14,S10,Самара,Продукты,Мёд 500г,,553.99,4431.92,3296.42
2024-05-27,S08,Новосибирск,Бытовая техника,Блендер,5.0,5476.89,27384.45,18948.5
2024-02-25,S05,Санкт-Петербург,Бытовая техника,Пылесос,10.0,12752.41,127524.1,86633.15
2024-08-19,S02,Москва,Канцтовары,Ежедневник,1.0,768.15,768.15,377.72
2025-02-12,S04,Санкт-Петербург,Продукты,Шоколад,1.0,233.65,233.65,150.39
2024-10-22,S08,Новосибирск,Бытовая техника,Блендер,2.0,4721.79,9443.58,6286.75
2025-07-20,S06,Казань,Одежда,Футболка,6.0,1886.56,11319.36,6815.17
2025-03-12,S03,Москва,Одежда,Кроссовки,3.0,6615.31,19845.93,10017.99
2023-01-09,S06,Казань,Электроника,Планшет,1.0,19474.69,,15665.4
2024-02-13,S02,Москва,Продукты,Чай 100п,1.0,482.37,482.37,323.97
2024-08-23,S03,Москва,Продукты,Чай 100п,3.0,429.14,1287.42,949.22
2024-01-03,S09,Ростов-на-Дону,Одежда,Джинсы,4.0,4540.44,18161.76,10510.25
2025-03-08,S04,Санкт-Петербург,Бытовая техника,Пылесос,1.0,10833.04,10833.04,8218.37
2025-01-07,S09,Ростов-на-Дону,Бытовая техника,Блендер,1.0,5542.71,5542.71,4273.11
2023-07-24,S01,Москва,Канцтовары,Степлер,1.0,509.98,509.98,205.99
2025-07-27,S06,Казань,Бытовая техника,Утюг,1.0,4878.92,4878.92,3719.06
2024-04-07,S09,Ростов-на-Дону,Одежда,Куртка,1.0,7828.4,7828.4,4572.16
2025-09-30,S07,Екатеринбург,Бытовая техника,Блендер,,5334.48,16003.44,10739.19
2023-10-17,S07,Екатеринбург,Электроника,Смартфон,4.0,26909.31,107637.24,81165.81
2024-01-15,S10,Самара,Продукты,Мёд 500г,4.0,664.96,2659.84,2014.72
2023-06-26,S09,Ростов-на-Дону,Электроника,Смартфон,2.0,24514.36,49028.72,36683.62
2025-07-25,S09,Ростов-на-Дону,Канцтовары,Набор ручек,9.0,360.96,3248.64,1356.99
2023-01-19,S04,Санкт-Петербург,Электроника,Планшет,1.0,17261.36,17261.36,14128.36
2025-12-05,S01,Москва,Электроника,Смартфон,2.0,23224.02,46448.04,38236.1
2025-08-01,S07,Екатеринбург,Одежда,Куртка,1.0,8973.78,8973.78,4486.56
2025-01-08,S09,Ростов-на-Дону,Одежда,Футболка,3.0,1676.61,5029.83,2743.64
2024-08-11,S10,Самара,Электроника,Планшет,3.0,18971.57,56914.71,42830.88
2024-04-08,S10,Самара,Канцтовары,Калькулятор,3.0,,3561.27,2003.98
2025-12-22,S08,Новосибирск,Продукты,Шоколад,4.0,241.59,966.36,655.75
2024-03-31,S08,Новосибирск,Бытовая техника,Утюг,3.0,4234.37,12703.11,8705.39
2024-07-10,S10,Самара,Канцтовары,Ежедневник,8.0,686.66,5493.28,2294.24
2025-06-16,S02,Москва,Бытовая техника,Блендер,3.0,4879.35,14638.05,10872.69
2024-12-10,S01,Москва,Канцтовары,Калькулятор,2.0,1246.97,2493.94,1429.24
2025-03-17,S01,Москва,Одежда,Кроссовки,1.0,6845.46,6845.46,3451.68
2025-03-12,S06,Казань,Канцтовары,Калькулятор,6.0,1283.45,7700.7,4026.34
2023-08-30,S05,Санкт-Петербург,Канцтовары,Ежедневник,1.0,641.31,641.31,337.15
2023-09-21,S05,Санкт-Петербург,Одежда,Джинсы,3.0,4217.91,,6982.72
2023-06-30,S03,Москва,Бытовая техника,Чайник,1.0,2940.28,2940.28,2218.79
2025-08-04,S03,Москва,Продукты,Кофе 1кг,1.0,966.18,966.18,691.09
2025-08-23,S05,Санкт-Петербург,Канцтовары,Набор ручек,1.0,364.55,364.55,197.98
2023-10-15,S06,Казань,Продукты,Шоколад,4.0,240.44,961.76,657.71
2025-08-16,S10,Самара,Бытовая техника,Чайник,2.0,2942.44,5884.88,4287.25
2024-10-10,S10,Самара,Одежда,Куртка,2.0,,18910.56,10783.52
2025-02-19,S01,Москва,Продукты,Мёд 500г,5.0,673.76,3368.8,2396.16
2025-07-22,S03,Москва,Бытовая техника,Чайник,1.0,2910.65,2910.65,1967.7
2023-06-15,S09,Ростов-на-Дону,Электроника,Колонка,1.0,6022.3,6022.3,4707.72
2025-02-15,S07,Екатеринбург,Продукты,Кофе 1кг,1.0,852.01,852.01,611.95
2025-01-12,S03,Москва,Электроника,Наушники,1.0,3211.31,3211.31,2612.1
2025-10-15,S06,Казань,Продукты,Кофе 1кг,1.0,822.74,822.74,597.12
2025-10-20,S10,Самара,Одежда,Куртка,1.0,9262.59,9262.59,5084.19
2023-07-08,S01,Москва,Бытовая техника,Чайник,2.0,3059.92,6119.84,4225.27
2025-06-06,S03,Москва,Бытовая техника,Блендер,3.0,4981.07,14943.21,10873.5
2025-10-26,S08,Новосибирск,Продукты,Шоколад,1.0,242.0,242.0,155.51
2024-05-03,S10,Самара,Бытовая техника,Блендер,1.0,5512.88,5512.88,3988.63
2023-08-04,S05,Санкт-Петербург,Одежда,Футболка,1.0,1790.59,1790.59,1054.49
2025-07-08,S03,Москва,Бытовая техника,Пылесос,2.0,12389.91,24779.82,17584.0
2024-03-15,S02,Москва,Бытовая техника,Пылесос,1.0,13173.22,13173.22,9385.08
2025-05-20,S02,Москва,Бытовая техника,Утюг,4.0,4484.4,17937.6,12674.2
2024-10-22,S09,Ростов-на-Дону,Канцтовары,Набор ручек,4.0,332.99,1331.96,638.35
2024-02-20,S10,Самара,Электроника,Колонка,1.0,5530.73,5530.73,4383.01
2024-01-10,S06,Казань,Бытовая техника,Утюг,1.0,4657.02,4657.02,3226.41
2023-09-01,S10,Самара,Электроника,Наушники,1.0,3789.18,3789.18,3056.38
2024-11-25,S05,Санкт-Петербург,Продукты,Кофе 1кг,14.0,1034.02,14476.28,9873.68
2024-05-04,S02,Москва,Канцтовары,Ежедневник,4.0,727.12,2908.48,1677.13
2024-09-15,S05,Санкт-Петербург,Бытовая техника,Чайник,1.0,3280.07,3280.07,2472.72
2023-05-03,S06,Казань,Продукты,Чай 100п,2.0,489.41,978.82,732.09
2023-08-31,S06,Казань,Электроника,Наушники,3.0,3669.47,11008.41,8771.14
2025-01-07,S04,Санкт-Петербург,Одежда,Кроссовки,4.0,6740.19,26960.76,16202.07
2024-08-19,S07,Екатеринбург,Электроника,Колонка,1.0,5339.53,5339.53,4340.13
2023-03-10,S01,Москва,Продукты,Мёд 500г,8.0,541.49,4331.92,2966.0
2024-07-25,S10,Самара,Бытовая техника,Чайник,1.0,3037.56,3037.56,2279.65
2025-04-28,S06,Казань,Продукты,Шоколад,7.0,234.92,1644.44,1249.25
2023-08-05,S09,Ростов-на-Дону,Канцтовары,Калькулятор,1.0,1129.58,1129.58,582.09
2024-03-04,S06,Казань,Канцтовары,Калькулятор,1.0,1316.32,1316.32,569.38
2025-10-02,S10,Самара,Бытовая техника,Блендер,2.0,5169.51,10339.02,6970.49
2024-07-28,S02,Москва,Электроника,Планшет,1.0,19784.61,19784.61,16039.03
2023-03-29,S06,Казань,Продукты,Кофе 1кг,2.0,942.83,1885.66,1365.77
2025-12-24,S08,Новосибирск,Бытовая техника,Чайник,,3232.18,25857.44,17373.78
2025-06-02,S08,Новосибирск,Канцтовары,Калькулятор,1.0,1343.29,1343.29,699.14
2024-12-22,S08,Новосибирск,Электроника,Планшет,1.0,,18271.45,15032.41
2023-05-29,S08,Новосибирск,Продукты,Мёд 500г,3.0,677.33,2031.99,1395.47
2023-11-14,S09,Ростов-на-Дону,Продукты,Мёд 500г,2.0,597.13,1194.26,906.52
2024-09-11,S04,Санкт-Петербург,Одежда,Джинсы,2.0,3839.94,7679.88,3620.38
2024-09-18,S08,Новосибирск,Электроника,Планшет,6.0,18361.2,110167.2,87293.06
2023-02-16,S08,Новосибирск,Одежда,Футболка,1.0,1742.51,1742.51,909.19
2024-06-25,S06,Казань,Продукты,Чай 100п,4.0,475.89,1903.56,1267.74
2024-08-22,S02,Москва,Бытовая техника,Пылесос,1.0,12363.52,12363.52,9503.28
2024-06-08,S07,Екатеринбург,Продукты,Шоколад,6.0,235.08,1410.48,935.18
2024-07-22,S02,Москва,Продукты,Чай 100п,4.0,426.39,1705.56,1184.76
2024-07-23,S06,Казань,Одежда,Куртка,5.0,,40378.8,20646.23
2024-05-20,S09,Ростов-на-Дону,Электроника,Смартфон,1.0,26390.92,26390.92,20889.79
2024-01-17,S10,Самара,Продукты,Чай 100п,1.0,428.27,428.27,317.81
2024-10-26,S02,Москва,Одежда,Футболка,7.0,1663.09,11641.63,6259.41
2025-05-09,S10,Самара,Канцтовары,Набор ручек,1.0,386.56,386.56,169.49
2023-03-29,S09,Ростов-на-Дону,Продукты,Шоколад,6.0,226.88,1361.28,932.86
2023-02-14,S10,Самара,Продукты,Чай 100п,3.0,449.48,1348.44,892.97
2025-12-13,S05,Санкт-Петербург,Электроника,Колонка,1.0,6008.74,6008.74,4621.84
2023-06-02,S04,Санкт-Петербург,Одежда,Куртка,1.0,9513.96,9513.96,5290.38
2023-07-04,S04,Санкт-Петербург,Одежда,Футболка,14.0,1671.05,23394.7,14200.08
2023-11-20,S02,Москва,Канцтовары,Набор ручек,8.0,339.26,2714.08,1603.97
2024-09-10,S05,Санкт-Петербург,Одежда,Джинсы,1.0,4575.18,4575.18,2535.37
2025-11-14,S10,Самара,Канцтовары,Калькулятор,1.0,1280.41,1280.41,619.66
2024-09-22,S09,Ростов-на-Дону,Канцтовары,Ежедневник,1.0,652.39,652.39,334.62
2024-04-01,S05,Санкт-Петербург,Канцтовары,Степлер,1.0,483.07,483.07,278.48
2024-01-21,S06,Казань,Продукты,Шоколад,8.0,255.91,2047.28,1490.17
2023-11-06,S05,Санкт-Петербург,Продукты,Шоколад,1.0,262.11,262.11,176.73
2023-10-21,S01,Москва,Электроника,Наушники,1.0,3635.86,3635.86,2738.38
2024-04-17,S08,Новосибирск,Канцтовары,Степлер,1.0,488.99,488.99,230.36
2024-03-30,S09,Ростов-на-Дону,Электроника,Колонка,5.0,6064.03,30320.15,22556.52
2024-07-13,S07,Екатеринбург,Бытовая техника,Утюг,1.0,4906.89,4906.89,3743.52
2024-01-31,S02,Москва,Электроника,Планшет,1.0,19386.11,19386.11,14503.46
2023-03-26,S02,Москва,Продукты,Шоколад,3.0,252.84,758.52,497.51
2023-01-10,S07,Екатеринбург,Одежда,Джинсы,1.0,4769.07,4769.07,2389.94
2025-05-08,S05,Санкт-Петербург,Бытовая техника,Пылесос,5.0,12995.87,64979.35,45537.56
2024-04-30,S10,Самара,Продукты,Кофе 1кг,1.0,813.37,813.37,520.95
2023-07-02,S09,Ростов-на-Дону,Электроника,Колонка,1.0,5544.11,5544.11,4269.3
2023-05-05,S06,Казань,Канцтовары,Калькулятор,1.0,1107.33,1107.33,590.26
2023-05-24,S10,Самара,Электроника,Колонка,1.0,5678.27,5678.27,4632.37
2024-08-03,S02,Москва,Бытовая техника,Утюг,3.0,4663.39,13990.17,9452.95
2024-02-11,S02,Москва,Электроника,Смартфон,3.0,25706.73,77120.19,57796.4
2023-05-22,S04,Санкт-Петербург,Электроника,Смартфон,1.0,28013.97,,21330.99
2024-11-21,S10,Самара,Электроника,Смартфон,5.0,,118944.3,94518.21
2024-11-21,S06,Казань,Бытовая техника,Блендер,17.0,4585.81,77958.77,52189.0
2024-12-13,S09,Ростов-на-Дону,Бытовая техника,Утюг,1.0,4864.47,4864.47,3283.15
2025-10-13,S05,Санкт-Петербург,Электроника,Наушники,1.0,3669.37,3669.37,2822.6
2023-01-25,S10,Самара,Канцтовары,Калькулятор,2.0,1344.3,2688.6,1169.63
2024-01-01,S02,Москва,Одежда,Кроссовки,5.0,,,18985.61
2025-02-13,S08,Новосибирск,Продукты,Шоколад,1.0,273.59,273.59,197.08
2023-09-20,S03,Москва,Электроника,Смартфон,3.0,24835.22,74505.66,56993.28
2024-03-16,S04,Санкт-Петербург,Бытовая техника,Чайник,7.0,3172.02,22204.14,15978.95
2024-01-03,S04,Санкт-Петербург,Бытовая техника,Чайник,1.0,2915.81,2915.81,2113.35
2025-02-06,S03,Москва,Продукты,Мёд 500г,1.0,612.25,612.25,436.87
2025-02-10,S01,Москва,Канцтовары,Степлер,3.0,429.89,1289.67,574.61
2025-09-10,S01,Москва,Одежда,Футболка,3.0,1992.62,5977.86,2781.31
2025-08-17,S07,Екатеринбург,Канцтовары,Набор ручек,3.0,384.85,1154.55,611.38
2025-02-17,S04,Санкт-Петербург,Канцтовары,Набор ручек,3.0,331.31,993.93,486.78
2023-08-17,S02,Москва,Электроника,Наушники,1.0,3251.07,3251.07,2615.82
2025-08-27,S01,Москва,Электроника,Колонка,2.0,5542.91,,9132.69
2023-06-21,S06,Казань,Одежда,Футболка,1.0,1705.18,1705.18,860.46
2025-05-25,S01,Москва,Продукты,Шоколад,10.0,269.17,2691.7,1757.2
2023-09-29,S04,Санкт-Петербург,Продукты,Мёд 500г,3.0,689.22,2067.66,1327.98
2024-08-08,S06,Казань,Одежда,Футболка,1.0,1887.91,1887.91,893.75
2023-10-13,S06,Казань,Продукты,Мёд 500г,4.0,661.18,,1839.55
2023-03-01,S03,Москва,Канцтовары,Ежедневник,1.0,720.32,720.32,392.33
2023-11-21,S03,Москва,Электроника,Планшет,4.0,19385.46,77541.84,62550.66
2025-08-11,S05,Санкт-Петербург,Канцтовары,Ежедневник,2.0,784.78,1569.56,773.93
2024-04-22,S10,Самара,Канцтовары,Степлер,1.0,442.53,442.53,252.51
2025-02-15,S10,Самара,Канцтовары,Ежедневник,1.0,749.74,749.74,431.54
2024-06-10,S09,Ростов-на-Дону,Электроника,Планшет,2.0,20564.67,41129.34,31125.17
2025-06-11,S08,Новосибирск,Канцтовары,Калькулятор,1.0,1348.97,1348.97,803.29
2023-02-27,S02,Москва,Электроника,Наушники,1.0,3944.51,3944.51,3218.58
2025-05-08,S07,Екатеринбург,Бытовая техника,Блендер,,,5051.7,3754.07
2023-06-10,S06,Казань,Электроника,Смартфон,6.0,26621.54,159729.24,130350.24
2024-06-03,S05,Санкт-Петербург,Одежда,Футболка,3.0,2045.18,6135.54,3261.79
2024-11-11,S09,Ростов-на-Дону,Канцтовары,Ежедневник,13.0,688.73,8953.49,3838.29
2024-02-25,S07,Екатеринбург,Электроника,Наушники,1.0,3289.97,3289.97,2484.51
2025-06-20,S09,Ростов-на-Дону,Электроника,Смартфон,2.0,,53034.7,39519.88
2025-06-24,S03,Москва,Продукты,Мёд 500г,4.0,623.52,2494.08,1657.29
2024-01-28,S09,Ростов-на-Дону,Одежда,Джинсы,3.0,3898.31,11694.93,7398.55
2025-05-08,S01,Москва,Одежда,Джинсы,10.0,4758.19,47581.9,23762.35
2023-06-24,S09,Ростов-на-Дону,Одежда,Куртка,1.0,8214.36,8214.36,4823.51
2023-06-21,S03,Москва,Одежда,Кроссовки,1.0,6436.58,6436.58,3056.63
2023-05-24,S01,Москва,Канцтовары,Степлер,1.0,513.18,513.18,238.49
2024-05-08,S03,Москва,Одежда,Кроссовки,1.0,7016.16,7016.16,3256.83
2025-01-30,S01,Москва,Канцтовары,Калькулятор,,1364.15,1364.15,607.91
2024-11-05,S01,Москва,Канцтовары,Калькулятор,1.0,1084.05,1084.05,520.11
2023-04-03,S06,Казань,Электроника,Наушники,1.0,3186.31,3186.31,2468.57
2023-09-29,S08,Новосибирск,Бытовая техника,Утюг,1.0,4498.07,4498.07,3321.04
2025-03-01,S05,Санкт-Петербург,Одежда,Футболка,1.0,1703.22,1703.22,985.36
2025-12-28,S03,Москва,Одежда,Футболка,1.0,1917.98,1917.98,1035.89
2025-04-22,S08,Новосибирск,Электроника,Наушники,1.0,3771.02,3771.02,2935.35
2023-11-28,S05,Санкт-Петербург,Одежда,Кроссовки,5.0,6404.95,32024.75,17180.08
2025-03-03,S04,Санкт-Петербург,Бытовая техника,Чайник,1.0,3251.05,3251.05,2399.93
2025-04-01,S06,Казань,Продукты,Чай 100п,2.0,503.68,1007.36,709.11
2024-11-24,S02,Москва,Продукты,Кофе 1кг,1.0,952.12,952.12,650.0
2023-09-15,S08,Новосибирск,Одежда,Куртка,2.0,9542.25,,9425.0
2023-10-24,S09,Ростов-на-Дону,Одежда,Кроссовки,1.0,7320.75,7320.75,4042.1
2023-09-23,S08,Новосибирск,Канцтовары,Степлер,1.0,425.2,425.2,216.21
2025-10-26,S02,Москва,Одежда,Футболка,3.0,1761.06,,2582.77
2023-06-15,S03,Москва,Бытовая техника,Блендер,5.0,5691.92,28459.6,20221.57
2023-09-10,S09,Ростов-на-Дону,Одежда,Джинсы,2.0,4810.45,9620.9,5436.68
2024-02-24,S01,Москва,Продукты,Шоколад,5.0,235.39,1176.95,843.83
2024-09-30,S09,Ростов-на-Дону,Электроника,Наушники,1.0,3289.67,3289.67,2688.45
2023-07-16,S09,Ростов-на-Дону,Продукты,Чай 100п,1.0,506.24,506.24,363.47
2023-05-30,S07,Екатеринбург,Продукты,Кофе 1кг,1.0,1032.82,1032.82,710.14
2023-08-08,S09,Ростов-на-Дону,Продукты,Шоколад,4.0,264.78,1059.12,703.29
2023-06-28,S01,Москва,Бытовая техника,Пылесос,6.0,12142.63,72855.78,52718.34
2023-01-08,S08,Новосибирск,Бытовая техника,Блендер,1.0,5446.85,5446.85,4036.21
2025-03-29,S04,Санкт-Петербург,Электроника,Смартфон,1.0,23672.57,,18422.9
2025-10-29,S04,Санкт-Петербург,Канцтовары,Ежедневник,3.0,637.68,,851.71
2025-11-21,S05,Санкт-Петербург,Продукты,Мёд 500г,1.0,602.21,602.21,434.45
2024-11-09,S01,Москва,Канцтовары,Ежедневник,3.0,781.9,2345.7,1070.57
2025-04-16,S06,Казань,Бытовая техника,Пылесос,1.0,12803.33,12803.33,8992.45
2025-08-03,S02,Москва,Продукты,Кофе 1кг,2.0,1005.87,2011.74,1400.37
2023-05-28,S10,Самара,Канцтовары,Набор ручек,1.0,335.13,335.13,145.7
2023-08-02,S02,Москва,Продукты,Чай 100п,1.0,464.95,464.95,298.62
2023-07-07,S01,Москва,Продукты,Мёд 500г,4.0,614.24,2456.96,1638.94
2023-04-10,S04,Санкт-Петербург,Продукты,Мёд 500г,1.0,676.43,676.43,448.67
2025-10-12,S10,Самара,Продукты,Шоколад,2.0,245.71,491.42,372.64
2025-01-22,S07,Екатеринбург,Одежда,Джинсы,1.0,3801.7,3801.7,2078.89
2025-08-16,S01,Москва,Электроника,Смартфон,2.0,25070.04,50140.08,40119.87
2024-05-04,S03,Москва,Электроника,Смартфон,1.0,27913.13,27913.13,21851.63
2023-11-07,S06,Казань,Продукты,Чай 100п,17.0,460.91,7835.47,5154.4
2023-08-24,S02,Москва,Одежда,Кроссовки,1.0,6656.12,6656.12,4108.79
2025-04-17,S01,Москва,Одежда,Куртка,1.0,7905.53,7905.53,4560.44
2024-09-02,S03,Москва,Бытовая техника,Утюг,4.0,4913.86,19655.44,13957.39
2024-04-19,S04,Санкт-Петербург,Одежда,Футболка,1.0,2015.77,2015.77,1255.6
2024-11-04,S09,Ростов-на-Дону,Одежда,Кроссовки,1.0,6355.38,6355.38,3788.62
2025-04-26,S10,Самара,Одежда,Куртка,2.0,8632.95,17265.9,8595.81
2024-01-09,S05,Санкт-Петербург,Бытовая техника,Пылесос,1.0,11184.29,11184.29,7516.45
2025-03-10,S05,Санкт-Петербург,Продукты,Чай 100п,2.0,494.18,988.36,733.05
2023-06-06,S04,Санкт-Петербург,Одежда,Футболка,2.0,1952.07,3904.14,1879.6
2025-07-05,S05,Санкт-Петербург,Электроника,Смартфон,1.0,26928.06,26928.06,19884.41
2025-07-07,S06,Казань,Бытовая техника,Утюг,1.0,4083.72,4083.72,2846.66
2023-03-06,S06,Казань,Канцтовары,Калькулятор,1.0,1094.72,1094.72,541.95
2025-09-12,S09,Ростов-на-Дону,Бытовая техника,Чайник,1.0,3638.08,3638.08,2799.19
2024-08-02,S08,Новосибирск,Продукты,Чай 100п,1.0,417.31,417.31,314.82
2024-05-11,S05,Санкт-Петербург,Бытовая техника,Блендер,2.0,4622.6,9245.2,7018.91
2023-05-03,S01,Москва,Продукты,Чай 100п,2.0,463.7,927.4,647.21
2023-02-12,S09,Ростов-на-Дону,Электроника,Наушники,1.0,3763.26,3763.26,2884.35
2024-06-13,S08,Новосибирск,Бытовая техника,Блендер,1.0,4586.44,4586.44,3461.43
2025-02-07,S01,Москва,Одежда,Джинсы,8.0,3869.95,30959.6,18188.45
2024-04-27,S05,Санкт-Петербург,Продукты,Чай 100п,4.0,511.51,2046.04,1477.97
2023-07-13,S07,Екатеринбург,Одежда,Джинсы,1.0,3941.67,3941.67,2076.97
2025-11-29,S02,Москва,Бытовая техника,Пылесос,1.0,12321.18,12321.18,9455.02
2024-02-11,S01,Москва,Бытовая техника,Пылесос,4.0,10865.95,43463.8,29891.8
2025-02-16,S09,Ростов-на-Дону,Одежда,Джинсы,1.0,4824.61,4824.61,2484.16
2025-09-10,S10,Самара,Электроника,Смартфон,4.0,28161.82,112647.28,87303.44
2025-04-09,S06,Казань,Канцтовары,Степлер,6.0,504.68,3028.08,1636.81
2024-07-19,S02,Москва,Бытовая техника,Пылесос,2.0,13040.24,26080.48,19995.12
2023-12-22,S07,Екатеринбург,Одежда,Джинсы,4.0,4667.92,18671.68,11810.2
2023-08-01,S02,Москва,Одежда,Кроссовки,3.0,6524.64,19573.92,11912.1
2024-08-18,S02,Москва,Бытовая техника,Пылесос,1.0,13429.68,13429.68,9736.06
2024-07-03,S03,Москва,Бытовая техника,Пылесос,3.0,11782.13,35346.39,24101.63
2023-03-29,S08,Новосибирск,Канцтовары,Калькулятор,1.0,1262.39,1262.39,642.75
2023-12-05,S05,Санкт-Петербург,Бытовая техника,Чайник,2.0,3571.38,7142.76,4947.3
2024-03-28,S05,Санкт-Петербург,Продукты,Шоколад,1.0,246.19,246.19,165.66
2023-10-20,S08,Новосибирск,Канцтовары,Степлер,1.0,492.09,492.09,229.02
2024-06-22,S09,Ростов-на-Дону,Одежда,Джинсы,4.0,4575.43,18301.72,8792.31
2025-04-18,S05,Санкт-Петербург,Продукты,Чай 100п,2.0,451.3,902.6,668.61
2024-09-09,S04,Санкт-Петербург,Одежда,Джинсы,1.0,4508.45,4508.45,2583.14
2025-01-20,S09,Ростов-на-Дону,Бытовая техника,Чайник,1.0,,3360.01,2403.8
2025-04-17,S05,Санкт-Петербург,Канцтовары,Ежедневник,3.0,666.51,1999.53,1168.25
2023-08-03,S06,Казань,Канцтовары,Ежедневник,1.0,688.03,688.03,323.96
2023-03-12,S08,Новосибирск,Электроника,Наушники,2.0,3634.61,7269.22,5784.02
2023-07-31,S01,Москва,Одежда,Джинсы,1.0,4090.9,4090.9,1980.04
2025-07-14,S03,Москва,Одежда,Куртка,2.0,9664.37,19328.74,11307.29
2024-08-29,S09,Ростов-на-Дону,Канцтовары,Набор ручек,1.0,347.09,347.09,177.21
2023-08-07,S07,Екатеринбург,Продукты,Шоколад,1.0,249.36,249.36,182.73
2025-11-24,S01,Москва,Одежда,Кроссовки,1.0,,7403.21,3812.65
2025-07-11,S02,Москва,Электроника,Колонка,2.0,6027.71,12055.42,9928.12
2023-03-18,S10,Самара,Одежда,Куртка,1.0,8737.13,8737.13,5507.69
2025-09-04,S08,Новосибирск,Электроника,Планшет,3.0,18905.89,56717.67,45152.8
2023-04-16,S03,Москва,Канцтовары,Степлер,6.0,503.45,3020.7,1431.23
2024-06-03,S05,Санкт-Петербург,Продукты,Чай 100п,1.0,506.42,506.42,365.44
2025-12-01,S04,Санкт-Петербург,Одежда,Футболка,2.0,2032.36,4064.72,2105.82
2024-04-01,S01,Москва,Продукты,Кофе 1кг,1.0,946.39,946.39,642.97
2024-04-15,S05,Санкт-Петербург,Бытовая техника,Утюг,1.0,5099.22,5099.22,3504.28
2024-04-02,S01,Москва,Электроника,Колонка,8.0,5830.04,,38423.69
2025-03-29,S09,Ростов-на-Дону,Электроника,Колонка,3.0,5243.89,15731.67,12374.98
2025-08-04,S04,Санкт-Петербург,Электроника,Колонка,7.0,6134.96,42944.72,33975.66
2024-10-19,S09,Ростов-на-Дону,Канцтовары,Набор ручек,3.0,396.87,1190.61,651.24
2023-10-05,S02,Москва,Бытовая техника,Блендер,2.0,5519.68,11039.36,8079.85
2024-03-21,S04,Санкт-Петербург,Канцтовары,Степлер,1.0,419.43,419.43,181.59
2025-04-18,S07,Екатеринбург,Канцтовары,Набор ручек,1.0,388.82,388.82,225.69
2023-07-01,S03,Москва,Одежда,Кроссовки,6.0,7401.15,44406.9,28044.79
2025-02-10,S06,Казань,Канцтовары,Калькулятор,7.0,1227.33,8591.31,4973.69
2023-12-25,S10,Самара,Одежда,Куртка,3.0,8144.55,24433.65,11800.38
2024-12-19,S08,Новосибирск,Канцтовары,Калькулятор,4.0,1319.08,5276.32,3063.52
2024-12-11,S08,Новосибирск,Электроника,Смартфон,1.0,25847.04,25847.04,19606.3
2024-10-17,S07,Екатеринбург,Электроника,Планшет,9.0,17464.33,157178.97,117201.57
2023-02-09,S08,Новосибирск,Канцтовары,Степлер,1.0,448.79,448.79,227.77
2025-07-02,S03,Москва,Продукты,Шоколад,1.0,229.48,229.48,165.83
2025-10-22,S07,Екатеринбург,Продукты,Чай 100п,1.0,475.24,475.24,332.48
2023-06-09,S05,Санкт-Петербург,Одежда,Футболка,1.0,1859.83,1859.83,1078.81
2025-05-30,S10,Самара,Бытовая техника,Чайник,4.0,3186.18,12744.72,9453.62
2023-12-14,S01,Москва,Канцтовары,Ежедневник,2.0,676.9,1353.8,573.41
2024-05-08,S04,Санкт-Петербург,Продукты,Чай 100п,6.0,506.4,,2193.53
2025-06-08,S07,Екатеринбург,Канцтовары,Калькулятор,1.0,1129.01,1129.01,631.73
2025-06-24,S02,Москва,Канцтовары,Набор ручек,4.0,352.77,1411.08,713.04
2024-01-15,S03,Москва,Бытовая техника,Утюг,6.0,4058.33,24349.98,17485.76
2024-03-09,S01,Москва,Одежда,Джинсы,1.0,4363.71,4363.71,2431.37
2025-05-26,S02,Москва,Бытовая техника,Утюг,8.0,4654.44,37235.52,27185.28
2024-01-22,S06,Казань,Канцтовары,Степлер,11.0,501.71,5518.81,3070.98
2024-03-20,S01,Москва,Канцтовары,Ежедневник,5.0,,3985.7,2390.17
2025-02-09,S02,Москва,Продукты,Чай 100п,2.0,439.79,879.58,632.73
2025-01-10,S10,Самара,Одежда,Кроссовки,1.0,6036.54,6036.54,3247.21
2024-08-08,S07,Екатеринбург,Бытовая техника,Блендер,4.0,5100.16,20400.64,15687.58
2023-04-20,S09,Ростов-на-Дону,Бытовая техника,Пылесос,2.0,10985.84,21971.68,16756.67
2023-02-19,S08,Новосибирск,Электроника,Наушники,1.0,3509.34,3509.34,2703.4
2024-03-17,S01,Москва,Продукты,Шоколад,1.0,230.76,230.76,172.61
2024-04-12,S03,Москва,Канцтовары,Калькулятор,2.0,1202.95,2405.9,1213.95
2024-11-04,S07,Екатеринбург,Бытовая техника,Блендер,6.0,5381.09,32286.54,23078.41
2023-02-03,S08,Новосибирск,Электроника,Колонка,1.0,5125.42,5125.42,4059.58
2023-12-17,S10,Самара,Электроника,Планшет,1.0,17847.51,17847.51,13603.16
2025-04-02,S06,Казань,Бытовая техника,Чайник,4.0,3307.48,13229.92,8913.33
2025-11-16,S02,Москва,Бытовая техника,Утюг,1.0,4754.5,,3672.17
2024-09-04,S03,Москва,Электроника,Смартфон,4.0,,104031.92,81201.7
2024-09-19,S08,Новосибирск,Электроника,Колонка,5.0,5405.9,27029.5,21779.76
2023-07-26,S05,Санкт-Петербург,Продукты,Шоколад,2.0,236.23,472.46,320.96
2025-03-08,S03,Москва,Канцтовары,Набор ручек,3.0,386.28,1158.84,574.07
2023-09-28,S06,Казань,Электроника,Наушники,1.0,3205.21,3205.21,2457.68
2025-02-25,S07,Екатеринбург,Продукты,Чай 100п,1.0,463.64,463.64,335.37
2025-04-11,S08,Новосибирск,Канцтовары,Степлер,1.0,448.92,448.92,227.23
2025-10-15,S03,Москва,Одежда,Джинсы,1.0,4287.19,4287.19,2521.97
2025-12-19,S04,Санкт-Петербург,Бытовая техника,Утюг,3.0,4891.68,14675.04,10101.0
2025-01-16,S09,Ростов-на-Дону,Одежда,Куртка,1.0,7781.83,7781.83,4271.7
2025-08-19,S08,Новосибирск,Канцтовары,Набор ручек,1.0,397.33,397.33,193.31
2025-10-10,S06,Казань,Бытовая техника,Блендер,1.0,4870.34,4870.34,3343.39
2025-04-23,S09,Ростов-на-Дону,Одежда,Джинсы,1.0,3833.15,3833.15,2057.21
2024-08-07,S04,Санкт-Петербург,Канцтовары,Калькулятор,5.0,1278.44,6392.2,3709.33
2023-03-13,S06,Казань,Канцтовары,Калькулятор,1.0,1314.45,1314.45,734.98
2024-11-27,S04,Санкт-Петербург,Бытовая техника,Пылесос,4.0,13700.12,54800.48,42014.38
2023-03-21,S04,Санкт-Петербург,Канцтовары,Ежедневник,1.0,730.32,730.32,312.25
2024-06-14,S05,Санкт-Петербург,Канцтовары,Набор ручек,6.0,331.28,1987.68,804.28
2025-06-07,S03,Москва,Одежда,Джинсы,2.0,4037.05,8074.1,4050.73
2023-11-24,S08,Новосибирск,Продукты,Чай 100п,3.0,,1480.2,1123.81
2025-06-15,S04,Санкт-Петербург,Одежда,Куртка,4.0,9627.2,38508.8,17745.35
2025-12-13,S02,Москва,Одежда,Футболка,1.0,1662.61,1662.61,914.68
2023-10-02,S08,Новосибирск,Электроника,Колонка,1.0,5632.76,5632.76,4376.25
2025-05-17,S01,Москва,Канцтовары,Набор ручек,1.0,334.44,334.44,162.33
2024-01-06,S08,Новосибирск,Бытовая техника,Чайник,2.0,2998.2,5996.4,4521.77
2023-06-21,S03,Москва,Продукты,Мёд 500г,4.0,582.68,2330.72,1749.0
2025-04-29,S07,Екатеринбург,Канцтовары,Степлер,5.0,439.49,2197.45,1182.76
2024-08-24,S10,Самара,Бытовая техника,Чайник,3.0,2888.83,8666.49,5988.79
2025-07-03,S04,Санкт-Петербург,Канцтовары,Ежедневник,3.0,640.43,1921.29,1098.98
2023-08-04,S03,Москва,Бытовая техника,Чайник,1.0,3005.87,3005.87,2220.11
2023-08-05,S10,Самара,Одежда,Джинсы,1.0,4618.65,4618.65,2141.23
2025-05-21,S03,Москва,Электроника,Колонка,1.0,6133.17,6133.17,4895.79
2024-08-17,S01,Москва,Канцтовары,Степлер,1.0,452.64,452.64,205.17
2024-06-29,S09,Ростов-на-Дону,Канцтовары,Ежедневник,1.0,659.31,659.31,391.2
2024-07-27,S01,Москва,Продукты,Кофе 1кг,7.0,1027.85,7194.95,4800.52
2025-07-13,S01,Москва,Бытовая техника,Блендер,1.0,4668.43,4668.43,3368.85
2023-12-26,S01,Москва,Электроника,Наушники,4.0,4022.53,16090.12,13195.39
2023-01-19,S02,Москва,Одежда,Куртка,1.0,7840.85,,4955.82
2024-08-11,S08,Новосибирск,Продукты,Чай 100п,1.0,462.78,462.78,296.86
2024-11-01,S08,Новосибирск,Одежда,Джинсы,3.0,4505.35,13516.05,8220.23
2025-01-09,S02,Москва,Бытовая техника,Утюг,2.0,5105.15,10210.3,7911.79
2024-10-27,S02,Москва,Одежда,Футболка,1.0,1624.05,1624.05,999.13
2024-05-22,S05,Санкт-Петербург,Продукты,Чай 100п,4.0,406.62,1626.48,1114.38
2024-10-25,S01,Москва,Канцтовары,Степлер,1.0,487.97,487.97,263.84
2025-10-15,S07,Екатеринбург,Электроника,Колонка,1.0,5784.66,5784.66,4292.62
2023-04-16,S03,Москва,Одежда,Джинсы,3.0,4608.85,13826.55,8166.96
2024-09-18,S10,Самара,Бытовая техника,Чайник,17.0,3101.81,52730.77,36485.03
2025-08-11,S02,Москва,Электроника,Планшет,1.0,18809.01,18809.01,15065.58
2024-09-07,S06,Казань,Одежда,Футболка,8.0,1823.81,14590.48,9178.74
2023-04-02,S04,Санкт-Петербург,Электроника,Колонка,7.0,5241.75,36692.25,27221.39
2024-11-08,S07,Екатеринбург,Бытовая техника,Утюг,1.0,,4484.57,3321.49
2024-04-28,S03,Москва,Бытовая техника,Пылесос,8.0,13696.46,109571.68,82647.74
2024-12-17,S01,Москва,Электроника,Планшет,,16805.97,50417.91,38136.59
2024-08-01,S03,Москва,Электроника,Колонка,1.0,5277.5,5277.5,4235.73
2025-12-27,S04,Санкт-Петербург,Продукты,Чай 100п,3.0,503.16,1509.48,1000.85
2024-03-13,S06,Казань,Одежда,Джинсы,,4776.38,9552.76,5249.23
2024-09-12,S04,Санкт-Петербург,Канцтовары,Набор ручек,1.0,367.13,367.13,193.33
2023-05-10,S04,Санкт-Петербург,Одежда,Футболка,1.0,1805.9,1805.9,1021.73
2024-11-04,S07,Екатеринбург,Канцтовары,Ежедневник,7.0,758.25,5307.75,2417.38
2023-12-17,S07,Екатеринбург,Электроника,Колонка,1.0,5025.56,5025.56,3898.39
2025-04-03,S07,Екатеринбург,Электроника,Смартфон,1.0,25035.72,25035.72,19864.31
2025-12-11,S04,Санкт-Петербург,Продукты,Мёд 500г,15.0,619.25,9288.75,6701.78
2024-07-11,S02,Москва,Одежда,Кроссовки,3.0,6815.47,20446.41,10808.49
2025-11-06,S08,Новосибирск,Бытовая техника,Утюг,6.0,4167.74,25006.44,18816.71
2025-08-30,S05,Санкт-Петербург,Одежда,Кроссовки,1.0,6312.98,6312.98,3835.04
2023-09-11,S09,Ростов-на-Дону,Канцтовары,Ежедневник,1.0,791.02,791.02,470.02
2023-02-21,S02,Москва,Продукты,Мёд 500г,1.0,584.83,584.83,436.32
2024-01-24,S02,Москва,Бытовая техника,Утюг,3.0,4448.53,13345.59,8862.22
2024-11-06,S06,Казань,Канцтовары,Набор ручек,8.0,344.6,2756.8,1113.17
2023-10-23,S05,Санкт-Петербург,Электроника,Смартфон,4.0,27995.45,111981.8,90393.29
2024-03-11,S03,Москва,Продукты,Мёд 500г,1.0,593.23,593.23,411.73
2025-06-02,S05,Санкт-Петербург,Одежда,Джинсы,1.0,4491.96,,2420.76
2024-02-19,S06,Казань,Канцтовары,Набор ручек,5.0,376.7,,966.59
2025-02-15,S02,Москва,Одежда,Кроссовки,8.0,7124.44,56995.52,33654.11
2023-02-28,S07,Екатеринбург,Бытовая техника,Утюг,1.0,4465.67,4465.67,3290.33
2024-08-30,S04,Санкт-Петербург,Бытовая техника,Пылесос,3.0,11057.53,33172.59,22505.36
2024-04-30,S04,Санкт-Петербург,Бытовая техника,Утюг,2.0,4168.42,8336.84,6001.98
2025-11-16,S02,Москва,Электроника,Колонка,4.0,6174.67,,20193.12
2024-12-06,S02,Москва,Одежда,Джинсы,1.0,4616.16,4616.16,2461.9
2024-10-19,S02,Москва,Одежда,Футболка,12.0,1879.45,22553.4,13453.37
2023-01-19,S07,Екатеринбург,Бытовая техника,Утюг,1.0,4268.51,4268.51,3128.62
2024-10-10,S04,Санкт-Петербург,Электроника,Планшет,1.0,18114.1,18114.1,13733.08
2024-05-15,S08,Новосибирск,Продукты,Шоколад,1.0,286.05,286.05,202.89
2025-08-09,S03,Москва,Канцтовары,Набор ручек,1.0,318.2,318.2,154.97
2023-05-09,S06,Казань,Электроника,Наушники,1.0,3311.55,3311.55,2603.42
2024-05-04,S03,Москва,Бытовая техника,Чайник,5.0,3113.11,15565.55,11291.91
2025-05-27,S02,Москва,Одежда,Джинсы,15.0,4250.85,63762.75,38789.01
2023-10-23,S05,Санкт-Петербург,Бытовая техника,Утюг,2.0,4487.29,8974.58,6065.88
2025-04-27,S06,Казань,Бытовая техника,Блендер,5.0,5215.96,26079.8,19283.54
2024-10-22,S10,Самара,Электроника,Наушники,2.0,3929.62,7859.24,5905.62
2024-10-14,S06,Казань,Электроника,Наушники,5.0,3193.31,15966.55,11970.68
2023-01-02,S09,Ростов-на-Дону,Электроника,Планшет,1.0,18932.53,18932.53,14967.92
2023-03-05,S07,Екатеринбург,Одежда,Джинсы,5.0,4290.0,21450.0,12879.95
2025-10-20,S09,Ростов-на-Дону,Канцтовары,Степлер,4.0,487.36,1949.44,912.44
2025-07-27,S06,Казань,Канцтовары,Ежедневник,1.0,781.19,781.19,314.11
2023-09-28,S06,Казань,Продукты,Шоколад,3.0,282.17,,602.34
2025-01-15,S07,Екатеринбург,Одежда,Куртка,4.0,7849.54,31398.16,17586.89
2023-08-27,S07,Екатеринбург,Канцтовары,Ежедневник,1.0,803.33,803.33,359.76
2023-10-06,S07,Екатеринбург,Одежда,Джинсы,1.0,4677.56,4677.56,2370.56
2024-09-03,S02,Москва,Бытовая техника,Утюг,1.0,5153.13,,3862.76
2025-07-28,S10,Самара,Бытовая техника,Блендер,2.0,4886.08,9772.16,6963.23
2024-07-13,S06,Казань,Электроника,Планшет,2.0,17419.93,34839.86,26052.68
2023-04-05,S06,Казань,Электроника,Смартфон,2.0,27407.44,54814.88,40607.26
2023-02-20,S03,Москва,Одежда,Кроссовки,11.0,6696.78,73664.58,44991.17
2024-11-14,S02,Москва,Канцтовары,Степлер,10.0,513.74,5137.4,2738.36
2024-03-25,S09,Ростов-на-Дону,Продукты,Кофе 1кг,1.0,1019.25,1019.25,714.49
2024-06-26,S04,Санкт-Петербург,Электроника,Колонка,1.0,5669.93,5669.93,4178.34
2025-10-17,S09,Ростов-на-Дону,Бытовая техника,Пылесос,2.0,12070.41,24140.82,17176.11
2024-07-05,S04,Санкт-Петербург,Бытовая техника,Чайник,1.0,2910.52,2910.52,2238.0
2024-11-11,S04,Санкт-Петербург,Продукты,Шоколад,1.0,240.22,240.22,155.49
2023-10-27,S07,Екатеринбург,Электроника,Смартфон,1.0,,22596.04,17413.75
2025-08-29,S01,Москва,Электроника,Колонка,1.0,5443.97,5443.97,4195.74
2023-10-06,S06,Казань,Продукты,Кофе 1кг,3.0,1005.41,3016.23,2130.36
2024-11-10,S06,Казань,Канцтовары,Набор ручек,2.0,389.87,779.74,451.36
2024-09-13,S10,Самара,Электроника,Наушники,1.0,3387.56,3387.56,2696.37
2023-09-06,S06,Казань,Электроника,Колонка,1.0,6201.9,6201.9,4824.6
2023-12-29,S06,Казань,Одежда,Кроссовки,5.0,6569.14,32845.7,15485.75
2025-06-20,S06,Казань,Одежда,Кроссовки,1.0,7302.9,7302.9,3567.28
2023-11-10,S08,Новосибирск,Электроника,Колонка,1.0,5788.32,5788.32,4562.22
2023-09-26,S08,Новосибирск,Бытовая техника,Утюг,1.0,4530.83,4530.83,3052.28
2024-03-24,S10,Самара,Одежда,Джинсы,1.0,4520.32,4520.32,2811.03
2023-09-06,S05,Санкт-Петербург,Продукты,Чай 100п,1.0,493.08,493.08,323.12
2023-02-08,S03,Москва,Канцтовары,Набор ручек,2.0,350.46,700.92,316.68
2023-04-25,S06,Казань,Электроника,Наушники,1.0,3527.3,3527.3,2751.85
2023-04-21,S06,Казань,Продукты,Мёд 500г,2.0,552.36,1104.72,775.21
2025-11-22,S03,Москва,Канцтовары,Калькулятор,3.0,1347.61,4042.83,1783.04
2024-11-20,S08,Новосибирск,Одежда,Кроссовки,6.0,6859.07,41154.42,20698.62
2023-01-09,S08,Новосибирск,Продукты,Кофе 1кг,9.0,944.74,8502.66,5668.89
2023-05-25,S01,Москва,Одежда,Джинсы,1.0,3849.95,3849.95,2087.78
2023-11-18,S06,Казань,Канцтовары,Калькулятор,5.0,1363.05,6815.25,2945.71
2024-10-14,S08,Новосибирск,Канцтовары,Калькулятор,12.0,1092.02,13104.24,6857.5
2023-06-11,S01,Москва,Бытовая техника,Блендер,2.0,5394.97,10789.94,8340.25
2024-06-11,S02,Москва,Электроника,Смартфон,1.0,27352.52,27352.52,21171.82
2025-04-28,S08,Новосибирск,Бытовая техника,Утюг,1.0,4390.61,4390.61,3004.88
2025-03-10,S01,Москва,Канцтовары,Степлер,1.0,462.02,462.02,271.38
2024-11-21,S04,Санкт-Петербург,Продукты,Чай 100п,1.0,502.87,502.87,341.27
2025-10-01,S09,Ростов-на-Дону,Бытовая техника,Чайник,2.0,3236.24,6472.48,4762.23
2025-01-16,S05,Санкт-Петербург,Электроника,Колонка,1.0,5496.13,5496.13,4311.93
2025-02-08,S04,Санкт-Петербург,Канцтовары,Ежедневник,1.0,690.44,690.44,391.39
2025-04-01,S09,Ростов-на-Дону,Одежда,Футболка,1.0,1798.17,1798.17,1056.43
2023-10-25,S02,Москва,Электроника,Колонка,10.0,5973.82,59738.2,45450.46
2025-12-16,S07,Екатеринбург,Бытовая техника,Пылесос,7.0,12529.22,87704.54,64873.02
2024-02-10,S10,Самара,Канцтовары,Ежедневник,8.0,722.0,5776.0,2778.02
2023-08-10,S08,Новосибирск,Одежда,Джинсы,5.0,4814.29,24071.45,12063.73
2025-02-15,S03,Москва,Бытовая техника,Блендер,2.0,4736.7,9473.4,7325.93
2024-05-06,S06,Казань,Продукты,Кофе 1кг,17.0,,15086.14,10067.14
2025-04-12,S10,Самара,Канцтовары,Набор ручек,14.0,321.48,4500.72,2333.27
2023-01-29,S02,Москва,Канцтовары,Калькулятор,2.0,1326.78,2653.56,1159.58
2025-09-17,S01,Москва,Одежда,Куртка,1.0,7749.56,7749.56,3973.54
2025-11-04,S02,Москва,Электроника,Смартфон,5.0,,125643.45,92977.09
2025-12-24,S07,Екатеринбург,Одежда,Куртка,1.0,9169.77,9169.77,5268.16
2024-10-14,S05,Санкт-Петербург,Бытовая техника,Блендер,5.0,4807.8,24039.0,17809.35
2023-08-15,S09,Ростов-на-Дону,Канцтовары,Набор ручек,7.0,372.15,2605.05,1109.12
2024-10-29,S03,Москва,Канцтовары,Калькулятор,4.0,1082.77,4331.08,2446.03
2025-07-11,S09,Ростов-на-Дону,Бытовая техника,Утюг,8.0,4219.28,,24504.5
2024-09-17,S06,Казань,Одежда,Футболка,6.0,1853.25,11119.5,5633.82
2023-05-20,S07,Екатеринбург,Канцтовары,Ежедневник,2.0,695.91,1391.82,827.53
2025-04-29,S05,Санкт-Петербург,Продукты,Мёд 500г,1.0,574.25,574.25,409.98
2024-06-05,S06,Казань,Канцтовары,Степлер,1.0,410.1,410.1,194.73
2024-02-09,S06,Казань,Канцтовары,Калькулятор,1.0,1120.64,,477.75
2023-09-03,S07,Екатеринбург,Канцтовары,Ежедневник,4.0,771.64,3086.56,1316.68
2024-04-01,S05,Санкт-Петербург,Одежда,Джинсы,1.0,4649.66,4649.66,2830.35
2024-01-02,S04,Санкт-Петербург,Канцтовары,Калькулятор,1.0,1297.03,1297.03,625.31
2025-06-05,S07,Екатеринбург,Продукты,Шоколад,7.0,251.27,1758.89,1146.26
2023-04-21,S05,Санкт-Петербург,Продукты,Чай 100п,1.0,473.43,473.43,331.22
2025-04-02,S03,Москва,Одежда,Куртка,1.0,8203.0,8203.0,5012.99
2025-11-09,S03,Москва,Продукты,Кофе 1кг,1.0,838.06,838.06,572.22
2025-02-06,S01,Москва,Канцтовары,Калькулятор,2.0,1176.82,2353.64,1342.41
2023-05-17,S06,Казань,Канцтовары,Степлер,4.0,470.95,1883.8,756.1
2023-01-09,S01,Москва,Канцтовары,Степлер,,,1644.08,811.48
2023-07-18,S04,Санкт-Петербург,Одежда,Футболка,1.0,1795.4,1795.4,949.97
2025-01-27,S08,Новосибирск,Продукты,Шоколад,1.0,284.88,284.88,186.21
2025-04-19,S07,Екатеринбург,Канцтовары,Набор ручек,3.0,393.15,1179.45,640.72
2025-06-29,S03,Москва,Одежда,Кроссовки,1.0,6916.67,6916.67,4356.97
2025-09-01,S03,Москва,Бытовая техника,Утюг,9.0,5011.66,45104.94,30537.88
2023-05-16,S07,Екатеринбург,Канцтовары,Степлер,1.0,446.64,446.64,188.12
2025-08-02,S09,Ростов-на-Дону,Канцтовары,Набор ручек,1.0,328.32,328.32,178.25
2025-03-31,S01,Москва,Электроника,Наушники,1.0,3843.66,3843.66,3006.76
2023-10-29,S04,Санкт-Петербург,Канцтовары,Степлер,1.0,430.01,430.01,205.1
2025-07-20,S02,Москва,Бытовая техника,Пылесос,2.0,11587.46,23174.92,16119.67
2025-09-25,S07,Екатеринбург,Электроника,Колонка,1.0,5000.44,5000.44,3788.37
2023-03-19,S09,Ростов-на-Дону,Электроника,Смартфон,3.0,23049.16,69147.48,53445.08
2025-05-19,S07,Екатеринбург,Одежда,Куртка,1.0,8379.12,8379.12,4761.6
2025-01-24,S02,Москва,Одежда,Джинсы,1.0,4681.05,4681.05,2169.91
2023-09-20,S03,Москва,Электроника,Наушники,2.0,3664.88,7329.76,5616.72
2023-12-19,S07,Екатеринбург,Бытовая техника,Чайник,6.0,3574.62,21447.72,14859.34
2024-07-05,S05,Санкт-Петербург,Канцтовары,Ежедневник,1.0,766.56,766.56,383.66
2023-06-25,S06,Казань,Канцтовары,Ежедневник,1.0,714.89,714.89,311.93
2024-05-23,S10,Самара,Продукты,Чай 100п,3.0,429.97,1289.91,964.17
2025-10-13,S08,Новосибирск,Одежда,Куртка,1.0,8813.06,8813.06,5539.02
2025-04-21,S05,Санкт-Петербург,Канцтовары,Ежедневник,1.0,746.23,746.23,433.18
2024-12-27,S03,Москва,Канцтовары,Степлер,9.0,492.11,4428.99,2177.6
2024-12-25,S10,Самара,Продукты,Шоколад,6.0,239.43,1436.58,1000.09
2025-06-10,S03,Москва,Бытовая техника,Блендер,2.0,5522.48,11044.96,8258.93
2023-12-01,S08,Новосибирск,Электроника,Наушники,3.0,3805.77,11417.31,8537.93
2025-11-04,S10,Самара,Электроника,Планшет,,16609.21,149482.89,114106.78
2025-11-14,S04,Санкт-Петербург,Продукты,Кофе 1кг,5.0,979.28,4896.4,3257.31
2023-07-31,S04,Санкт-Петербург,Электроника,Планшет,1.0,20127.87,20127.87,15291.91
2023-06-30,S07,Екатеринбург,Канцтовары,Степлер,1.0,475.43,475.43,274.57
2023-07-09,S03,Москва,Бытовая техника,Утюг,1.0,5156.13,5156.13,3504.55
2025-04-08,S09,Ростов-на-Дону,Продукты,Кофе 1кг,1.0,923.2,923.2,606.49
2024-09-07,S04,Санкт-Петербург,Бытовая техника,Блендер,9.0,5403.41,48630.69,32668.17
2023-05-16,S01,Москва,Одежда,Джинсы,6.0,3927.93,23567.58,14315.53
2024-04-09,S08,Новосибирск,Продукты,Чай 100п,1.0,461.61,461.61,350.44
2023-09-21,S06,Казань,Одежда,Футболка,2.0,1741.06,3482.12,2102.15
2023-01-18,S01,Москва,Продукты,Шоколад,2.0,257.98,515.96,362.34
2025-09-23,S02,Москва,Бытовая техника,Чайник,1.0,3182.37,3182.37,2437.97
2024-06-28,S10,Самара,Продукты,Кофе 1кг,5.0,938.29,4691.45,3296.9
2024-10-08,S05,Санкт-Петербург,Электроника,Планшет,8.0,16259.69,130077.52,100736.02
2025-12-02,S02,Москва,Канцтовары,Калькулятор,1.0,1265.48,1265.48,593.33
2023-12-06,S04,Санкт-Петербург,Электроника,Наушники,4.0,3713.95,14855.8,11783.57
2023-10-14,S05,Санкт-Петербург,Продукты,Чай 100п,1.0,430.7,,298.53
2024-10-27,S02,Москва,Продукты,Кофе 1кг,5.0,1001.14,5005.7,3496.61
2023-08-24,S08,Новосибирск,Продукты,Чай 100п,1.0,,475.94,360.54
2025-06-30,S08,Новосибирск,Канцтовары,Ежедневник,1.0,699.13,699.13,363.29
2023-05-30,S08,Новосибирск,Электроника,Смартфон,1.0,28321.85,28321.85,21667.88
2024-01-10,S03,Москва,Бытовая техника,Утюг,1.0,4911.24,4911.24,3730.06
2023-09-04,S09,Ростов-на-Дону,Канцтовары,Ежедневник,3.0,729.12,2187.36,1164.1
2024-09-15,S07,Екатеринбург,Одежда,Кроссовки,1.0,5874.31,5874.31,3461.31
2025-12-18,S07,Екатеринбург,Электроника,Смартфон,2.0,23150.08,46300.16,37230.11
2025-04-03,S01,Москва,Электроника,Смартфон,1.0,24592.61,24592.61,20221.62
2024-10-22,S10,Самара,Одежда,Куртка,1.0,8627.46,8627.46,4947.93
2023-10-16,S05,Санкт-Петербург,Одежда,Джинсы,1.0,3885.59,3885.59,2055.44
2025-01-06,S01,Москва,Продукты,Кофе 1кг,3.0,1006.29,3018.87,2237.39
2025-09-29,S07,Екатеринбург,Электроника,Наушники,3.0,3682.79,11048.37,8645.69
2023-02-17,S09,Ростов-на-Дону,Электроника,Планшет,,17124.03,17124.03,12738.98
2023-05-03,S10,Самара,Канцтовары,Набор ручек,1.0,368.86,368.86,177.99
2024-02-04,S07,Екатеринбург,Электроника,Наушники,16.0,3253.55,52056.8,39288.41
2023-09-11,S02,Москва,Бытовая техника,Утюг,1.0,4221.03,4221.03,2906.41
2024-07-02,S08,Новосибирск,Канцтовары,Ежедневник,1.0,692.21,692.21,381.49
2025-09-01,S08,Новосибирск,Канцтовары,Набор ручек,9.0,349.24,3143.16,1675.27
2025-07-02,S06,Казань,Канцтовары,Степлер,5.0,417.32,2086.6,838.2
2025-12-21,S07,Екатеринбург,Канцтовары,Калькулятор,5.0,1184.47,5922.35,3122.38
2023-03-15,S09,Ростов-на-Дону,Канцтовары,Калькулятор,1.0,,1108.53,504.28
2023-02-08,S08,Новосибирск,Электроника,Колонка,1.0,6037.24,6037.24,4642.16
2025-10-27,S01,Москва,Продукты,Шоколад,1.0,267.71,267.71,194.67
2023-11-30,S03,Москва,Бытовая техника,Чайник,1.0,2965.07,2965.07,1988.38
2025-01-23,S03,Москва,Продукты,Чай 100п,5.0,449.06,2245.3,1467.62
2025-11-05,S03,Москва,Электроника,Колонка,1.0,5304.89,5304.89,3942.89
2023-06-18,S04,Санкт-Петербург,Канцтовары,Степлер,3.0,405.02,1215.06,702.04
2025-10-09,S06,Казань,Бытовая техника,Блендер,1.0,4773.05,4773.05,3231.7
2023-12-28,S03,Москва,Бытовая техника,Утюг,1.0,4357.04,4357.04,3144.88
2024-12-18,S01,Москва,Одежда,Куртка,3.0,8183.38,24550.14,14127.52
2024-09-10,S06,Казань,Канцтовары,Калькулятор,3.0,1273.68,3821.04,1591.0
2023-08-06,S10,Самара,Канцтовары,Калькулятор,1.0,1183.89,1183.89,556.48
2023-05-13,S10,Самара,Электроника,Планшет,1.0,20155.82,20155.82,15154.05
2025-03-12,S06,Казань,Продукты,Чай 100п,3.0,433.23,1299.69,877.56
2023-05-13,S07,Екатеринбург,Канцтовары,Ежедневник,1.0,635.74,635.74,267.63
2025-06-08,S04,Санкт-Петербург,Бытовая техника,Чайник,1.0,3676.87,3676.87,2778.85
2025-11-08,S01,Москва,Бытовая техника,Блендер,6.0,5698.18,34189.08,25171.73
2023-05-11,S10,Самара,Продукты,Шоколад,5.0,272.03,1360.15,927.43
2025-11-16,S02,Москва,Бытовая техника,Пылесос,11.0,,125346.32,90088.36
2025-11-14,S09,Ростов-на-Дону,Бытовая техника,Пылесос,,11638.78,34916.34,24075.48
2023-05-25,S04,Санкт-Петербург,Одежда,Футболка,1.0,,1816.02,922.74
2024-10-08,S04,Санкт-Петербург,Продукты,Мёд 500г,2.0,,1276.28,825.39
2023-03-06,S05,Санкт-Петербург,Бытовая техника,Утюг,1.0,4543.24,4543.24,3133.42
2023-11-15,S08,Новосибирск,Бытовая техника,Пылесос,15.0,11707.03,175605.45,130920.43
2024-10-15,S06,Казань,Канцтовары,Ежедневник,1.0,657.01,657.01,324.22
2023-11-16,S06,Казань,Продукты,Кофе 1кг,1.0,919.81,919.81,658.26
2023-10-01,S08,Новосибирск,Бытовая техника,Чайник,1.0,3529.49,3529.49,2482.18
2023-03-29,S07,Екатеринбург,Одежда,Куртка,2.0,9533.88,19067.76,11338.11
2024-11-29,S08,Новосибирск,Продукты,Шоколад,6.0,267.95,1607.7,1077.23
2024-03-25,S10,Самара,Одежда,Футболка,1.0,1640.35,1640.35,938.67
2023-07-17,S06,Казань,Продукты,Шоколад,3.0,270.66,811.98,600.86
2025-10-03,S03,Москва,Канцтовары,Калькулятор,2.0,1347.22,2694.44,1122.22
2023-12-22,S04,Санкт-Петербург,Электроника,Наушники,1.0,3990.65,3990.65,3029.16
2024-12-28,S09,Ростов-на-Дону,Канцтовары,Степлер,3.0,411.97,1235.91,536.96
2023-02-15,S03,Москва,Канцтовары,Степлер,1.0,430.63,430.63,221.74
2023-11-02,S10,Самара,Одежда,Футболка,1.0,2031.83,2031.83,1145.45
2023-05-20,S10,Самара,Продукты,Кофе 1кг,1.0,955.0,955.0,630.85
2024-07-19,S08,Новосибирск,Продукты,Кофе 1кг,1.0,829.72,829.72,541.84
2023-03-28,S09,Ростов-на-Дону,Канцтовары,Калькулятор,11.0,1145.76,12603.36,6712.81
2024-01-24,S08,Новосибирск,Канцтовары,Степлер,1.0,437.3,437.3,195.6
2025-04-05,S05,Санкт-Петербург,Электроника,Планшет,3.0,19413.55,58240.65,44843.21
2023-01-26,S06,Казань,Одежда,Футболка,5.0,1881.56,9407.8,5523.41
2024-07-20,S10,Самара,Канцтовары,Набор ручек,1.0,356.61,356.61,190.91
2024-06-18,S07,Екатеринбург,Бытовая техника,Чайник,1.0,3107.35,3107.35,2280.08
2024-05-13,S09,Ростов-на-Дону,Канцтовары,Калькулятор,1.0,1181.62,1181.62,506.23
2024-06-19,S02,Москва,Одежда,Футболка,4.0,1741.42,6965.68,3833.31
2025-02-21,S04,Санкт-Петербург,Бытовая техника,Утюг,2.0,4677.35,9354.7,7085.81
2025-08-15,S02,Москва,Электроника,Наушники,1.0,3564.96,3564.96,2827.24
2023-05-26,S03,Москва,Одежда,Кроссовки,6.0,6335.34,38012.04,19218.36
2024-04-20,S09,Ростов-на-Дону,Бытовая техника,Пылесос,1.0,12727.7,12727.7,8969.82
2023-12-30,S10,Самара,Продукты,Мёд 500г,1.0,569.91,569.91,398.69
2025-04-14,S02,Москва,Канцтовары,Степлер,5.0,452.0,2260.0,1306.43
2023-03-23,S04,Санкт-Петербург,Одежда,Джинсы,1.0,4574.47,4574.47,2768.63
2024-01-23,S10,Самара,Одежда,Куртка,4.0,8983.07,35932.28,22013.24
2024-03-21,S10,Самара,Одежда,Футболка,3.0,2040.7,6122.1,2927.83
2023-03-17,S03,Москва,Продукты,Кофе 1кг,1.0,908.29,908.29,646.13
2025-04-14,S02,Москва,Бытовая техника,Чайник,1.0,3136.99,3136.99,2344.31
2025-11-28,S10,Самара,Бытовая техника,Чайник,3.0,3180.77,,6876.03
2023-10-01,S10,Самара,Бытовая техника,Чайник,1.0,3359.5,3359.5,2272.01
2025-08-15,S01,Москва,Продукты,Шоколад,3.0,268.53,805.59,595.65
2024-11-10,S07,Екатеринбург,Канцтовары,Набор ручек,7.0,353.28,2472.96,1458.11
2025-08-22,S01,Москва,Одежда,Куртка,5.0,,40994.45,21297.92
2025-04-18,S10,Самара,Продукты,Чай 100п,2.0,507.54,1015.08,727.39
2023-09-23,S08,Новосибирск,Электроника,Смартфон,12.0,28355.8,340269.6,256532.44
2025-11-25,S05,Санкт-Петербург,Продукты,Чай 100п,5.0,416.84,2084.2,1411.76
2025-09-12,S08,Новосибирск,Продукты,Кофе 1кг,3.0,835.51,2506.53,1754.48
2025-07-11,S07,Екатеринбург,Продукты,Кофе 1кг,1.0,904.33,904.33,656.38
2024-08-14,S07,Екатеринбург,Продукты,Чай 100п,1.0,,437.67,316.95
2024-04-27,S04,Санкт-Петербург,Бытовая техника,Чайник,1.0,3227.17,3227.17,2467.35
2024-11-25,S10,Самара,Бытовая техника,Пылесос,2.0,12367.33,24734.66,17971.78
2025-03-20,S01,Москва,Канцтовары,Ежедневник,2.0,797.44,1594.88,818.9
2025-03-30,S10,Самара,Одежда,Кроссовки,1.0,6481.88,6481.88,3213.65
2025-08-04,S09,Ростов-на-Дону,Бытовая техника,Пылесос,1.0,12975.77,12975.77,8799.86
2025-09-16,S01,Москва,Бытовая техника,Пылесос,2.0,11076.85,22153.7,15827.64
2025-03-07,S05,Санкт-Петербург,Одежда,Футболка,1.0,1631.58,1631.58,808.29
2023-05-14,S03,Москва,Бытовая техника,Пылесос,1.0,11042.76,11042.76,8354.57
2025-06-28,S04,Санкт-Петербург,Бытовая техника,Чайник,1.0,3649.88,3649.88,2663.61
2025-10-28,S04,Санкт-Петербург,Одежда,Футболка,2.0,2018.1,4036.2,2271.69
2023-09-22,S05,Санкт-Петербург,Продукты,Чай 100п,1.0,508.41,508.41,365.52
2024-07-14,S06,Казань,Бытовая техника,Чайник,2.0,3105.85,6211.7,4641.89
2024-01-21,S09,Ростов-на-Дону,Одежда,Футболка,1.0,1794.21,1794.21,1094.62
2023-01-29,S10,Самара,Электроника,Наушники,1.0,3214.42,3214.42,2553.11
2024-04-25,S07,Екатеринбург,Одежда,Куртка,1.0,8415.29,8415.29,3966.53
2023-11-02,S05,Санкт-Петербург,Электроника,Колонка,1.0,6073.07,6073.07,4805.97
2025-01-05,S03,Москва,Одежда,Кроссовки,2.0,6898.66,13797.32,6983.57
2024-06-05,S08,Новосибирск,Канцтовары,Набор ручек,3.0,342.69,1028.07,606.14
2023-06-22,S09,Ростов-на-Дону,Электроника,Колонка,2.0,5826.49,11652.98,9590.38
2023-02-04,S09,Ростов-на-Дону,Электроника,Колонка,1.0,5056.54,5056.54,3993.92
2025-11-02,S06,Казань,Бытовая техника,Пылесос,1.0,12628.71,12628.71,9129.56
2024-07-28,S07,Екатеринбург,Канцтовары,Набор ручек,1.0,378.45,378.45,151.6
2025-07-04,S09,Ростов-на-Дону,Бытовая техника,Пылесос,1.0,13105.2,13105.2,9859.7
2024-04-09,S08,Новосибирск,Бытовая техника,Чайник,1.0,2950.07,2950.07,2225.4
2025-09-07,S02,Москва,Канцтовары,Степлер,2.0,478.81,957.62,442.99
2024-10-06,S09,Ростов-на-Дону,Бытовая техника,Блендер,1.0,5054.99,5054.99,3810.2
2025-01-07,S10,Самара,Одежда,Футболка,8.0,1988.37,15906.96,7941.58
2023-09-25,S01,Москва,Бытовая техника,Чайник,4.0,2950.73,11802.92,8379.19
2023-06-22,S07,Екатеринбург,Канцтовары,Ежедневник,4.0,724.55,,1488.92
2023-05-24,S08,Новосибирск,Электроника,Колонка,1.0,6043.2,6043.2,4572.67
2023-02-22,S10,Самара,Электроника,Колонка,6.0,5998.36,35990.16,27550.32
2025-07-27,S06,Казань,Продукты,Чай 100п,1.0,474.01,474.01,303.87
2023-10-31,S02,Москва,Бытовая техника,Блендер,2.0,5410.15,10820.3,7510.37
2025-01-29,S08,Новосибирск,Канцтовары,Набор ручек,4.0,336.51,1346.04,606.32
2024-05-16,S09,Ростов-на-Дону,Продукты,Чай 100п,4.0,512.34,2049.36,1359.88
2024-11-28,S06,Казань,Электроника,Наушники,4.0,3907.86,15631.44,11574.93
2024-05-03,S05,Санкт-Петербург,Канцтовары,Степлер,1.0,408.88,408.88,182.49
2024-11-24,S01,Москва,Канцтовары,Калькулятор,2.0,1282.68,2565.36,1097.23
2025-03-16,S02,Москва,Бытовая техника,Чайник,2.0,3373.99,6747.98,5231.09
2025-08-07,S08,Новосибирск,Одежда,Кроссовки,1.0,5898.41,5898.41,3695.22
2023-06-04,S09,Ростов-на-Дону,Одежда,Джинсы,6.0,4118.57,24711.42,12287.96
2024-09-15,S04,Санкт-Петербург,Продукты,Чай 100п,1.0,437.07,437.07,285.14
2025-10-21,S09,Ростов-на-Дону,Продукты,Кофе 1кг,1.0,899.96,899.96,595.3
2023-09-05,S05,Санкт-Петербург,Одежда,Джинсы,1.0,4548.36,4548.36,2623.29
2023-09-08,S07,Екатеринбург,Канцтовары,Набор ручек,8.0,348.6,2788.8,1634.22
2024-03-18,S05,Санкт-Петербург,Канцтовары,Калькулятор,7.0,1267.98,8875.86,5291.58
2025-10-29,S01,Москва,Электроника,Планшет,1.0,18908.22,18908.22,13962.17
2023-01-25,S05,Санкт-Петербург,Электроника,Планшет,5.0,16842.83,84214.15,63694.09
2023-05-28,S09,Ростов-на-Дону,Канцтовары,Степлер,7.0,502.14,3514.98,1408.24
2025-05-08,S05,Санкт-Петербург,Бытовая техника,Чайник,,2896.27,8688.81,6707.92
2024-02-02,S08,Новосибирск,Канцтовары,Набор ручек,1.0,320.98,320.98,189.63
2023-05-28,S03,Москва,Электроника,Смартфон,1.0,25424.14,25424.14,20410.15
2024-11-10,S03,Москва,Одежда,Футболка,2.0,1971.1,3942.2,2337.69
2024-03-31,S09,Ростов-на-Дону,Электроника,Планшет,9.0,18825.16,169426.44,134018.24
2023-06-10,S09,Ростов-на-Дону,Продукты,Шоколад,1.0,258.42,258.42,191.48
2024-06-17,S02,Москва,Одежда,Кроссовки,1.0,6593.98,6593.98,3543.19
2024-06-19,S06,Казань,Продукты,Чай 100п,1.0,449.05,449.05,303.79
2025-08-12,S02,Москва,Бытовая техника,Пылесос,5.0,12873.91,64369.55,43819.69
2023-05-16,S06,Казань,Одежда,Футболка,1.0,1778.05,1778.05,918.97
2024-01-17,S09,Ростов-на-Дону,Электроника,Колонка,3.0,5069.75,15209.25,12380.06
2023-11-23,S09,Ростов-на-Дону,Канцтовары,Калькулятор,12.0,1242.23,14906.76,8183.27
2023-12-08,S05,Санкт-Петербург,Продукты,Кофе 1кг,6.0,869.96,5219.76,3809.97
2023-11-22,S07,Екатеринбург,Канцтовары,Степлер,1.0,419.54,419.54,247.13
2025-02-03,S02,Москва,Электроника,Смартфон,2.0,24216.08,48432.16,38996.0
2023-10-16,S02,Москва,Одежда,Джинсы,3.0,3800.67,11402.01,6297.75
2025-01-16,S05,Санкт-Петербург,Одежда,Джинсы,2.0,4553.67,9107.34,4889.76
2024-02-08,S07,Екатеринбург,Продукты,Шоколад,3.0,269.36,808.08,557.22
2024-05-11,S10,Самара,Канцтовары,Степлер,3.0,429.67,1289.01,571.64
2025-05-23,S02,Москва,Продукты,Кофе 1кг,3.0,934.89,2804.67,1924.23
2024-11-30,S02,Москва,Бытовая техника,Чайник,1.0,3391.36,3391.36,2360.62
2025-10-15,S05,Санкт-Петербург,Электроника,Планшет,1.0,17143.99,17143.99,13425.53
2025-03-03,S04,Санкт-Петербург,Бытовая техника,Утюг,8.0,4461.49,35691.92,26381.44
2023-02-16,S02,Москва,Одежда,Куртка,1.0,9441.26,9441.26,4838.22
2024-03-06,S06,Казань,Бытовая техника,Пылесос,1.0,13466.36,13466.36,9812.11
2025-09-15,S02,Москва,Электроника,Планшет,2.0,19517.49,39034.98,30544.5
2024-08-24,S01,Москва,Электроника,Колонка,4.0,5612.93,22451.72,18063.1
2023-05-20,S07,Екатеринбург,Бытовая техника,Утюг,1.0,4695.11,4695.11,3407.15
2024-04-19,S08,Новосибирск,Бытовая техника,Блендер,1.0,4925.14,4925.14,3499.25
2025-06-03,S03,Москва,Канцтовары,Ежедневник,1.0,670.37,670.37,372.66
2024-01-08,S09,Ростов-на-Дону,Бытовая техника,Блендер,8.0,5173.12,41384.96,27879.18
2025-12-03,S01,Москва,Одежда,Кроссовки,2.0,7147.31,14294.62,7986.33
2025-12-06,S05,Санкт-Петербург,Бытовая техника,Блендер,3.0,5597.31,,11796.46
2024-06-08,S05,Санкт-Петербург,Продукты,Мёд 500г,2.0,589.54,1179.08,772.69
2023-02-01,S07,Екатеринбург,Электроника,Смартфон,3.0,25192.26,75576.78,59852.46
2025-06-02,S02,Москва,Бытовая техника,Пылесос,5.0,11194.01,55970.05,37394.57
2025-05-13,S04,Санкт-Петербург,Одежда,Куртка,4.0,9593.19,38372.76,18111.65
2024-04-20,S09,Ростов-на-Дону,Одежда,Футболка,3.0,1712.27,5136.81,2505.32
2024-06-13,S01,Москва,Одежда,Футболка,2.0,1941.87,3883.74,1888.07
2023-06-09,S06,Казань,Одежда,Кроссовки,1.0,6429.13,6429.13,4087.86
2024-06-13,S02,Москва,Электроника,Наушники,1.0,3847.58,3847.58,2883.43
2025-06-04,S04,Санкт-Петербург,Канцтовары,Калькулятор,1.0,1199.48,1199.48,594.12
2023-01-16,S10,Самара,Бытовая техника,Пылесос,2.0,12052.52,24105.04,16031.82
2025-11-16,S02,Москва,Бытовая техника,Утюг,1.0,4354.38,4354.38,2919.57
2023-08-31,S05,Санкт-Петербург,Продукты,Мёд 500г,1.0,640.05,640.05,448.83
2025-08-19,S08,Новосибирск,Электроника,Планшет,1.0,19103.18,19103.18,14126.57
2024-02-04,S03,Москва,Бытовая техника,Пылесос,2.0,11081.95,22163.9,17109.96
2025-09-06,S04,Санкт-Петербург,Канцтовары,Ежедневник,9.0,790.72,7116.48,3448.47
2024-06-15,S01,Москва,Электроника,Колонка,3.0,5402.03,16206.09,12435.71
2024-10-10,S03,Москва,Одежда,Кроссовки,5.0,6092.47,30462.35,14653.59
2025-05-21,S01,Москва,Канцтовары,Степлер,4.0,485.51,1942.04,1030.79
2025-12-06,S06,Казань,Бытовая техника,Утюг,14.0,4882.48,68354.72,51489.64
2025-08-12,S02,Москва,Бытовая техника,Утюг,,4055.72,12167.16,9375.24
2024-08-19,S08,Новосибирск,Продукты,Мёд 500г,1.0,637.36,637.36,414.25
2025-01-10,S06,Казань,Электроника,Наушники,3.0,3910.46,11731.38,9212.93
2025-08-26,S04,Санкт-Петербург,Канцтовары,Калькулятор,8.0,1266.57,10132.56,5887.2
2025-03-03,S04,Санкт-Петербург,Бытовая техника,Чайник,3.0,3122.11,9366.33,7102.23
2023-11-26,S09,Ростов-на-Дону,Продукты,Шоколад,9.0,262.06,2358.54,1600.56
2025-03-11,S02,Москва,Бытовая техника,Чайник,5.0,3245.45,16227.25,12384.73
2025-09-30,S10,Самара,Продукты,Кофе 1кг,1.0,907.31,907.31,680.98
2025-04-13,S08,Новосибирск,Продукты,Шоколад,1.0,260.87,260.87,197.29
2024-06-24,S05,Санкт-Петербург,Продукты,Мёд 500г,5.0,647.2,3236.0,2175.38
2025-12-14,S09,Ростов-на-Дону,Канцтовары,Степлер,2.0,495.25,990.5,456.84
2025-04-27,S07,Екатеринбург,Канцтовары,Ежедневник,2.0,764.39,1528.78,723.64
2023-04-23,S03,Москва,Продукты,Шоколад,2.0,246.19,492.38,356.99
2024-10-27,S08,Новосибирск,Электроника,Планшет,1.0,19865.54,19865.54,16018.47
2025-09-20,S10,Самара,Бытовая техника,Чайник,1.0,3641.24,3641.24,2460.11
2023-03-04,S08,Новосибирск,Бытовая техника,Чайник,,3403.82,3403.82,2567.2
2023-10-02,S07,Екатеринбург,Бытовая техника,Блендер,5.0,5204.52,26022.6,18017.77
2024-12-18,S04,Санкт-Петербург,Продукты,Чай 100п,2.0,476.08,952.16,690.14
2024-10-19,S03,Москва,Электроника,Планшет,2.0,17432.95,34865.9,27228.45
2024-07-28,S04,Санкт-Петербург,Электроника,Наушники,1.0,3448.46,3448.46,2625.56
2023-01-11,S02,Москва,Продукты,Шоколад,14.0,281.62,3942.68,2830.81
2024-01-13,S03,Москва,Бытовая техника,Пылесос,1.0,12186.29,12186.29,8639.93
2024-09-20,S04,Санкт-Петербург,Бытовая техника,Чайник,3.0,3353.08,10059.24,6966.36
2024-07-13,S06,Казань,Канцтовары,Степлер,1.0,508.86,508.86,231.03
2024-05-22,S09,Ростов-на-Дону,Продукты,Кофе 1кг,1.0,986.89,986.89,738.15
2024-01-06,S08,Новосибирск,Продукты,Чай 100п,1.0,415.41,415.41,305.79
2023-08-22,S06,Казань,Бытовая техника,Утюг,1.0,4207.8,4207.8,2985.74
2024-01-14,S02,Москва,Продукты,Шоколад,1.0,252.57,252.57,186.29
2025-12-19,S03,Москва,Канцтовары,Калькулятор,8.0,1296.74,10373.92,5396.22
2024-01-27,S01,Москва,Бытовая техника,Чайник,1.0,3105.46,3105.46,2396.15
2025-12-21,S10,Самара,Бытовая техника,Блендер,1.0,5263.41,5263.41,3915.08
2023-12-14,S04,Санкт-Петербург,Бытовая техника,Чайник,1.0,3656.61,3656.61,2726.31
2024-10-21,S08,Новосибирск,Канцтовары,Степлер,7.0,430.96,3016.72,1438.18
2023-04-15,S03,Москва,Продукты,Мёд 500г,2.0,575.31,1150.62,748.16
2023-01-09,S06,Казань,Электроника,Планшет,1.0,18958.25,18958.25,14061.38
2023-04-02,S02,Москва,Одежда,Футболка,1.0,1751.57,1751.57,1114.1
2025-08-05,S09,Ростов-на-Дону,Канцтовары,Калькулятор,1.0,1260.68,1260.68,560.53
2023-09-28,S08,Новосибирск,Бытовая техника,Чайник,4.0,3291.09,13164.36,9717.22
2025-04-14,S02,Москва,Бытовая техника,Пылесос,1.0,12816.45,12816.45,9754.33
2025-10-14,S06,Казань,Продукты,Чай 100п,1.0,479.63,479.63,348.38
2024-08-07,S04,Санкт-Петербург,Одежда,Кроссовки,1.0,6072.57,6072.57,3603.46
2025-04-16,S03,Москва,Электроника,Колонка,1.0,,5966.53,4751.07
2023-10-08,S03,Москва,Продукты,Шоколад,1.0,266.72,266.72,196.55
2023-03-28,S09,Ростов-на-Дону,Продукты,Кофе 1кг,1.0,875.77,875.77,593.96
2025-04-10,S07,Екатеринбург,Канцтовары,Набор ручек,8.0,381.95,3055.6,1823.69
2023-05-26,S02,Москва,Одежда,Куртка,1.0,9239.73,9239.73,5547.66
2024-02-03,S10,Самара,Продукты,Мёд 500г,1.0,679.2,679.2,445.3
2024-10-10,S08,Новосибирск,Продукты,Кофе 1кг,9.0,810.01,7290.09,4828.19
2025-01-26,S07,Екатеринбург,Бытовая техника,Утюг,1.0,4083.19,4083.19,3161.32
2025-12-29,S03,Москва,Канцтовары,Степлер,2.0,467.82,935.64,391.78
2023-03-02,S08,Новосибирск,Продукты,Мёд 500г,1.0,631.64,631.64,419.87
2023-09-03,S03,Москва,Канцтовары,Степлер,2.0,504.24,1008.48,524.81
2024-03-29,S03,Москва,Канцтовары,Калькулятор,1.0,1127.97,1127.97,545.94
2023-07-29,S10,Самара,Канцтовары,Калькулятор,,1093.17,1093.17,558.49
2025-04-18,S06,Казань,Одежда,Куртка,2.0,9568.37,19136.74,10693.33
2025-01-02,S02,Москва,Бытовая техника,Чайник,,3489.21,10467.63,8004.33
2024-11-05,S10,Самара,Одежда,Джинсы,7.0,3812.37,26686.59,17016.92
2023-05-09,S03,Москва,Канцтовары,Ежедневник,1.0,666.82,,280.5
2024-07-05,S03,Москва,Электроника,Планшет,1.0,17809.9,17809.9,14558.86
2025-11-21,S01,Москва,Продукты,Чай 100п,3.0,425.61,1276.83,920.17
2024-11-21,S10,Самара,Бытовая техника,Чайник,4.0,3263.92,13055.68,10105.79
2025-05-14,S10,Самара,Канцтовары,Набор ручек,2.0,365.05,,395.2
2025-03-14,S09,Ростов-на-Дону,Бытовая техника,Пылесос,1.0,13205.52,13205.52,8961.43
2025-06-24,S07,Екатеринбург,Канцтовары,Набор ручек,1.0,391.61,391.61,213.16
2023-04-11,S05,Санкт-Петербург,Одежда,Куртка,7.0,9675.8,67730.6,34646.43
2023-01-16,S05,Санкт-Петербург,Бытовая техника,Утюг,4.0,4383.07,17532.28,13272.55
2023-09-15,S03,Москва,Канцтовары,Степлер,2.0,475.59,951.18,454.26
2025-12-11,S01,Москва,Продукты,Чай 100п,1.0,434.7,434.7,308.83
2025-05-04,S03,Москва,Одежда,Кроссовки,2.0,6418.76,12837.52,7695.04
2023-05-19,S07,Екатеринбург,Одежда,Куртка,1.0,9306.09,9306.09,4310.03
2023-04-02,S01,Москва,Одежда,Кроссовки,,6644.7,6644.7,3164.75
2024-12-18,S02,Москва,Канцтовары,Калькулятор,1.0,1121.76,1121.76,618.02
2024-02-08,S05,Санкт-Петербург,Бытовая техника,Блендер,13.0,4963.8,64529.4,49784.93
2025-10-21,S08,Новосибирск,Продукты,Мёд 500г,1.0,662.75,662.75,457.99
2024-01-28,S10,Самара,Одежда,Кроссовки,1.0,6025.32,6025.32,3165.98
2025-02-13,S01,Москва,Канцтовары,Калькулятор,1.0,1305.0,1305.0,683.37
2024-11-25,S01,Москва,Бытовая техника,Утюг,5.0,4351.25,21756.25,15485.77
2025-11-09,S09,Ростов-на-Дону,Одежда,Куртка,2.0,7766.27,15532.54,7324.6
2024-12-03,S10,Самара,Одежда,Футболка,1.0,1861.89,1861.89,1105.27
2023-02-05,S03,Москва,Продукты,Кофе 1кг,1.0,846.36,846.36,591.55
2024-08-28,S06,Казань,Бытовая техника,Утюг,3.0,4443.1,13329.3,9541.33
2024-07-14,S09,Ростов-на-Дону,Электроника,Смартфон,1.0,22614.82,22614.82,17033.12
2024-05-30,S08,Новосибирск,Канцтовары,Калькулятор,7.0,1223.86,8567.02,3479.11
2025-05-13,S05,Санкт-Петербург,Бытовая техника,Блендер,5.0,4518.51,22592.55,16232.48
2025-02-28,S09,Ростов-на-Дону,Бытовая техника,Утюг,12.0,4566.16,54793.92,40111.68
2023-06-05,S03,Москва,Продукты,Мёд 500г,1.0,593.32,593.32,401.46
2023-11-29,S09,Ростов-на-Дону,Одежда,Куртка,15.0,8177.61,122664.15,69907.51
2024-03-04,S03,Москва,Продукты,Кофе 1кг,3.0,902.19,2706.57,2051.96
2025-10-21,S04,Санкт-Петербург,Одежда,Футболка,3.0,1991.16,5973.48,3229.57
2023-01-12,S08,Новосибирск,Электроника,Колонка,3.0,4988.29,14964.87,11268.63
2024-04-20,S05,Санкт-Петербург,Электроника,Колонка,6.0,5329.18,31975.08,23691.11
2025-07-26,S10,Самара,Канцтовары,Набор ручек,1.0,377.37,377.37,182.01
2025-08-04,S03,Москва,Одежда,Футболка,1.0,1982.21,1982.21,925.09
2025-03-17,S10,Самара,Бытовая техника,Чайник,1.0,2891.7,2891.7,2012.96
2024-05-05,S08,Новосибирск,Одежда,Куртка,1.0,9688.05,9688.05,4949.36
2024-06-27,S09,Ростов-на-Дону,Бытовая техника,Пылесос,2.0,13594.23,27188.46,20299.03
2023-06-24,S03,Москва,Электроника,Наушники,1.0,3390.44,3390.44,2596.86
2025-04-05,S10,Самара,Одежда,Футболка,3.0,1984.14,5952.42,3276.8
2023-03-03,S06,Казань,Одежда,Куртка,1.0,9608.05,9608.05,5667.06
2025-11-08,S07,Екатеринбург,Одежда,Футболка,2.0,2001.28,4002.56,2548.7
2024-05-08,S01,Москва,Бытовая техника,Пылесос,3.0,11092.1,33276.3,24534.45
2025-09-19,S01,Москва,Продукты,Чай 100п,9.0,414.95,3734.55,2425.37
2023-09-05,S07,Екатеринбург,Электроника,Колонка,5.0,5262.37,26311.85,21034.32
2023-02-22,S10,Самара,Одежда,Футболка,3.0,,4917.84,2780.33
2023-07-13,S02,Москва,Продукты,Мёд 500г,1.0,578.93,578.93,390.99
2023-05-18,S04,Санкт-Петербург,Электроника,Наушники,9.0,3624.64,32621.76,26288.91
2025-07-27,S03,Москва,Продукты,Мёд 500г,2.0,689.01,,1008.96
2025-05-25,S03,Москва,Одежда,Куртка,1.0,8988.37,8988.37,4535.25
2023-11-30,S04,Санкт-Петербург,Канцтовары,Калькулятор,8.0,1111.89,8895.12,3562.23
2024-05-28,S02,Москва,Бытовая техника,Утюг,3.0,4974.56,14923.68,10249.9
2024-04-09,S07,Екатеринбург,Электроника,Колонка,,6093.16,6093.16,4894.26
2024-11-15,S09,Ростов-на-Дону,Бытовая техника,Блендер,5.0,5115.07,25575.35,19180.37
2025-07-21,S06,Казань,Продукты,Мёд 500г,3.0,673.46,2020.38,1486.59
2024-04-03,S09,Ростов-на-Дону,Электроника,Смартфон,2.0,26746.3,53492.6,42024.14
2024-08-21,S01,Москва,Одежда,Куртка,1.0,8297.05,8297.05,5212.0
2023-08-10,S08,Новосибирск,Бытовая техника,Пылесос,2.0,12827.43,25654.86,17639.17
2023-11-18,S02,Москва,Одежда,Куртка,1.0,9067.07,9067.07,4393.79
2025-10-13,S10,Самара,Бытовая техника,Блендер,1.0,5190.83,5190.83,3643.41
2025-01-24,S06,Казань,Бытовая техника,Утюг,1.0,4166.43,4166.43,2804.32
2025-09-27,S08,Новосибирск,Одежда,Кроссовки,1.0,7104.52,7104.52,4463.51
2025-08-11,S03,Москва,Продукты,Шоколад,1.0,278.87,278.87,207.67
2024-12-24,S10,Самара,Одежда,Куртка,7.0,9353.41,65473.87,30381.09
2023-06-23,S09,Ростов-на-Дону,Одежда,Кроссовки,1.0,6668.32,6668.32,3215.9
2024-11-03,S01,Москва,Бытовая техника,Чайник,1.0,3420.5,3420.5,2416.8
2025-10-14,S01,Москва,Одежда,Куртка,8.0,7949.0,,30018.16
2023-01-24,S10,Самара,Канцтовары,Ежедневник,4.0,775.69,3102.76,1408.5
2024-08-12,S07,Екатеринбург,Электроника,Колонка,1.0,6108.24,6108.24,4723.86
2025-09-11,S09,Ростов-на-Дону,Канцтовары,Степлер,3.0,451.54,1354.62,748.62
2024-12-28,S05,Санкт-Петербург,Канцтовары,Набор ручек,5.0,342.7,1713.5,1017.32
2024-03-18,S08,Новосибирск,Канцтовары,Набор ручек,1.0,341.48,341.48,186.26
2023-03-08,S04,Санкт-Петербург,Электроника,Колонка,1.0,6037.9,6037.9,4794.23
2023-12-07,S07,Екатеринбург,Электроника,Колонка,7.0,5830.88,40816.16,31340.54
2023-12-27,S09,Ростов-на-Дону,Одежда,Джинсы,1.0,4324.64,4324.64,2012.16
2024-11-30,S02,Москва,Одежда,Куртка,1.0,9387.07,9387.07,5569.38
2025-07-09,S02,Москва,Продукты,Шоколад,1.0,268.45,268.45,190.23
2025-08-24,S07,Екатеринбург,Электроника,Планшет,2.0,19963.99,,32235.89
2023-08-19,S10,Самара,Электроника,Колонка,2.0,6136.77,12273.54,9756.0
2023-09-27,S02,Москва,Канцтовары,Калькулятор,2.0,1122.78,2245.56,1203.95
2023-06-27,S05,Санкт-Петербург,Бытовая техника,Блендер,1.0,4896.11,4896.11,3614.37
2024-06-14,S04,Санкт-Петербург,Бытовая техника,Утюг,6.0,4401.0,26406.0,17916.87
2025-06-20,S02,Москва,Одежда,Куртка,11.0,7784.67,85631.37,49835.43
2024-11-27,S02,Москва,Электроника,Планшет,5.0,17620.75,88103.75,67321.01
2023-04-26,S05,Санкт-Петербург,Одежда,Куртка,13.0,8887.54,115538.02,55498.94
2025-04-01,S07,Екатеринбург,Электроника,Смартфон,1.0,,24528.66,19356.47
2023-02-07,S05,Санкт-Петербург,Канцтовары,Ежедневник,1.0,675.54,675.54,401.47
2025-07-11,S02,Москва,Электроника,Наушники,4.0,3498.15,,10800.92
2024-09-21,S10,Самара,Канцтовары,Набор ручек,8.0,326.98,2615.84,1069.53
2024-03-17,S01,Москва,Канцтовары,Набор ручек,1.0,329.26,329.26,155.25
2025-10-28,S02,Москва,Канцтовары,Калькулятор,1.0,1262.51,1262.51,519.15
2023-08-15,S09,Ростов-на-Дону,Бытовая техника,Утюг,1.0,4913.51,4913.51,3360.43
2024-12-19,S02,Москва,Электроника,Колонка,4.0,5364.09,21456.36,16739.49
2023-08-07,S04,Санкт-Петербург,Канцтовары,Калькулятор,1.0,1185.95,1185.95,478.76
2025-03-31,S07,Екатеринбург,Одежда,Куртка,1.0,9430.98,9430.98,4727.15
2023-09-22,S05,Санкт-Петербург,Канцтовары,Ежедневник,2.0,636.24,1272.48,608.37
2025-05-16,S01,Москва,Бытовая техника,Пылесос,1.0,11700.2,11700.2,8706.31
2025-04-05,S05,Санкт-Петербург,Одежда,Куртка,1.0,9640.38,9640.38,5444.59
2024-10-02,S09,Ростов-на-Дону,Электроника,Наушники,6.0,3959.11,23754.66,19034.64
2025-06-13,S01,Москва,Электроника,Колонка,1.0,5373.09,5373.09,4392.91
2025-03-11,S05,Санкт-Петербург,Бытовая техника,Блендер,5.0,5312.04,26560.2,18654.49
2025-01-13,S06,Казань,Одежда,Футболка,1.0,1867.69,1867.69,1157.43
2025-11-06,S10,Самара,Канцтовары,Ежедневник,3.0,776.71,2330.13,1269.72
2025-12-10,S01,Москва,Бытовая техника,Утюг,9.0,,45090.09,31088.6
2025-01-21,S08,Новосибирск,Бытовая техника,Пылесос,2.0,12121.12,24242.24,16649.96
2024-07-04,S09,Ростов-на-Дону,Продукты,Мёд 500г,1.0,639.75,639.75,416.56
2025-06-18,S04,Санкт-Петербург,Одежда,Футболка,,2042.42,8169.68,3977.78
2023-08-03,S03,Москва,Канцтовары,Степлер,1.0,516.42,516.42,212.63
2025-03-13,S04,Санкт-Петербург,Канцтовары,Набор ручек,1.0,342.11,342.11,170.03
2024-07-21,S06,Казань,Канцтовары,Калькулятор,1.0,1094.57,1094.57,559.19
2024-02-23,S08,Новосибирск,Бытовая техника,Утюг,6.0,5117.93,30707.58,20709.54
2023-01-08,S05,Санкт-Петербург,Продукты,Шоколад,1.0,287.05,287.05,216.57
2025-09-06,S03,Москва,Канцтовары,Калькулятор,1.0,1199.79,1199.79,481.72
2024-02-17,S04,Санкт-Петербург,Бытовая техника,Блендер,1.0,5005.14,5005.14,3596.96
2024-01-02,S08,Новосибирск,Продукты,Чай 100п,3.0,464.6,1393.8,920.2
2024-01-19,S07,Екатеринбург,Одежда,Джинсы,1.0,4120.04,4120.04,1916.56
2025-09-13,S06,Казань,Продукты,Кофе 1кг,1.0,889.01,889.01,584.73
2024-02-09,S02,Москва,Бытовая техника,Чайник,1.0,3240.21,3240.21,2402.75
2024-08-14,S07,Екатеринбург,Продукты,Чай 100п,2.0,443.95,887.9,599.23
2024-03-10,S07,Екатеринбург,Бытовая техника,Блендер,1.0,5483.71,5483.71,4036.73
2024-12-19,S09,Ростов-на-Дону,Бытовая техника,Блендер,3.0,5032.59,15097.77,10834.76
2023-10-10,S03,Москва,Бытовая техника,Пылесос,2.0,13327.43,26654.86,18521.41
2025-10-14,S03,Москва,Одежда,Джинсы,1.0,4368.25,4368.25,2589.24
2023-07-15,S03,Москва,Канцтовары,Ежедневник,2.0,645.85,1291.7,740.58
2025-04-08,S10,Самара,Электроника,Смартфон,2.0,22656.41,45312.82,33812.01
2025-11-11,S03,Москва,Электроника,Смартфон,1.0,22943.07,22943.07,17016.73
2025-08-02,S01,Москва,Одежда,Джинсы,2.0,4101.35,8202.7,4084.18
2023-09-05,S04,Санкт-Петербург,Продукты,Чай 100п,8.0,469.19,3753.52,2653.17
2025-04-15,S03,Москва,Электроника,Смартфон,4.0,24487.56,97950.24,76989.62
2024-02-05,S10,Самара,Одежда,Куртка,3.0,8473.75,25421.25,13048.87
2025-09-12,S07,Екатеринбург,Одежда,Джинсы,8.0,3898.24,31185.92,18928.47
2024-04-11,S09,Ростов-на-Дону,Электроника,Колонка,3.0,5125.19,15375.57,12567.8
2025-03-11,S06,Казань,Бытовая техника,Утюг,13.0,4386.9,57029.7,40213.6
2023-05-02,S10,Самара,Электроника,Наушники,1.0,3437.31,3437.31,2810.15
2023-04-21,S07,Екатеринбург,Продукты,Мёд 500г,2.0,,1245.9,829.69
2024-11-15,S10,Самара,Бытовая техника,Блендер,17.0,5248.9,89231.3,68347.9
2023-08-12,S06,Казань,Одежда,Кроссовки,1.0,,6606.08,3916.02
2023-10-02,S04,Санкт-Петербург,Одежда,Куртка,1.0,8004.51,8004.51,3999.73
2025-03-25,S05,Санкт-Петербург,Канцтовары,Калькулятор,1.0,1355.73,1355.73,624.88
2025-07-19,S01,Москва,Одежда,Кроссовки,7.0,7301.17,51108.19,27977.76
2024-03-14,S03,Москва,Канцтовары,Набор ручек,6.0,402.34,2414.04,1425.09
2024-10-31,S09,Ростов-на-Дону,Электроника,Планшет,2.0,17151.84,34303.68,25890.33
2025-01-07,S07,Екатеринбург,Бытовая техника,Утюг,,,4462.56,3148.96
2024-04-04,S10,Самара,Одежда,Джинсы,2.0,4244.74,8489.48,5256.45
2025-10-11,S05,Санкт-Петербург,Бытовая техника,Утюг,7.0,4323.92,30267.44,23283.23
2023-05-13,S02,Москва,Канцтовары,Ежедневник,1.0,775.74,775.74,358.28
2025-11-29,S03,Москва,Одежда,Футболка,4.0,1776.51,7106.04,3824.25
2023-07-06,S04,Санкт-Петербург,Одежда,Джинсы,2.0,4429.71,8859.42,4871.55
2024-04-10,S03,Москва,Одежда,Джинсы,1.0,4088.45,4088.45,2248.48
2023-02-11,S09,Ростов-на-Дону,Продукты,Кофе 1кг,4.0,984.98,3939.92,2572.15
2025-10-18,S06,Казань,Одежда,Кроссовки,10.0,6150.39,61503.9,30781.23
2025-02-22,S08,Новосибирск,Одежда,Кроссовки,1.0,6473.36,6473.36,3310.18
2024-06-07,S07,Екатеринбург,Канцтовары,Степлер,1.0,514.54,514.54,229.19
2023-01-22,S06,Казань,Продукты,Кофе 1кг,1.0,988.63,988.63,745.22
2023-01-01,S09,Ростов-на-Дону,Канцтовары,Степлер,,455.56,1822.24,1067.94
2024-09-05,S01,Москва,Продукты,Мёд 500г,4.0,548.1,2192.4,1481.14
2024-10-25,S06,Казань,Одежда,Джинсы,3.0,4333.96,13001.88,7775.47
2024-02-08,S08,Новосибирск,Электроника,Колонка,8.0,6120.03,48960.24,36959.6
2024-07-28,S04,Санкт-Петербург,Электроника,Наушники,1.0,3954.87,3954.87,3138.06
2023-12-20,S07,Екатеринбург,Канцтовары,Ежедневник,2.0,683.11,1366.22,733.14
2023-02-02,S07,Екатеринбург,Одежда,Футболка,1.0,1776.64,1776.64,1136.62
2025-10-30,S03,Москва,Одежда,Куртка,5.0,8366.13,41830.65,23527.24
2023-06-20,S05,Санкт-Петербург,Одежда,Кроссовки,1.0,6139.07,6139.07,3035.83
2023-01-15,S10,Самара,Канцтовары,Ежедневник,1.0,643.34,643.34,282.17
2023-03-23,S01,Москва,Электроника,Планшет,1.0,17998.37,17998.37,13628.53
2023-03-17,S09,Ростов-на-Дону,Продукты,Кофе 1кг,2.0,1009.94,,1393.7
2023-07-19,S08,Новосибирск,Одежда,Кроссовки,1.0,6737.65,6737.65,3805.17
2025-03-24,S08,Новосибирск,Бытовая техника,Пылесос,1.0,13368.44,13368.44,10098.82
2025-01-31,S04,Санкт-Петербург,Бытовая техника,Блендер,1.0,5380.36,5380.36,3717.92
2025-12-28,S07,Екатеринбург,Канцтовары,Степлер,10.0,,4958.7,2165.88
2023-10-01,S06,Казань,Одежда,Куртка,3.0,8367.01,25101.03,11884.22
2023-05-27,S06,Казань,Бытовая техника,Блендер,2.0,5270.38,10540.76,7688.78
2023-04-12,S10,Самара,Продукты,Шоколад,3.0,235.53,706.59,472.62
2023-12-07,S05,Санкт-Петербург,Бытовая техника,Утюг,2.0,4677.42,9354.84,6651.18
2024-10-13,S05,Санкт-Петербург,Электроника,Колонка,1.0,5240.77,5240.77,4094.78
2025-10-23,S05,Санкт-Петербург,Одежда,Кроссовки,1.0,6693.51,6693.51,4252.95
2025-01-18,S04,Санкт-Петербург,Электроника,Планшет,3.0,17552.95,52658.85,41648.8
2024-02-10,S04,Санкт-Петербург,Продукты,Мёд 500г,5.0,595.72,2978.6,2195.54
2024-03-30,S10,Самара,Продукты,Кофе 1кг,4.0,921.34,3685.36,2460.16
2025-09-06,S02,Москва,Продукты,Шоколад,4.0,260.08,1040.32,765.05
2024-08-13,S01,Москва,Бытовая техника,Утюг,5.0,4112.0,20560.0,14335.77
2024-07-05,S01,Москва,Электроника,Колонка,1.0,5710.14,5710.14,4401.71
2023-03-10,S07,Екатеринбург,Канцтовары,Степлер,1.0,442.82,442.82,217.76
2024-10-11,S07,Екатеринбург,Одежда,Кроссовки,1.0,6719.88,6719.88,4286.06
2025-01-02,S04,Санкт-Петербург,Канцтовары,Степлер,3.0,454.12,1362.36,676.63
2024-01-15,S10,Самара,Продукты,Чай 100п,4.0,463.09,1852.36,1397.14
2023-09-20,S10,Самара,Бытовая техника,Блендер,3.0,5348.03,16044.09,12067.61
2023-05-08,S05,Санкт-Петербург,Одежда,Куртка,20.0,8515.59,170311.8,91242.91
2025-05-24,S02,Москва,Одежда,Джинсы,2.0,4549.25,9098.5,5485.11
2025-05-25,S09,Ростов-на-Дону,Канцтовары,Набор ручек,14.0,315.49,4416.86,2488.55
2025-10-06,S05,Санкт-Петербург,Канцтовары,Калькулятор,1.0,1171.47,1171.47,672.64
2025-05-14,S10,Самара,Одежда,Джинсы,4.0,4827.06,19308.24,11347.42
2025-11-17,S02,Москва,Канцтовары,Калькулятор,1.0,1231.9,1231.9,514.21
2024-03-15,S07,Екатеринбург,Электроника,Планшет,1.0,16624.0,16624.0,12417.85
2023-09-16,S03,Москва,Одежда,Джинсы,3.0,3941.03,11823.09,7565.9
2025-04-29,S08,Новосибирск,Одежда,Футболка,4.0,1644.45,6577.8,3833.77
2023-05-02,S03,Москва,Одежда,Куртка,4.0,9757.33,39029.32,23499.74
2025-06-17,S08,Новосибирск,Электроника,Смартфон,2.0,25057.48,50114.96,38897.96
2024-05-16,S09,Ростов-на-Дону,Продукты,Мёд 500г,1.0,545.2,545.2,354.51
2025-04-07,S10,Самара,Продукты,Чай 100п,1.0,480.85,480.85,363.44
2025-11-20,S06,Казань,Продукты,Шоколад,3.0,250.62,751.86,569.24
2023-10-05,S05,Санкт-Петербург,Электроника,Смартфон,3.0,28028.1,84084.3,66762.88
2024-03-15,S06,Казань,Одежда,Кроссовки,1.0,5986.18,5986.18,3277.23
2025-05-18,S09,Ростов-на-Дону,Электроника,Колонка,4.0,6233.26,24933.04,19024.37
2024-09-02,S06,Казань,Канцтовары,Степлер,1.0,423.47,423.47,212.26
2024-02-05,S05,Санкт-Петербург,Канцтовары,Набор ручек,1.0,354.1,354.1,209.07
2025-02-26,S07,Екатеринбург,Бытовая техника,Пылесос,2.0,12079.2,24158.4,18274.37
2025-02-02,S07,Екатеринбург,Одежда,Джинсы,3.0,3798.6,11395.8,7248.8
2025-02-15,S08,Новосибирск,Бытовая техника,Блендер,1.0,5488.44,5488.44,4216.86
2024-03-24,S08,Новосибирск,Одежда,Футболка,1.0,2059.24,2059.24,1240.78
2024-01-14,S02,Москва,Одежда,Кроссовки,1.0,6334.34,6334.34,3713.82
2023-07-01,S09,Ростов-на-Дону,Канцтовары,Ежедневник,3.0,697.77,2093.31,1049.63
2025-07-16,S07,Екатеринбург,Одежда,Куртка,1.0,8199.61,8199.61,4903.78
2025-11-02,S02,Москва,Продукты,Кофе 1кг,6.0,897.15,5382.9,3949.3
2024-10-18,S08,Новосибирск,Продукты,Мёд 500г,1.0,651.61,651.61,480.81
2024-09-23,S08,Новосибирск,Электроника,Смартфон,5.0,27633.68,138168.4,107952.58
2024-04-12,S04,Санкт-Петербург,Электроника,Наушники,3.0,3299.53,9898.59,7346.88
2024-01-03,S06,Казань,Канцтовары,Степлер,1.0,430.86,430.86,196.88
2023-02-15,S10,Самара,Электроника,Наушники,1.0,3157.28,3157.28,2575.86
2024-06-08,S10,Самара,Электроника,Колонка,2.0,6047.66,12095.32,9219.38
2023-02-06,S04,Санкт-Петербург,Канцтовары,Набор ручек,6.0,330.56,1983.36,1014.72
2024-06-25,S07,Екатеринбург,Одежда,Футболка,,1696.23,3392.46,1732.13
2025-11-25,S03,Москва,Одежда,Кроссовки,1.0,6401.73,6401.73,3513.46
2025-03-26,S04,Санкт-Петербург,Канцтовары,Ежедневник,1.0,751.36,751.36,324.68
2025-08-29,S08,Новосибирск,Бытовая техника,Чайник,1.0,3101.9,3101.9,2245.98
2025-08-26,S01,Москва,Продукты,Шоколад,1.0,249.81,249.81,171.85
2024-11-07,S05,Санкт-Петербург,Электроника,Смартфон,6.0,28172.6,169035.6,131989.88
2025-12-30,S03,Москва,Бытовая техника,Утюг,1.0,5007.83,5007.83,3686.35
2024-02-09,S10,Самара,Бытовая техника,Блендер,1.0,5492.75,5492.75,3900.52
2023-09-16,S05,Санкт-Петербург,Одежда,Куртка,2.0,,19303.1,9465.5
2023-08-31,S08,Новосибирск,Электроника,Планшет,1.0,17976.49,17976.49,13419.5
2023-02-23,S07,Екатеринбург,Продукты,Чай 100п,,454.07,454.07,300.63
2023-06-11,S03,Москва,Продукты,Кофе 1кг,1.0,920.7,920.7,679.65
2023-05-12,S09,Ростов-на-Дону,Электроника,Смартфон,,25307.18,25307.18,20650.15
2023-11-24,S04,Санкт-Петербург,Продукты,Шоколад,1.0,254.14,254.14,171.75
2025-12-27,S04,Санкт-Петербург,Канцтовары,Калькулятор,9.0,1343.87,12094.83,6679.26
2025-01-09,S09,Ростов-на-Дону,Продукты,Чай 100п,1.0,516.74,516.74,345.53
2025-07-28,S05,Санкт-Петербург,Продукты,Чай 100п,1.0,466.15,466.15,306.67
2025-12-22,S09,Ростов-на-Дону,Продукты,Мёд 500г,1.0,664.41,664.41,435.37
2023-09-10,S05,Санкт-Петербург,Бытовая техника,Утюг,3.0,5007.61,15022.83,10148.05
2024-05-10,S03,Москва,Электроника,Колонка,2.0,5266.77,10533.54,7939.77
2024-12-30,S09,Ростов-на-Дону,Канцтовары,Степлер,7.0,431.28,3018.96,1443.93
2023-10-25,S10,Самара,Канцтовары,Ежедневник,1.0,658.55,658.55,350.1
2023-09-01,S06,Казань,Продукты,Чай 100п,1.0,497.64,497.64,358.25
2025-06-05,S07,Екатеринбург,Продукты,Чай 100п,1.0,473.11,473.11,321.37
2025-06-29,S08,Новосибирск,Одежда,Джинсы,4.0,4036.67,16146.68,8548.15
2024-01-15,S08,Новосибирск,Продукты,Шоколад,9.0,280.87,2527.83,1892.38
2024-11-11,S06,Казань,Бытовая техника,Пылесос,8.0,11754.79,94038.32,66181.43
2024-08-16,S03,Москва,Продукты,Кофе 1кг,1.0,833.83,833.83,553.2
2025-03-21,S10,Самара,Одежда,Джинсы,4.0,4086.51,16346.04,9041.51
2025-03-20,S04,Санкт-Петербург,Канцтовары,Набор ручек,1.0,378.53,378.53,164.37
2025-12-24,S02,Москва,Электроника,Планшет,2.0,18873.59,37747.18,27881.86
2025-09-25,S04,Санкт-Петербург,Канцтовары,Набор ручек,1.0,321.34,321.34,180.37
2024-04-12,S04,Санкт-Петербург,Канцтовары,Калькулятор,1.0,1259.02,1259.02,689.31
2024-08-23,S10,Самара,Бытовая техника,Чайник,5.0,2942.81,14714.05,11289.76
2025-03-16,S04,Санкт-Петербург,Бытовая техника,Чайник,1.0,3086.13,3086.13,2244.76
2024-03-30,S08,Новосибирск,Бытовая техника,Блендер,7.0,5216.75,36517.25,24949.38
2023-07-07,S04,Санкт-Петербург,Продукты,Шоколад,1.0,277.31,277.31,204.54
2025-07-11,S10,Самара,Одежда,Футболка,1.0,1737.02,1737.02,816.86
2025-10-20,S06,Казань,Электроника,Смартфон,2.0,24141.46,48282.92,36623.74
2023-03-09,S06,Казань,Канцтовары,Ежедневник,2.0,796.95,1593.9,665.03
2025-05-16,S07,Екатеринбург,Бытовая техника,Утюг,3.0,4717.9,14153.7,10197.71
2025-05-05,S03,Москва,Продукты,Мёд 500г,1.0,622.59,622.59,443.45
2024-08-06,S01,Москва,Канцтовары,Ежедневник,1.0,749.08,749.08,303.42
2023-09-07,S09,Ростов-на-Дону,Канцтовары,Степлер,4.0,440.46,1761.84,1026.65
2023-02-10,S08,Новосибирск,Электроника,Смартфон,5.0,23947.49,119737.45,94477.65
2024-09-17,S08,Новосибирск,Продукты,Кофе 1кг,3.0,820.59,2461.77,1616.07
2023-12-29,S06,Казань,Канцтовары,Набор ручек,1.0,361.38,361.38,199.0
2023-09-17,S10,Самара,Электроника,Наушники,1.0,3221.22,3221.22,2533.12
2023-03-28,S01,Москва,Бытовая техника,Утюг,1.0,4569.57,4569.57,3539.2
2024-04-14,S09,Ростов-на-Дону,Канцтовары,Ежедневник,1.0,786.07,786.07,375.14
2023-08-27,S10,Самара,Бытовая техника,Блендер,9.0,4997.11,44973.99,32158.64
2024-11-14,S06,Казань,Канцтовары,Набор ручек,1.0,339.64,339.64,167.02
2024-07-13,S05,Санкт-Петербург,Продукты,Чай 100п,1.0,500.24,500.24,378.28
2024-03-22,S09,Ростов-на-Дону,Продукты,Кофе 1кг,5.0,958.41,4792.05,3598.46
2023-07-16,S02,Москва,Одежда,Куртка,1.0,8596.21,8596.21,4243.51
2024-10-25,S06,Казань,Одежда,Футболка,4.0,1918.37,7673.48,4302.07
2024-04-10,S03,Москва,Бытовая техника,Пылесос,2.0,12537.8,25075.6,18877.59
2024-04-02,S03,Москва,Канцтовары,Калькулятор,2.0,1355.48,2710.96,1191.17
2023-11-05,S10,Самара,Бытовая техника,Чайник,12.0,3653.02,43836.24,29769.72
2024-09-28,S03,Москва,Продукты,Шоколад,1.0,226.55,226.55,161.09
2023-03-21,S08,Новосибирск,Бытовая техника,Блендер,6.0,5184.13,31104.78,23222.06
2024-05-29,S01,Москва,Электроника,Планшет,1.0,16952.86,16952.86,12966.72
2025-06-13,S03,Москва,Электроника,Колонка,,5955.94,5955.94,4876.06
2023-10-09,S03,Москва,Продукты,Кофе 1кг,6.0,889.44,5336.64,3449.74
2025-03-16,S06,Казань,Бытовая техника,Утюг,1.0,4156.68,4156.68,3208.56
2025-11-18,S08,Новосибирск,Электроника,Наушники,1.0,3946.85,3946.85,3170.27
2025-02-08,S06,Казань,Продукты,Шоколад,3.0,243.94,731.82,525.45
2025-12-24,S04,Санкт-Петербург,Канцтовары,Степлер,5.0,409.84,2049.2,892.09
2024-10-29,S02,Москва,Канцтовары,Набор ручек,1.0,367.78,367.78,170.42
2024-10-26,S05,Санкт-Петербург,Канцтовары,Степлер,2.0,470.23,940.46,389.21
2023-02-09,S04,Санкт-Петербург,Одежда,Куртка,3.0,9288.64,27865.92,17073.81
2023-08-30,S05,Санкт-Петербург,Продукты,Кофе 1кг,1.0,848.88,848.88,638.88
2023-11-20,S09,Ростов-на-Дону,Канцтовары,Степлер,1.0,485.62,485.62,265.36
2023-09-12,S04,Санкт-Петербург,Канцтовары,Ежедневник,1.0,712.98,712.98,339.86
2025-06-02,S03,Москва,Электроника,Смартфон,1.0,28130.42,28130.42,21758.14
2024-12-02,S09,Ростов-на-Дону,Канцтовары,Калькулятор,1.0,1298.85,1298.85,681.37
2025-09-19,S08,Новосибирск,Бытовая техника,Утюг,2.0,5098.63,10197.26,7117.43
2024-04-01,S07,Екатеринбург,Бытовая техника,Утюг,1.0,4170.55,4170.55,2961.1
2025-03-16,S03,Москва,Продукты,Шоколад,4.0,231.55,926.2,683.65
2025-10-25,S10,Самара,Бытовая техника,Пылесос,3.0,11283.66,33850.98,22586.43
2023-06-14,S07,Екатеринбург,Электроника,Смартфон,2.0,26852.27,53704.54,43115.08
2025-03-12,S07,Екатеринбург,Одежда,Джинсы,2.0,,8136.46,5088.46
2025-08-18,S02,Москва,Бытовая техника,Чайник,6.0,3362.91,20177.46,15544.66
2025-09-12,S02,Москва,Канцтовары,Степлер,1.0,415.53,415.53,176.72
2024-10-09,S08,Новосибирск,Продукты,Мёд 500г,10.0,676.83,6768.3,4610.99
2023-12-29,S01,Москва,Канцтовары,Калькулятор,5.0,1201.69,6008.45,3524.44
2025-02-16,S07,Екатеринбург,Электроника,Планшет,1.0,18701.13,18701.13,14894.87
2025-02-22,S05,Санкт-Петербург,Одежда,Джинсы,1.0,4694.37,4694.37,2676.46
2025-12-15,S02,Москва,Продукты,Кофе 1кг,1.0,960.15,960.15,692.08
2023-06-20,S10,Самара,Продукты,Шоколад,4.0,278.89,1115.56,716.11
2025-08-27,S10,Самара,Одежда,Кроссовки,1.0,6924.13,6924.13,3503.95
2025-10-18,S05,Санкт-Петербург,Продукты,Кофе 1кг,1.0,885.79,885.79,575.6
2023-01-09,S04,Санкт-Петербург,Канцтовары,Степлер,3.0,449.68,1349.04,744.25
2025-01-18,S02,Москва,Электроника,Наушники,1.0,3793.75,3793.75,3077.55
2024-08-27,S06,Казань,Канцтовары,Калькулятор,3.0,1213.57,3640.71,1718.7
2023-09-01,S07,Екатеринбург,Продукты,Шоколад,4.0,255.56,1022.24,707.11
2023-09-01,S06,Казань,Канцтовары,Набор ручек,3.0,317.69,953.07,399.25
2023-04-17,S08,Новосибирск,Бытовая техника,Утюг,4.0,4050.89,16203.56,12415.03
2025-12-24,S03,Москва,Одежда,Куртка,13.0,7979.01,103727.13,52633.6
2023-11-15,S07,Екатеринбург,Электроника,Наушники,4.0,3635.76,14543.04,11301.5
2025-01-21,S07,Екатеринбург,Бытовая техника,Утюг,9.0,4524.76,40722.84,27591.0
2025-04-16,S08,Новосибирск,Продукты,Шоколад,1.0,285.25,285.25,215.46
2024-07-26,S05,Санкт-Петербург,Одежда,Куртка,1.0,7810.78,7810.78,4869.32
2023-07-30,S07,Екатеринбург,Продукты,Мёд 500г,1.0,611.12,611.12,460.92
2025-10-22,S09,Ростов-на-Дону,Бытовая техника,Блендер,8.0,5066.1,40528.8,28378.11
2023-09-27,S01,Москва,Продукты,Чай 100п,1.0,477.18,,317.54
2024-08-06,S07,Екатеринбург,Одежда,Кроссовки,8.0,6558.99,52471.92,25703.63
2023-10-29,S08,Новосибирск,Канцтовары,Калькулятор,3.0,1087.63,,1375.15
2024-12-27,S02,Москва,Электроника,Планшет,3.0,19487.93,58463.79,47864.74
2023-09-13,S01,Москва,Бытовая техника,Блендер,1.0,4896.57,4896.57,3508.61
2023-04-06,S08,Новосибирск,Канцтовары,Калькулятор,1.0,1326.07,1326.07,770.32
2024-04-21,S05,Санкт-Петербург,Канцтовары,Степлер,1.0,484.72,484.72,287.42
2025-08-11,S07,Екатеринбург,Продукты,Чай 100п,1.0,424.1,424.1,300.99
2023-02-28,S01,Москва,Бытовая техника,Пылесос,,,11131.81,7398.59
2023-08-03,S08,Новосибирск,Электроника,Наушники,13.0,3853.1,50090.3,40160.68
2025-10-24,S07,Екатеринбург,Одежда,Джинсы,2.0,4041.98,8083.96,4774.47
2024-03-19,S05,Санкт-Петербург,Продукты,Чай 100п,1.0,463.95,463.95,351.16
2024-05-26,S06,Казань,Бытовая техника,Пылесос,2.0,12537.34,25074.68,18320.12
2025-02-05,S04,Санкт-Петербург,Канцтовары,Степлер,1.0,453.89,453.89,203.32
2023-01-03,S04,Санкт-Петербург,Продукты,Мёд 500г,4.0,610.32,2441.28,1585.21
2024-04-26,S04,Санкт-Петербург,Одежда,Джинсы,1.0,4090.15,4090.15,1922.57
2024-07-13,S09,Ростов-на-Дону,Канцтовары,Набор ручек,1.0,370.85,370.85,173.77
2025-03-20,S02,Москва,Электроника,Планшет,8.0,19238.96,153911.68,123614.22
2024-10-20,S10,Самара,Электроника,Колонка,2.0,5881.08,11762.16,9364.37
2023-06-05,S09,Ростов-на-Дону,Канцтовары,Степлер,3.0,474.22,,707.65
2025-05-03,S10,Самара,Электроника,Наушники,1.0,3619.88,3619.88,2838.0
2024-08-02,S08,Новосибирск,Канцтовары,Степлер,4.0,500.17,2000.68,1009.75
2024-02-19,S03,Москва,Продукты,Шоколад,1.0,254.8,254.8,192.76
2025-11-17,S04,Санкт-Петербург,Бытовая техника,Блендер,1.0,5508.47,5508.47,4265.3
2024-07-15,S07,Екатеринбург,Электроника,Смартфон,1.0,26932.02,26932.02,20434.36
2023-01-31,S07,Екатеринбург,Электроника,Наушники,1.0,3763.69,3763.69,3084.88
2024-02-07,S10,Самара,Электроника,Колонка,1.0,5520.84,5520.84,4458.07
2024-07-12,S07,Екатеринбург,Канцтовары,Калькулятор,1.0,1305.56,1305.56,692.4
2025-12-28,S09,Ростов-на-Дону,Одежда,Джинсы,35.0,4470.74,156475.9,98786.65
2025-10-25,S02,Москва,Бытовая техника,Пылесос,1.0,11331.03,11331.03,8639.78
2024-08-15,S07,Екатеринбург,Электроника,Смартфон,,24122.52,24122.52,19077.91
2025-11-10,S05,Санкт-Петербург,Одежда,Кроссовки,1.0,7326.49,7326.49,3502.82
2025-04-26,S08,Новосибирск,Одежда,Футболка,1.0,1997.36,1997.36,930.29
2024-07-19,S08,Новосибирск,Одежда,Куртка,2.0,8842.44,17684.88,10282.43
2024-09-26,S09,Ростов-на-Дону,Продукты,Кофе 1кг,1.0,,1001.74,721.77
2023-04-23,S09,Ростов-на-Дону,Продукты,Кофе 1кг,1.0,968.6,968.6,632.14
2025-02-07,S07,Екатеринбург,Продукты,Шоколад,2.0,258.12,516.24,362.46
2023-03-24,S10,Самара,Бытовая техника,Утюг,1.0,4210.04,4210.04,2866.41
2025-08-31,S02,Москва,Продукты,Шоколад,1.0,252.06,252.06,166.68
2023-10-17,S04,Санкт-Петербург,Продукты,Кофе 1кг,2.0,930.8,1861.6,1329.05
2025-02-08,S06,Казань,Канцтовары,Калькулятор,2.0,1357.31,2714.62,1312.25
2023-01-27,S02,Москва,Электроника,Колонка,1.0,5733.73,5733.73,4720.14
2025-06-27,S03,Москва,Канцтовары,Ежедневник,3.0,796.21,2388.63,1140.13
2025-09-03,S10,Самара,Электроника,Смартфон,1.0,26259.71,26259.71,19987.07
2024-04-29,S10,Самара,Канцтовары,Набор ручек,1.0,398.64,398.64,168.35
2023-08-13,S09,Ростов-на-Дону,Канцтовары,Калькулятор,7.0,1156.05,8092.35,3389.17
2025-04-23,S07,Екатеринбург,Канцтовары,Набор ручек,2.0,352.31,704.62,419.6
2025-03-30,S08,Новосибирск,Электроника,Смартфон,4.0,28009.22,112036.88,86862.94
2024-01-07,S09,Ростов-на-Дону,Продукты,Шоколад,4.0,266.76,1067.04,736.53
2024-09-14,S01,Москва,Продукты,Кофе 1кг,5.0,852.02,,2845.69
2023-11-09,S04,Санкт-Петербург,Бытовая техника,Утюг,2.0,5072.28,10144.56,7787.03
2023-04-07,S06,Казань,Продукты,Шоколад,1.0,241.0,241.0,174.58
2024-08-15,S02,Москва,Одежда,Кроссовки,1.0,5889.69,5889.69,3416.43
2023-02-03,S08,Новосибирск,Одежда,Джинсы,4.0,4326.32,,9455.1
2024-10-20,S04,Санкт-Петербург,Продукты,Мёд 500г,1.0,636.82,636.82,412.11
2023-10-02,S02,Москва,Продукты,Кофе 1кг,1.0,,949.94,634.38
2025-02-24,S03,Москва,Продукты,Мёд 500г,8.0,597.44,4779.52,3294.33
2025-05-06,S09,Ростов-на-Дону,Одежда,Джинсы,3.0,3944.02,11832.06,6296.14
2024-07-13,S02,Москва,Продукты,Чай 100п,1.0,419.23,419.23,274.45
2025-08-27,S04,Санкт-Петербург,Канцтовары,Степлер,2.0,422.33,844.66,475.94
2024-05-16,S04,Санкт-Петербург,Бытовая техника,Чайник,1.0,3027.4,3027.4,2149.96
2025-09-13,S03,Москва,Канцтовары,Ежедневник,1.0,633.31,633.31,264.11
2025-12-29,S09,Ростов-на-Дону,Бытовая техника,Чайник,1.0,3295.25,3295.25,2261.73
2025-03-08,S02,Москва,Бытовая техника,Утюг,1.0,4073.52,4073.52,3135.27
2024-04-27,S06,Казань,Продукты,Чай 100п,1.0,503.35,503.35,356.82
2023-10-26,S02,Москва,Продукты,Кофе 1кг,1.0,905.57,905.57,623.35
2024-04-28,S06,Казань,Канцтовары,Степлер,8.0,496.78,3974.24,1716.14
2024-06-18,S10,Самара,Электроника,Смартфон,7.0,27558.01,192906.07,156567.71
2024-04-25,S01,Москва,Канцтовары,Набор ручек,1.0,340.72,340.72,139.8
2023-07-10,S03,Москва,Бытовая техника,Пылесос,1.0,12337.96,12337.96,9280.41
2025-01-02,S05,Санкт-Петербург,Канцтовары,Степлер,1.0,509.53,509.53,298.98
2024-11-10,S01,Москва,Канцтовары,Набор ручек,13.0,372.63,4844.19,2061.54
2024-11-18,S09,Ростов-на-Дону,Канцтовары,Набор ручек,1.0,340.26,340.26,159.89
2025-04-28,S07,Екатеринбург,Канцтовары,Калькулятор,3.0,1145.04,3435.12,1394.2
2024-09-25,S06,Казань,Продукты,Мёд 500г,1.0,591.55,591.55,430.76
2024-11-20,S01,Москва,Бытовая техника,Пылесос,,11718.18,11718.18,8663.88
2023-05-12,S09,Ростов-на-Дону,Канцтовары,Ежедневник,5.0,698.68,3493.4,1789.23
2024-11-22,S09,Ростов-на-Дону,Канцтовары,Калькулятор,1.0,1136.68,1136.68,669.88
2024-10-18,S02,Москва,Продукты,Шоколад,2.0,261.66,523.32,346.19
2025-08-26,S05,Санкт-Петербург,Продукты,Мёд 500г,2.0,588.3,1176.6,854.9
2024-09-12,S09,Ростов-на-Дону,Одежда,Кроссовки,1.0,6282.25,6282.25,3390.32
2025-11-19,S06,Казань,Электроника,Колонка,1.0,5849.67,5849.67,4695.38
2024-07-26,S06,Казань,Одежда,Футболка,1.0,1683.01,1683.01,782.81
2024-09-29,S04,Санкт-Петербург,Одежда,Джинсы,2.0,4480.98,8961.96,4697.51
2025-08-25,S06,Казань,Одежда,Футболка,1.0,1727.42,1727.42,982.68
2023-05-13,S07,Екатеринбург,Электроника,Наушники,2.0,3260.37,6520.74,5218.81
2023-03-02,S06,Казань,Канцтовары,Калькулятор,1.0,1276.43,1276.43,695.91
2024-08-14,S01,Москва,Бытовая техника,Утюг,1.0,5172.97,5172.97,3928.44
2023-04-03,S06,Казань,Бытовая техника,Чайник,4.0,3548.33,14193.32,10414.74
2023-06-05,S07,Екатеринбург,Продукты,Чай 100п,1.0,494.72,494.72,338.87
2024-06-30,S07,Екатеринбург,Электроника,Колонка,1.0,5970.77,5970.77,4448.25
2023-11-25,S10,Самара,Электроника,Планшет,4.0,18929.98,75719.92,62252.9
2025-07-04,S01,Москва,Продукты,Чай 100п,1.0,463.98,463.98,335.38
2025-09-18,S04,Санкт-Петербург,Бытовая техника,Чайник,13.0,2897.77,37671.01,29057.91
2024-08-26,S03,Москва,Бытовая техника,Утюг,1.0,5125.55,5125.55,3914.7
2024-10-06,S02,Москва,Одежда,Кроссовки,1.0,5851.04,5851.04,3232.22
2025-05-19,S08,Новосибирск,Продукты,Кофе 1кг,9.0,1003.13,9028.17,6320.76
2024-06-02,S09,Ростов-на-Дону,Бытовая техника,Чайник,3.0,3203.46,9610.38,6580.56
2024-02-12,S01,Москва,Канцтовары,Калькулятор,3.0,1275.5,3826.5,1769.35
2024-10-18,S07,Екатеринбург,Одежда,Кроссовки,1.0,6575.87,6575.87,3231.88
2024-09-23,S04,Санкт-Петербург,Канцтовары,Степлер,2.0,509.13,1018.26,476.12
2023-09-16,S01,Москва,Продукты,Шоколад,1.0,283.61,283.61,196.19
2025-11-12,S08,Новосибирск,Электроника,Колонка,1.0,5092.33,5092.33,4150.75
2024-04-16,S08,Новосибирск,Продукты,Шоколад,7.0,256.37,1794.59,1209.43
2025-06-16,S08,Новосибирск,Канцтовары,Степлер,5.0,430.7,2153.5,1277.75
2024-02-29,S06,Казань,Продукты,Шоколад,1.0,243.06,243.06,180.16
2025-05-08,S07,Екатеринбург,Канцтовары,Калькулятор,2.0,1097.86,2195.72,1015.92
2023-12-14,S01,Москва,Одежда,Футболка,17.0,1710.01,29070.17,16773.5
2023-02-15,S06,Казань,Канцтовары,Ежедневник,1.0,714.58,714.58,406.67
2023-07-17,S07,Екатеринбург,Продукты,Мёд 500г,1.0,580.94,580.94,412.53
2025-08-04,S06,Казань,Электроника,Планшет,1.0,18230.82,18230.82,13650.55
2024-12-05,S10,Самара,Канцтовары,Набор ручек,9.0,369.69,3327.21,1462.34
2023-12-05,S02,Москва,Канцтовары,Степлер,1.0,453.3,453.3,256.7
2024-08-27,S10,Самара,Одежда,Джинсы,1.0,,,2278.66
2023-07-16,S03,Москва,Продукты,Шоколад,1.0,238.73,238.73,159.03
2024-11-05,S07,Екатеринбург,Канцтовары,Набор ручек,4.0,384.41,1537.64,716.59
2025-06-09,S01,Москва,Канцтовары,Ежедневник,2.0,776.41,1552.82,740.95
2024-07-10,S09,Ростов-на-Дону,Канцтовары,Ежедневник,3.0,648.52,1945.56,1093.71
2025-08-23,S03,Москва,Одежда,Футболка,1.0,1774.23,1774.23,931.29
2024-11-04,S10,Самара,Бытовая техника,Пылесос,4.0,11229.84,44919.36,33381.57
2025-11-05,S05,Санкт-Петербург,Одежда,Кроссовки,4.0,7227.3,28909.2,13651.55
2024-09-15,S05,Санкт-Петербург,Продукты,Чай 100п,1.0,508.76,508.76,326.49
2024-01-11,S10,Самара,Канцтовары,Степлер,1.0,405.01,405.01,211.45
2023-07-30,S06,Казань,Канцтовары,Степлер,,493.3,1479.9,654.53
2023-11-05,S07,Екатеринбург,Электроника,Смартфон,10.0,27919.25,279192.5,220107.64
2024-04-24,S01,Москва,Канцтовары,Калькулятор,5.0,1113.15,5565.75,2405.3
2024-04-22,S07,Екатеринбург,Продукты,Мёд 500г,4.0,689.65,2758.6,1862.5
2023-04-06,S07,Екатеринбург,Одежда,Футболка,1.0,1900.58,1900.58,927.5
2023-08-19,S05,Санкт-Петербург,Одежда,Джинсы,1.0,4047.49,4047.49,2076.32
2023-07-14,S04,Санкт-Петербург,Бытовая техника,Утюг,1.0,4293.28,4293.28,3189.07
2024-12-21,S10,Самара,Продукты,Чай 100п,4.0,418.67,1674.68,1155.77
2025-05-06,S02,Москва,Продукты,Мёд 500г,1.0,562.46,562.46,417.14
2025-10-01,S07,Екатеринбург,Бытовая техника,Чайник,1.0,3252.58,3252.58,2352.86
2025-08-22,S06,Казань,Бытовая техника,Пылесос,3.0,11975.73,35927.19,27101.15
2023-06-15,S01,Москва,Одежда,Футболка,2.0,2032.41,4064.82,1986.64
2025-03-07,S01,Москва,Продукты,Чай 100п,1.0,425.25,425.25,317.92
2024-05-29,S06,Казань,Одежда,Футболка,1.0,1652.7,1652.7,954.26
2024-04-19,S10,Самара,Электроника,Наушники,2.0,3263.72,6527.44,5144.62
2025-06-12,S02,Москва,Бытовая техника,Утюг,1.0,4249.27,4249.27,3085.46
2023-07-29,S08,Новосибирск,Электроника,Наушники,1.0,3555.81,3555.81,2883.33
2025-05-04,S09,Ростов-на-Дону,Одежда,Футболка,1.0,1778.32,1778.32,940.66
2023-05-07,S01,Москва,Бытовая техника,Утюг,7.0,4512.4,31586.8,21985.31
2024-08-10,S04,Санкт-Петербург,Канцтовары,Степлер,6.0,406.24,2437.44,1168.36
2024-03-04,S02,Москва,Бытовая техника,Пылесос,1.0,13572.93,13572.93,10092.89
2023-03-11,S06,Казань,Электроника,Колонка,1.0,5206.55,5206.55,3923.35
2023-09-05,S02,Москва,Одежда,Футболка,1.0,1959.56,1959.56,1064.22
2024-06-09,S10,Самара,Бытовая техника,Утюг,3.0,4647.67,13943.01,10722.42
2023-11-20,S03,Москва,Продукты,Шоколад,4.0,282.35,1129.4,724.07
2025-05-21,S06,Казань,Канцтовары,Калькулятор,1.0,1275.57,1275.57,718.55
2023-10-29,S01,Москва,Продукты,Чай 100п,1.0,494.22,,317.34
2025-02-25,S04,Санкт-Петербург,Продукты,Чай 100п,6.0,457.71,2746.26,1807.45
2024-02-07,S07,Екатеринбург,Канцтовары,Степлер,6.0,478.68,2872.08,1600.34
2023-05-27,S04,Санкт-Петербург,Одежда,Куртка,2.0,7887.86,15775.72,8482.32
2024-05-18,S01,Москва,Электроника,Колонка,1.0,5080.97,5080.97,3836.58
2025-04-24,S08,Новосибирск,Электроника,Наушники,1.0,3341.37,3341.37,2714.78
2023-05-18,S03,Москва,Электроника,Колонка,,6312.18,25248.72,19822.22
2024-07-25,S01,Москва,Одежда,Джинсы,5.0,3820.35,19101.75,10638.42
2023-03-20,S07,Екатеринбург,Одежда,Футболка,1.0,1782.39,1782.39,1079.01
2025-03-10,S09,Ростов-на-Дону,Бытовая техника,Чайник,2.0,3004.62,6009.24,4604.32
2024-10-06,S01,Москва,Одежда,Кроссовки,6.0,6929.36,,20516.06
2025-05-19,S05,Санкт-Петербург,Электроника,Планшет,4.0,18876.81,75507.24,62002.39
2025-10-11,S03,Москва,Продукты,Чай 100п,1.0,432.84,432.84,319.25
2024-03-29,S03,Москва,Канцтовары,Набор ручек,8.0,382.79,3062.32,1775.88
2024-07-30,S02,Москва,Одежда,Кроссовки,1.0,6158.4,6158.4,3302.25
2025-04-04,S05,Санкт-Петербург,Продукты,Мёд 500г,1.0,659.08,659.08,458.39
2023-04-08,S07,Екатеринбург,Канцтовары,Степлер,1.0,429.18,429.18,235.0
2024-06-19,S07,Екатеринбург,Продукты,Чай 100п,1.0,467.5,467.5,331.88
2024-07-26,S03,Москва,Продукты,Кофе 1кг,1.0,972.9,972.9,633.22
2023-07-26,S01,Москва,Канцтовары,Ежедневник,1.0,776.23,776.23,341.2
2023-11-30,S09,Ростов-на-Дону,Бытовая техника,Утюг,6.0,5065.76,30394.56,21312.84
2024-12-30,S10,Самара,Бытовая техника,Пылесос,3.0,10951.73,32855.19,24406.44
2024-11-17,S05,Санкт-Петербург,Бытовая техника,Чайник,4.0,3505.43,14021.72,10179.86
2024-02-20,S04,Санкт-Петербург,Электроника,Наушники,1.0,3375.84,3375.84,2742.1
2023-07-20,S01,Москва,Бытовая техника,Утюг,1.0,4740.3,4740.3,3419.58
2024-02-21,S06,Казань,Продукты,Шоколад,1.0,259.84,259.84,177.19
2023-12-09,S04,Санкт-Петербург,Канцтовары,Ежедневник,4.0,703.34,2813.36,1398.97
2024-11-28,S02,Москва,Бытовая техника,Блендер,1.0,4950.43,4950.43,3590.24
2025-05-29,S03,Москва,Продукты,Кофе 1кг,1.0,955.3,955.3,707.44
2023-12-05,S05,Санкт-Петербург,Электроника,Смартфон,9.0,26990.34,242913.06,196328.53
2023-11-26,S02,Москва,Продукты,Шоколад,2.0,244.53,489.06,337.13
2024-12-19,S02,Москва,Бытовая техника,Утюг,5.0,4070.65,20353.25,14384.02
2024-02-14,S03,Москва,Продукты,Кофе 1кг,2.0,985.97,1971.94,1350.82
2024-11-11,S01,Москва,Электроника,Смартфон,11.0,26403.49,290438.39,218068.38
2023-06-16,S09,Ростов-на-Дону,Бытовая техника,Утюг,,4243.17,4243.17,3154.89
2023-03-19,S03,Москва,Одежда,Кроссовки,1.0,6903.75,6903.75,3303.23
2025-01-08,S10,Самара,Электроника,Смартфон,5.0,27455.64,137278.2,110615.55
2023-08-09,S10,Самара,Бытовая техника,Утюг,1.0,4346.33,4346.33,3131.57
2023-04-22,S10,Самара,Электроника,Колонка,2.0,6277.07,12554.14,10221.28
2023-10-20,S04,Санкт-Петербург,Одежда,Джинсы,1.0,4370.08,4370.08,2528.71
2023-11-20,S01,Москва,Электроника,Наушники,1.0,3796.01,3796.01,2872.33
2024-03-10,S01,Москва,Одежда,Футболка,1.0,2067.98,,1191.31
2023-06-28,S01,Москва,Бытовая техника,Чайник,3.0,3389.82,10169.46,7094.48
2023-09-27,S06,Казань,Электроника,Смартфон,3.0,27674.59,83023.77,64908.46
2023-05-24,S07,Екатеринбург,Бытовая техника,Блендер,2.0,4775.61,9551.22,6800.28
2023-08-14,S06,Казань,Продукты,Мёд 500г,1.0,,,408.23
2024-04-24,S06,Казань,Канцтовары,Ежедневник,3.0,756.47,2269.41,1300.63
2023-07-06,S09,Ростов-на-Дону,Канцтовары,Набор ручек,1.0,398.25,398.25,193.73
2024-12-27,S02,Москва,Электроника,Смартфон,10.0,26467.73,264677.3,208166.48
2025-04-27,S10,Самара,Одежда,Кроссовки,6.0,5879.69,35278.14,21338.01
2024-07-14,S08,Новосибирск,Бытовая техника,Блендер,1.0,4802.09,4802.09,3425.25
2023-03-27,S10,Самара,Продукты,Кофе 1кг,12.0,854.43,10253.16,6886.53
2024-05-18,S03,Москва,Одежда,Куртка,1.0,7990.73,7990.73,4565.62
2023-09-12,S05,Санкт-Петербург,Одежда,Кроссовки,1.0,6976.47,6976.47,4227.15
2025-10-28,S08,Новосибирск,Бытовая техника,Блендер,1.0,5659.54,5659.54,4040.2
2025-03-04,S05,Санкт-Петербург,Бытовая техника,Утюг,1.0,5128.96,5128.96,3849.47
2024-11-06,S01,Москва,Канцтовары,Набор ручек,1.0,402.14,402.14,162.27
2025-11-15,S03,Москва,Бытовая техника,Блендер,1.0,4843.22,4843.22,3313.07
2023-02-07,S09,Ростов-на-Дону,Бытовая техника,Чайник,5.0,3326.95,16634.75,11052.94
2023-04-14,S06,Казань,Электроника,Колонка,1.0,5803.41,5803.41,4580.21
2024-09-23,S07,Екатеринбург,Электроника,Наушники,1.0,3169.66,3169.66,2460.72
2025-08-23,S06,Казань,Продукты,Мёд 500г,3.0,557.65,1672.95,1207.27
2025-06-29,S01,Москва,Одежда,Кроссовки,2.0,6526.96,13053.92,7627.43
2024-11-27,S02,Москва,Бытовая техника,Утюг,2.0,5066.98,10133.96,7028.7
2025-05-28,S08,Новосибирск,Одежда,Футболка,4.0,1912.66,7650.64,3864.23
2024-07-29,S05,Санкт-Петербург,Одежда,Кроссовки,11.0,6204.08,68244.88,38099.73
2025-09-04,S01,Москва,Канцтовары,Степлер,4.0,453.26,1813.04,814.22
2024-05-05,S05,Санкт-Петербург,Бытовая техника,Утюг,1.0,4607.45,4607.45,3397.05
2023-01-02,S01,Москва,Электроника,Смартфон,1.0,24691.42,24691.42,20174.99
2025-11-01,S05,Санкт-Петербург,Продукты,Кофе 1кг,3.0,889.42,2668.26,1920.92
2023-06-05,S08,Новосибирск,Одежда,Джинсы,,4535.03,4535.03,2163.37
2023-04-21,S09,Ростов-на-Дону,Продукты,Чай 100п,,483.49,483.49,327.04
2023-12-04,S01,Москва,Продукты,Чай 100п,1.0,501.47,501.47,359.31
2024-01-10,S08,Новосибирск,Продукты,Кофе 1кг,1.0,1032.11,1032.11,718.52
2023-01-20,S01,Москва,Продукты,Мёд 500г,1.0,589.36,589.36,411.7
2025-05-07,S08,Новосибирск,Бытовая техника,Чайник,4.0,3075.69,12302.76,8829.31
2024-09-17,S10,Самара,Канцтовары,Ежедневник,1.0,789.17,789.17,344.13
2025-01-28,S03,Москва,Продукты,Шоколад,1.0,226.23,226.23,150.22
2024-02-23,S02,Москва,Продукты,Кофе 1кг,1.0,852.66,852.66,579.03
2024-04-12,S02,Москва,Одежда,Джинсы,3.0,4440.68,13322.04,6820.86
2023-02-19,S04,Санкт-Петербург,Продукты,Чай 100п,1.0,506.77,506.77,371.53
2024-05-07,S03,Москва,Продукты,Мёд 500г,2.0,543.14,1086.28,738.14
2023-04-28,S02,Москва,Электроника,Планшет,4.0,16515.16,66060.64,50935.2
2023-08-15,S04,Санкт-Петербург,Одежда,Кроссовки,1.0,6240.52,6240.52,2966.5
2023-12-27,S04,Санкт-Петербург,Канцтовары,Набор ручек,3.0,344.14,1032.42,536.1
2023-03-08,S07,Екатеринбург,Канцтовары,Набор ручек,,329.9,329.9,183.9
2025-09-10,S04,Санкт-Петербург,Бытовая техника,Чайник,1.0,3300.29,3300.29,2194.46
2023-04-24,S02,Москва,Электроника,Наушники,2.0,3910.29,7820.58,6423.25
2023-06-23,S04,Санкт-Петербург,Одежда,Куртка,3.0,9096.28,27288.84,13460.57
2024-04-22,S07,Екатеринбург,Одежда,Кроссовки,2.0,6455.88,12911.76,7303.59
2023-12-24,S03,Москва,Продукты,Мёд 500г,3.0,577.48,1732.44,1170.82
2023-08-08,S01,Москва,Канцтовары,Степлер,1.0,478.61,478.61,245.02
2025-03-10,S03,Москва,Канцтовары,Ежедневник,1.0,724.46,724.46,351.0
2024-03-12,S02,Москва,Одежда,Футболка,3.0,1901.99,5705.97,2954.11
2025-02-28,S09,Ростов-на-Дону,Одежда,Футболка,3.0,2066.3,6198.9,3744.98
2024-02-09,S03,Москва,Канцтовары,Степлер,3.0,409.39,1228.17,657.56
2024-02-29,S01,Москва,Одежда,Куртка,1.0,8128.8,8128.8,3957.82
2024-12-18,S01,Москва,Канцтовары,Степлер,1.0,512.46,512.46,274.32
2024-08-30,S07,Екатеринбург,Электроника,Наушники,4.0,3578.16,14312.64,11669.23
2024-07-25,S05,Санкт-Петербург,Канцтовары,Ежедневник,,794.01,1588.02,931.27
2024-05-31,S06,Казань,Одежда,Куртка,8.0,9430.99,75447.92,39007.73
2024-11-20,S02,Москва,Электроника,Колонка,2.0,6183.97,12367.94,9513.19
2025-01-01,S10,Самара,Электроника,Планшет,2.0,20563.76,41127.52,32631.33
2023-10-04,S06,Казань,Продукты,Чай 100п,1.0,450.44,450.44,313.01
2025-03-21,S10,Самара,Электроника,Наушники,3.0,3861.91,11585.73,9292.98
2024-08-09,S08,Новосибирск,Продукты,Чай 100п,1.0,516.36,516.36,366.54
2023-05-24,S03,Москва,Продукты,Чай 100п,5.0,430.7,2153.5,1560.27
2023-01-16,S07,Екатеринбург,Канцтовары,Калькулятор,6.0,1286.73,7720.38,3773.43
2025-08-30,S10,Самара,Одежда,Кроссовки,1.0,6604.11,6604.11,3532.7
2023-08-19,S09,Ростов-на-Дону,Электроника,Колонка,3.0,5358.3,16074.9,13104.98
2023-07-12,S10,Самара,Канцтовары,Калькулятор,1.0,1175.49,1175.49,503.21
2023-11-28,S06,Казань,Бытовая техника,Пылесос,3.0,13121.64,39364.92,26612.16
2024-04-21,S01,Москва,Бытовая техника,Пылесос,2.0,13782.86,27565.72,20865.71
2025-06-17,S05,Санкт-Петербург,Канцтовары,Набор ручек,1.0,318.55,,140.74
2024-12-31,S10,Самара,Бытовая техника,Утюг,4.0,4922.34,19689.36,13601.43
2025-09-10,S01,Москва,Продукты,Шоколад,2.0,285.75,571.5,410.37
2023-07-29,S08,Новосибирск,Электроника,Планшет,7.0,20631.81,144422.67,113249.38
2025-11-29,S07,Екатеринбург,Продукты,Чай 100п,1.0,508.97,508.97,351.31
2023-04-10,S05,Санкт-Петербург,Электроника,Смартфон,2.0,24174.64,48349.28,37432.72
2023-12-30,S01,Москва,Электроника,Наушники,4.0,3605.84,14423.36,11771.73
2024-02-03,S03,Москва,Канцтовары,Набор ручек,4.0,363.03,1452.12,858.56
2024-09-08,S04,Санкт-Петербург,Одежда,Футболка,5.0,1778.5,8892.5,5057.26
2025-11-09,S01,Москва,Электроника,Смартфон,2.0,25257.15,50514.3,40287.4
2023-08-09,S10,Самара,Канцтовары,Калькулятор,1.0,1146.03,1146.03,602.23
2023-01-19,S08,Новосибирск,Бытовая техника,Блендер,1.0,5304.21,5304.21,4084.97
2025-11-19,S02,Москва,Бытовая техника,Блендер,1.0,5437.69,5437.69,3711.44
2024-06-08,S08,Новосибирск,Одежда,Джинсы,2.0,3796.34,7592.68,4265.08
2024-12-04,S05,Санкт-Петербург,Электроника,Смартфон,4.0,26917.96,107671.84,87315.98
2025-08-24,S09,Ростов-на-Дону,Электроника,Планшет,3.0,20671.98,62015.94,45903.01
2023-01-25,S04,Санкт-Петербург,Одежда,Футболка,2.0,1911.97,3823.94,2045.21
2023-09-04,S09,Ростов-на-Дону,Электроника,Смартфон,10.0,23570.57,235705.7,183291.18
2024-04-22,S01,Москва,Канцтовары,Степлер,9.0,449.21,4042.89,2089.54
2023-01-23,S10,Самара,Продукты,Мёд 500г,1.0,676.78,676.78,506.17
2024-01-20,S01,Москва,Электроника,Планшет,8.0,19299.43,154395.44,117097.24
2023-07-14,S07,Екатеринбург,Канцтовары,Калькулятор,6.0,1104.5,6627.0,3544.35
2023-07-09,S01,Москва,Электроника,Смартфон,1.0,26548.06,26548.06,21051.92
2025-12-03,S10,Самара,Канцтовары,Степлер,17.0,411.14,6989.38,3477.06
2025-07-05,S03,Москва,Бытовая техника,Чайник,1.0,3238.95,3238.95,2378.02
2025-03-01,S09,Ростов-на-Дону,Бытовая техника,Чайник,7.0,2926.55,20485.85,14882.08
2025-09-17,S03,Москва,Одежда,Куртка,,7957.98,7957.98,3783.11
2025-12-11,S01,Москва,Одежда,Футболка,8.0,1733.31,13866.48,8661.72
2025-05-17,S10,Самара,Продукты,Кофе 1кг,1.0,975.65,975.65,635.41
2024-05-12,S09,Ростов-на-Дону,Электроника,Смартфон,7.0,24532.63,171728.41,135197.21
2024-05-16,S10,Самара,Бытовая техника,Чайник,1.0,2913.57,2913.57,2228.76
2023-12-13,S05,Санкт-Петербург,Канцтовары,Калькулятор,1.0,1172.93,1172.93,575.18
2025-08-30,S09,Ростов-на-Дону,Одежда,Кроссовки,2.0,6232.4,12464.8,5830.54
2025-07-12,S04,Санкт-Петербург,Одежда,Джинсы,1.0,4806.15,4806.15,2502.1
2025-02-28,S04,Санкт-Петербург,Бытовая техника,Чайник,2.0,,6841.58,5299.32
2023-03-20,S05,Санкт-Петербург,Продукты,Шоколад,1.0,236.76,236.76,152.38
2025-03-24,S04,Санкт-Петербург,Канцтовары,Ежедневник,1.0,645.5,645.5,325.36
2023-04-10,S05,Санкт-Петербург,Канцтовары,Степлер,2.0,486.08,972.16,563.92
2023-07-20,S09,Ростов-на-Дону,Продукты,Мёд 500г,4.0,661.57,2646.28,1880.48
2025-01-23,S08,Новосибирск,Бытовая техника,Блендер,4.0,5076.15,20304.6,13514.53
2024-05-24,S07,Екатеринбург,Одежда,Джинсы,1.0,4285.41,4285.41,2542.25
2023-01-08,S08,Новосибирск,Одежда,Футболка,8.0,1688.47,13507.76,6474.23
2023-09-25,S09,Ростов-на-Дону,Продукты,Шоколад,3.0,246.71,740.13,529.38
2023-06-05,S02,Москва,Канцтовары,Набор ручек,1.0,398.04,398.04,164.52
2025-01-07,S05,Санкт-Петербург,Одежда,Кроссовки,4.0,6032.82,24131.28,14249.09
2024-12-06,S03,Москва,Продукты,Чай 100п,10.0,405.92,4059.2,2631.44
2023-02-09,S08,Новосибирск,Электроника,Планшет,8.0,16298.79,130390.32,97083.27
2024-08-29,S03,Москва,Канцтовары,Калькулятор,4.0,1358.29,5433.16,3015.66
2023-08-10,S07,Екатеринбург,Канцтовары,Ежедневник,1.0,717.9,717.9,329.46
2024-12-26,S07,Екатеринбург,Продукты,Чай 100п,1.0,496.18,496.18,333.54
2025-08-15,S09,Ростов-на-Дону,Бытовая техника,Блендер,7.0,4540.78,31785.46,21369.91
2025-03-07,S05,Санкт-Петербург,Электроника,Колонка,2.0,5497.59,10995.18,8414.25
2025-04-27,S03,Москва,Канцтовары,Калькулятор,1.0,1349.16,1349.16,672.68
2023-01-19,S07,Екатеринбург,Канцтовары,Ежедневник,3.0,782.83,2348.49,1051.6
2024-07-26,S10,Самара,Электроника,Наушники,,3206.33,3206.33,2523.79
2024-08-21,S03,Москва,Продукты,Шоколад,8.0,266.94,2135.52,1425.77
2024-01-07,S01,Москва,Одежда,Футболка,6.0,1946.4,11678.4,5425.8
2023-08-28,S10,Самара,Электроника,Смартфон,1.0,23524.5,23524.5,19092.57
2023-08-19,S03,Москва,Электроника,Колонка,1.0,5337.66,5337.66,4317.86
2024-04-21,S08,Новосибирск,Бытовая техника,Утюг,1.0,4387.15,4387.15,3011.54
2024-08-16,S04,Санкт-Петербург,Продукты,Чай 100п,2.0,463.77,,632.56
2025-06-22,S07,Екатеринбург,Продукты,Чай 100п,1.0,441.17,441.17,323.32
2023-09-18,S01,Москва,Бытовая техника,Блендер,1.0,4995.82,4995.82,3745.45
2023-05-10,S05,Санкт-Петербург,Одежда,Куртка,2.0,8993.85,17987.7,11121.2
2024-10-09,S08,Новосибирск,Продукты,Шоколад,3.0,269.18,807.54,538.99
2024-03-17,S09,Ростов-на-Дону,Бытовая техника,Утюг,5.0,4232.98,21164.9,14796.0
2025-10-30,S03,Москва,Продукты,Мёд 500г,4.0,662.61,2650.44,1996.65
2024-12-03,S01,Москва,Электроника,Смартфон,2.0,26227.46,52454.92,39497.22
2025-02-05,S07,Екатеринбург,Канцтовары,Набор ручек,4.0,370.94,1483.76,622.24
2023-02-27,S04,Санкт-Петербург,Одежда,Кроссовки,1.0,6732.41,6732.41,3780.81
2024-10-16,S04,Санкт-Петербург,Продукты,Кофе 1кг,1.0,1004.66,1004.66,693.46
2023-03-18,S09,Ростов-на-Дону,Бытовая техника,Чайник,1.0,2908.47,2908.47,2008.09
2023-12-19,S09,Ростов-на-Дону,Бытовая техника,Чайник,2.0,3610.58,7221.16,4932.69
2025-02-19,S01,Москва,Электроника,Наушники,5.0,3654.59,18272.95,14988.53
2023-03-10,S10,Самара,Электроника,Наушники,2.0,3559.26,7118.52,5597.33
2024-04-28,S08,Новосибирск,Продукты,Шоколад,1.0,286.62,286.62,213.35
2024-03-31,S07,Екатеринбург,Продукты,Мёд 500г,12.0,670.0,8040.0,5601.15
2023-12-06,S05,Санкт-Петербург,Канцтовары,Набор ручек,10.0,386.54,3865.4,1659.62
2023-05-12,S08,Новосибирск,Канцтовары,Ежедневник,1.0,726.42,726.42,291.82
2024-06-17,S02,Москва,Одежда,Куртка,1.0,9106.26,9106.26,4246.04
2023-02-20,S09,Ростов-на-Дону,Электроника,Колонка,1.0,5688.66,5688.66,4301.05
2024-04-05,S07,Екатеринбург,Продукты,Мёд 500г,12.0,591.28,7095.36,4678.45
2023-12-10,S09,Ростов-на-Дону,Продукты,Кофе 1кг,2.0,955.14,1910.28,1382.11
2023-05-27,S04,Санкт-Петербург,Бытовая техника,Чайник,1.0,3432.75,3432.75,2303.67
2024-12-18,S03,Москва,Электроника,Смартфон,5.0,23512.29,117561.45,87282.44
2025-01-25,S06,Казань,Продукты,Чай 100п,2.0,504.18,1008.36,672.62
2024-03-26,S01,Москва,Бытовая техника,Чайник,16.0,3136.39,50182.24,34189.07
2025-03-26,S10,Самара,Канцтовары,Степлер,11.0,484.59,5330.49,2949.79
2025-04-11,S02,Москва,Канцтовары,Набор ручек,2.0,393.11,786.22,370.19
2024-01-04,S03,Москва,Продукты,Мёд 500г,5.0,,2793.3,1916.46
2023-06-15,S01,Москва,Бытовая техника,Чайник,1.0,3141.95,3141.95,2354.78
2025-04-03,S01,Москва,Канцтовары,Ежедневник,11.0,770.37,8474.07,4142.12
2023-12-04,S07,Екатеринбург,Одежда,Джинсы,8.0,4625.34,37002.72,17469.43
2024-03-04,S04,Санкт-Петербург,Электроника,Планшет,1.0,19404.32,19404.32,15853.26
2023-03-29,S04,Санкт-Петербург,Канцтовары,Набор ручек,1.0,318.54,318.54,178.19
2023-09-30,S10,Самара,Одежда,Джинсы,1.0,,4503.06,2491.73
2024-03-09,S06,Казань,Электроника,Колонка,1.0,5761.48,5761.48,4645.61
2023-11-27,S01,Москва,Канцтовары,Степлер,6.0,513.82,3082.92,1292.92
2025-01-22,S10,Самара,Продукты,Мёд 500г,1.0,592.52,592.52,381.41
2025-01-28,S03,Москва,Продукты,Шоколад,14.0,250.65,3509.1,2619.74
2025-03-19,S05,Санкт-Петербург,Канцтовары,Ежедневник,1.0,703.7,703.7,350.34
2023-08-17,S04,Санкт-Петербург,Продукты,Кофе 1кг,4.0,862.17,3448.68,2387.95
2023-11-14,S02,Москва,Канцтовары,Степлер,1.0,516.48,,270.72
2025-10-28,S08,Новосибирск,Электроника,Планшет,1.0,19423.46,19423.46,15883.13
2024-09-19,S10,Самара,Электроника,Наушники,1.0,3527.07,3527.07,2770.35
2023-08-07,S01,Москва,Бытовая техника,Утюг,4.0,4790.19,19160.76,13479.17
2024-10-19,S02,Москва,Канцтовары,Набор ручек,3.0,352.49,1057.47,460.11
2023-02-27,S02,Москва,Электроника,Планшет,7.0,17463.97,122247.79,97460.62
2025-06-10,S08,Новосибирск,Бытовая техника,Утюг,1.0,4738.51,4738.51,3504.01
2023-04-08,S02,Москва,Продукты,Чай 100п,1.0,431.39,431.39,298.1
2023-06-15,S08,Новосибирск,Одежда,Футболка,2.0,,3512.18,1739.64
2023-07-30,S09,Ростов-на-Дону,Продукты,Мёд 500г,3.0,555.6,1666.8,1202.74
2024-12-12,S08,Новосибирск,Канцтовары,Набор ручек,4.0,375.29,1501.16,695.46
2024-09-11,S07,Екатеринбург,Бытовая техника,Пылесос,3.0,11777.12,35331.36,27121.69
2023-09-07,S04,Санкт-Петербург,Электроника,Смартфон,1.0,26147.53,26147.53,20728.41
2025-03-28,S04,Санкт-Петербург,Продукты,Мёд 500г,4.0,570.81,2283.24,1543.55
2023-10-28,S10,Самара,Канцтовары,Ежедневник,2.0,740.59,1481.18,849.17
2023-07-16,S02,Москва,Бытовая техника,Чайник,2.0,3393.39,6786.78,4785.93
2025-05-23,S04,Санкт-Петербург,Одежда,Футболка,3.0,1975.25,5925.75,3142.57
2024-12-15,S09,Ростов-на-Дону,Продукты,Чай 100п,10.0,486.64,4866.4,3432.19
2025-02-23,S09,Ростов-на-Дону,Канцтовары,Калькулятор,1.0,1205.3,1205.3,575.46
2024-12-22,S08,Новосибирск,Продукты,Мёд 500г,5.0,683.57,3417.85,2353.11
2023-11-17,S05,Санкт-Петербург,Электроника,Смартфон,2.0,23229.35,46458.7,35804.0
2024-07-17,S08,Новосибирск,Электроника,Наушники,1.0,3553.5,3553.5,2774.75
2024-09-15,S02,Москва,Продукты,Кофе 1кг,5.0,948.17,4740.85,3379.81
2024-02-28,S04,Санкт-Петербург,Электроника,Смартфон,5.0,22860.88,114304.4,93592.85
2025-10-20,S08,Новосибирск,Продукты,Мёд 500г,1.0,629.17,629.17,475.53
2025-02-23,S01,Москва,Электроника,Наушники,1.0,3531.03,3531.03,2696.12
2024-03-09,S02,Москва,Канцтовары,Степлер,1.0,474.21,474.21,224.52
2023-04-28,S02,Москва,Продукты,Шоколад,3.0,244.9,734.7,533.01
2024-09-02,S03,Москва,Электроника,Колонка,6.0,5417.19,,25224.17
2025-06-15,S07,Екатеринбург,Канцтовары,Калькулятор,1.0,1105.17,1105.17,613.36
2025-03-06,S09,Ростов-на-Дону,Электроника,Колонка,3.0,5856.17,17568.51,13028.62
2025-11-15,S09,Ростов-на-Дону,Одежда,Джинсы,6.0,3972.74,23836.44,13415.17
2023-02-16,S04,Санкт-Петербург,Бытовая техника,Утюг,4.0,5100.59,20402.36,13919.13
2024-07-28,S06,Казань,Одежда,Джинсы,1.0,3812.03,3812.03,1875.26
2024-06-11,S06,Казань,Продукты,Кофе 1кг,1.0,,938.73,683.16
2024-12-24,S09,Ростов-на-Дону,Бытовая техника,Пылесос,1.0,13093.69,13093.69,9610.04
2025-02-10,S10,Самара,Канцтовары,Ежедневник,1.0,666.47,666.47,314.78
2024-05-09,S01,Москва,Продукты,Шоколад,9.0,273.83,2464.47,1647.18
2024-07-16,S01,Москва,Бытовая техника,Утюг,4.0,4143.8,16575.2,11724.34
2024-08-18,S10,Самара,Бытовая техника,Пылесос,1.0,13721.81,13721.81,9384.63
2023-07-14,S10,Самара,Продукты,Кофе 1кг,3.0,1022.38,3067.14,2329.04
2023-02-01,S08,Новосибирск,Продукты,Мёд 500г,3.0,657.84,1973.52,1333.75
2024-04-22,S09,Ростов-на-Дону,Одежда,Кроссовки,1.0,6055.03,6055.03,3317.17
2023-11-21,S10,Самара,Бытовая техника,Блендер,1.0,5301.97,5301.97,3858.88
2023-10-07,S08,Новосибирск,Электроника,Колонка,1.0,5392.29,5392.29,4264.64
2025-03-05,S03,Москва,Продукты,Мёд 500г,4.0,,2482.72,1793.11
2025-11-03,S02,Москва,Бытовая техника,Пылесос,5.0,13267.6,66338.0,47373.29
2023-07-07,S09,Ростов-на-Дону,Бытовая техника,Блендер,1.0,5090.08,5090.08,3788.71
2024-04-04,S09,Ростов-на-Дону,Электроника,Наушники,1.0,3330.77,3330.77,2501.42
2025-10-07,S03,Москва,Бытовая техника,Утюг,1.0,4939.34,4939.34,3531.11
2024-10-07,S03,Москва,Бытовая техника,Блендер,6.0,5735.08,34410.48,24191.02
2023-11-27,S08,Новосибирск,Электроника,Планшет,2.0,19711.69,39423.38,31104.08
2025-02-11,S03,Москва,Канцтовары,Степлер,7.0,437.04,3059.28,1376.11
2024-03-19,S01,Москва,Бытовая техника,Утюг,2.0,4980.23,9960.46,6879.04
2025-03-16,S10,Самара,Электроника,Смартфон,,28663.63,143318.15,112608.19
2023-06-18,S09,Ростов-на-Дону,Электроника,Наушники,1.0,3393.87,3393.87,2738.11
2025-02-04,S07,Екатеринбург,Канцтовары,Степлер,2.0,496.15,992.3,540.17
2024-10-29,S02,Москва,Одежда,Кроссовки,2.0,6106.12,12212.24,6182.56
2023-01-22,S02,Москва,Бытовая техника,Утюг,5.0,4760.39,23801.95,16874.65
2024-09-15,S02,Москва,Электроника,Колонка,1.0,6199.0,,4852.6
2024-01-22,S08,Новосибирск,Одежда,Куртка,2.0,9126.63,18253.26,10207.34
2025-11-18,S10,Самара,Канцтовары,Набор ручек,1.0,371.81,371.81,220.58
2024-05-01,S06,Казань,Одежда,Джинсы,1.0,4310.28,4310.28,2656.31
2023-04-07,S07,Екатеринбург,Одежда,Кроссовки,5.0,7286.9,36434.5,20410.69
2023-07-10,S09,Ростов-на-Дону,Канцтовары,Калькулятор,1.0,1146.2,,490.78
2025-12-22,S08,Новосибирск,Электроника,Планшет,1.0,18879.23,18879.23,14310.52
2023-12-28,S09,Ростов-на-Дону,Одежда,Куртка,4.0,9310.31,37241.24,22849.24
2023-05-04,S10,Самара,Электроника,Планшет,1.0,17723.49,17723.49,13647.81
2024-08-23,S06,Казань,Электроника,Колонка,1.0,5879.04,5879.04,4453.08
2023-05-26,S01,Москва,Одежда,Футболка,1.0,1719.51,1719.51,930.99
2023-02-26,S08,Новосибирск,Канцтовары,Калькулятор,1.0,1240.07,1240.07,684.21
2025-06-09,S10,Самара,Электроника,Колонка,1.0,6260.48,6260.48,5063.63
2023-08-17,S02,Москва,Продукты,Кофе 1кг,1.0,857.45,857.45,557.24
2025-02-11,S08,Новосибирск,Канцтовары,Ежедневник,2.0,688.94,,668.19
2024-06-05,S10,Самара,Электроника,Смартфон,4.0,27449.32,109797.28,85813.15
2023-05-13,S01,Москва,Одежда,Кроссовки,1.0,6568.01,6568.01,3321.04
2023-12-23,S05,Санкт-Петербург,Бытовая техника,Блендер,1.0,4608.48,4608.48,3491.05
2024-03-14,S02,Москва,Одежда,Футболка,1.0,2067.11,2067.11,1072.67
2025-01-02,S10,Самара,Бытовая техника,Пылесос,3.0,10852.7,32558.1,23595.32
2025-02-23,S09,Ростов-на-Дону,Канцтовары,Набор ручек,1.0,330.69,330.69,196.75
2023-12-29,S10,Самара,Продукты,Чай 100п,1.0,440.24,440.24,308.81
2023-06-24,S08,Новосибирск,Электроника,Планшет,1.0,,17137.62,12748.5
2024-08-18,S02,Москва,Бытовая техника,Чайник,2.0,3348.68,6697.36,4593.87
2023-03-10,S09,Ростов-на-Дону,Канцтовары,Ежедневник,1.0,676.11,676.11,383.66
2023-10-10,S04,Санкт-Петербург,Продукты,Кофе 1кг,1.0,889.07,889.07,672.13
2024-08-28,S03,Москва,Одежда,Джинсы,2.0,3984.36,7968.72,3686.22
2023-08-16,S01,Москва,Продукты,Кофе 1кг,1.0,918.69,918.69,590.4
2023-04-06,S02,Москва,Продукты,Чай 100п,1.0,447.91,447.91,320.4
2024-04-10,S07,Екатеринбург,Одежда,Джинсы,2.0,4361.83,8723.66,4383.52
2023-01-07,S03,Москва,Одежда,Куртка,1.0,8327.45,8327.45,4736.48
2024-05-31,S02,Москва,Электроника,Наушники,4.0,3926.07,15704.28,12423.04
2024-08-05,S08,Новосибирск,Одежда,Футболка,4.0,1705.4,6821.6,3502.74
2024-12-10,S08,Новосибирск,Продукты,Кофе 1кг,5.0,919.09,4595.45,3343.97
2023-06-12,S04,Санкт-Петербург,Канцтовары,Ежедневник,5.0,714.53,3572.65,1441.44
2024-11-18,S05,Санкт-Петербург,Продукты,Мёд 500г,1.0,670.69,670.69,446.69
2024-03-15,S05,Санкт-Петербург,Бытовая техника,Чайник,1.0,3592.08,3592.08,2725.31
2023-03-31,S09,Ростов-на-Дону,Продукты,Шоколад,1.0,267.57,267.57,186.49
2023-02-16,S08,Новосибирск,Продукты,Чай 100п,2.0,463.23,926.46,620.8
2024-09-13,S04,Санкт-Петербург,Одежда,Футболка,1.0,1621.58,1621.58,979.19
2024-01-27,S01,Москва,Бытовая техника,Утюг,1.0,,4762.97,3459.77
2023-07-11,S03,Москва,Электроника,Планшет,2.0,18198.78,36397.56,27786.07
2025-09-18,S01,Москва,Бытовая техника,Чайник,1.0,3492.29,3492.29,2371.46
2025-04-05,S03,Москва,Одежда,Куртка,6.0,8554.01,51324.06,28878.92
2024-06-20,S08,Новосибирск,Канцтовары,Ежедневник,3.0,710.27,2130.81,1026.34
2025-07-31,S08,Новосибирск,Электроника,Колонка,2.0,6116.25,12232.5,9767.36
2025-05-07,S03,Москва,Одежда,Футболка,2.0,1883.5,3767.0,2352.55
2025-08-18,S09,Ростов-на-Дону,Продукты,Шоколад,1.0,228.59,228.59,151.91
2024-07-16,S05,Санкт-Петербург,Электроника,Планшет,1.0,16230.55,16230.55,13275.44
2025-05-27,S03,Москва,Одежда,Футболка,2.0,1821.98,3643.96,2285.08
2024-07-19,S03,Москва,Электроника,Колонка,1.0,6047.93,6047.93,4679.01
2023-08-20,S10,Самара,Электроника,Наушники,,3721.95,26053.65,21461.28
2025-10-13,S02,Москва,Бытовая техника,Чайник,1.0,2968.92,2968.92,2062.18
2024-05-23,S04,Санкт-Петербург,Электроника,Планшет,1.0,18331.06,18331.06,13604.67
2025-09-24,S02,Москва,Электроника,Наушники,1.0,3310.62,3310.62,2613.76
2024-04-23,S05,Санкт-Петербург,Бытовая техника,Пылесос,1.0,,12453.48,8493.42
2024-09-27,S05,Санкт-Петербург,Бытовая техника,Пылесос,1.0,13239.44,13239.44,9125.48
2024-09-25,S05,Санкт-Петербург,Одежда,Джинсы,6.0,4049.24,24295.44,13401.55
2023-01-30,S07,Екатеринбург,Одежда,Куртка,1.0,8856.95,8856.95,4172.54
2024-05-04,S03,Москва,Продукты,Шоколад,6.0,233.79,1402.74,952.31
2025-10-24,S10,Самара,Электроника,Колонка,1.0,5243.62,5243.62,3995.88
2024-01-08,S09,Ростов-на-Дону,Одежда,Куртка,1.0,8800.55,8800.55,5534.18
2024-10-01,S08,Новосибирск,Одежда,Куртка,1.0,8667.86,8667.86,4402.4
2024-11-01,S05,Санкт-Петербург,Одежда,Куртка,1.0,7668.65,7668.65,4491.33
2023-12-05,S07,Екатеринбург,Бытовая техника,Утюг,4.0,4697.68,18790.72,13003.21
2025-02-20,S10,Самара,Электроника,Планшет,4.0,20556.51,82226.04,67591.82
2023-09-21,S02,Москва,Бытовая техника,Утюг,6.0,4557.56,27345.36,20758.06
2024-11-25,S05,Санкт-Петербург,Канцтовары,Ежедневник,2.0,750.6,1501.2,840.63
2024-01-01,S10,Самара,Продукты,Мёд 500г,1.0,680.21,680.21,507.13
2023-08-22,S09,Ростов-на-Дону,Одежда,Кроссовки,1.0,6937.89,6937.89,3723.14
2025-03-24,S09,Ростов-на-Дону,Продукты,Кофе 1кг,4.0,883.05,3532.2,2318.97
2024-04-21,S10,Самара,Канцтовары,Степлер,7.0,492.8,3449.6,1858.54
2024-07-15,S06,Казань,Одежда,Джинсы,1.0,4235.93,4235.93,2503.09
2024-01-12,S02,Москва,Бытовая техника,Блендер,2.0,5598.46,11196.92,7597.86
2024-10-05,S08,Новосибирск,Продукты,Кофе 1кг,1.0,861.35,861.35,604.59
2024-12-10,S01,Москва,Продукты,Кофе 1кг,1.0,986.08,986.08,648.52
2024-08-12,S03,Москва,Электроника,Колонка,1.0,5246.0,5246.0,4211.43
2025-12-01,S06,Казань,Одежда,Футболка,2.0,1742.3,3484.6,1854.69
2024-11-28,S03,Москва,Продукты,Кофе 1кг,3.0,916.12,2748.36,2073.45
2023-07-11,S03,Москва,Одежда,Джинсы,1.0,4123.13,4123.13,2025.37
2024-07-15,S07,Екатеринбург,Одежда,Джинсы,1.0,4715.91,4715.91,2551.47
2023-04-13,S01,Москва,Электроника,Смартфон,,23781.12,95124.48,77944.95
2024-05-20,S04,Санкт-Петербург,Электроника,Колонка,1.0,5498.03,5498.03,4161.76
2025-12-25,S06,Казань,Бытовая техника,Пылесос,2.0,12807.46,25614.92,18526.8
2023-03-31,S08,Новосибирск,Продукты,Чай 100п,1.0,462.91,462.91,350.92
2023-10-27,S03,Москва,Бытовая техника,Пылесос,5.0,12344.84,61724.2,42905.64
2024-12-09,S10,Самара,Электроника,Наушники,11.0,3150.2,34652.2,25980.09
2025-10-21,S03,Москва,Продукты,Чай 100п,1.0,429.24,429.24,302.24
2023-12-06,S05,Санкт-Петербург,Электроника,Наушники,3.0,3152.93,9458.79,7546.83
2024-05-12,S01,Москва,Канцтовары,Степлер,14.0,490.91,,3217.77
2023-01-08,S01,Москва,Продукты,Кофе 1кг,2.0,1031.91,2063.82,1339.66
2025-06-16,S07,Екатеринбург,Канцтовары,Калькулятор,,1330.78,1330.78,677.06
2024-10-10,S05,Санкт-Петербург,Канцтовары,Набор ручек,3.0,384.67,1154.01,551.59
2024-02-27,S06,Казань,Электроника,Смартфон,1.0,26330.63,26330.63,19734.05
2025-10-19,S06,Казань,Одежда,Куртка,6.0,9728.82,58372.92,33585.87
2024-04-30,S06,Казань,Бытовая техника,Чайник,1.0,3102.91,3102.91,2344.32
2024-05-30,S05,Санкт-Петербург,Канцтовары,Степлер,1.0,406.67,406.67,216.89
2025-09-12,S07,Екатеринбург,Бытовая техника,Утюг,1.0,5076.55,5076.55,3676.64
2023-08-11,S09,Ростов-на-Дону,Канцтовары,Степлер,3.0,451.34,1354.02,703.0
2023-10-30,S01,Москва,Продукты,Шоколад,1.0,269.78,269.78,198.19
2023-11-13,S03,Москва,Продукты,Кофе 1кг,2.0,824.82,1649.64,1122.56
2023-07-24,S06,Казань,Бытовая техника,Чайник,1.0,3270.06,3270.06,2514.62
2025-03-04,S04,Санкт-Петербург,Электроника,Планшет,1.0,17706.86,17706.86,13145.73
2025-03-18,S04,Санкт-Петербург,Канцтовары,Ежедневник,6.0,659.44,3956.64,1933.18
2025-06-22,S10,Самара,Продукты,Кофе 1кг,1.0,866.7,866.7,650.6
2024-11-17,S02,Москва,Канцтовары,Калькулятор,1.0,1357.4,1357.4,788.68
2024-10-25,S09,Ростов-на-Дону,Канцтовары,Набор ручек,9.0,325.05,2925.45,1539.8
2023-06-03,S06,Казань,Бытовая техника,Блендер,,5490.74,32944.44,22082.84
2023-09-30,S01,Москва,Бытовая техника,Пылесос,1.0,11608.32,11608.32,7794.5
2024-10-01,S04,Санкт-Петербург,Продукты,Кофе 1кг,2.0,821.94,1643.88,1198.05
2023-10-30,S09,Ростов-на-Дону,Одежда,Джинсы,1.0,4119.35,4119.35,2303.8
2024-04-14,S02,Москва,Канцтовары,Калькулятор,3.0,1094.79,3284.37,1423.95
2023-02-14,S03,Москва,Продукты,Чай 100п,1.0,438.7,438.7,307.06
2023-03-06,S06,Казань,Продукты,Мёд 500г,3.0,649.63,1948.89,1343.4
2024-01-22,S03,Москва,Электроника,Наушники,1.0,4008.7,4008.7,2978.02
2024-11-19,S06,Казань,Бытовая техника,Блендер,3.0,4916.55,14749.65,11296.73
2024-07-04,S02,Москва,Электроника,Колонка,3.0,4983.66,14950.98,12303.95
2024-07-22,S05,Санкт-Петербург,Продукты,Кофе 1кг,1.0,874.3,874.3,592.55
2023-04-03,S01,Москва,Продукты,Мёд 500г,1.0,610.46,610.46,429.21
2025-03-01,S01,Москва,Продукты,Чай 100п,2.0,427.98,855.96,613.68
2024-01-09,S02,Москва,Электроника,Колонка,1.0,6254.76,6254.76,4861.05
2025-01-03,S02,Москва,Канцтовары,Калькулятор,1.0,1086.01,1086.01,504.16
2024-05-31,S01,Москва,Канцтовары,Степлер,1.0,507.03,507.03,244.08
2024-08-21,S05,Санкт-Петербург,Канцтовары,Набор ручек,,365.02,1825.1,951.07
2023-03-22,S05,Санкт-Петербург,Канцтовары,Степлер,5.0,456.68,2283.4,1018.89
2023-09-13,S06,Казань,Бытовая техника,Пылесос,1.0,11184.83,11184.83,7663.35
2023-09-03,S10,Самара,Продукты,Шоколад,7.0,258.47,1809.29,1226.18
2025-12-28,S03,Москва,Одежда,Куртка,3.0,9151.53,27454.59,14431.28
2025-03-28,S08,Новосибирск,Электроника,Наушники,4.0,3365.97,13463.88,10719.51
2024-09-22,S08,Новосибирск,Электроника,Смартфон,1.0,26710.7,26710.7,20892.42
2024-10-19,S04,Санкт-Петербург,Электроника,Колонка,10.0,5151.82,51518.2,39143.25
2025-03-30,S04,Санкт-Петербург,Бытовая техника,Блендер,3.0,5560.02,16680.06,11463.96
2025-06-23,S08,Новосибирск,Одежда,Джинсы,2.0,4249.98,8499.96,5185.94
2023-06-14,S01,Москва,Одежда,Джинсы,1.0,4134.23,4134.23,1930.36
2025-02-19,S07,Екатеринбург,Продукты,Чай 100п,1.0,413.41,413.41,270.0
2023-01-08,S03,Москва,Электроника,Планшет,3.0,19523.28,58569.84,47645.31
2025-05-10,S08,Новосибирск,Канцтовары,Набор ручек,1.0,328.65,328.65,193.37
2023-04-24,S01,Москва,Продукты,Шоколад,1.0,228.84,228.84,163.48
2023-11-13,S09,Ростов-на-Дону,Одежда,Футболка,8.0,1726.06,13808.48,8068.2
2024-07-28,S04,Санкт-Петербург,Продукты,Шоколад,1.0,276.76,276.76,180.53
2023-03-08,S01,Москва,Бытовая техника,Чайник,5.0,3085.6,15428.0,11357.77
2023-04-10,S07,Екатеринбург,Электроника,Наушники,1.0,3217.04,3217.04,2423.78
2025-04-02,S01,Москва,Бытовая техника,Пылесос,2.0,10851.98,21703.96,16325.93
2023-02-22,S08,Новосибирск,Одежда,Джинсы,1.0,4161.49,4161.49,2583.88
2023-09-21,S01,Москва,Канцтовары,Набор ручек,2.0,374.12,748.24,414.07
2024-05-15,S05,Санкт-Петербург,Одежда,Футболка,6.0,1930.5,11583.0,5751.61
2024-03-25,S07,Екатеринбург,Бытовая техника,Чайник,4.0,2997.66,11990.64,8305.26
2023-01-09,S03,Москва,Бытовая техника,Чайник,6.0,3320.55,19923.3,13319.24
2025-08-01,S07,Екатеринбург,Одежда,Кроссовки,1.0,7402.73,7402.73,4476.87
2024-04-10,S07,Екатеринбург,Бытовая техника,Пылесос,1.0,13351.36,13351.36,10316.12
2024-03-22,S01,Москва,Электроника,Смартфон,2.0,24179.88,48359.76,37265.85
2023-09-28,S01,Москва,Канцтовары,Калькулятор,6.0,1340.91,8045.46,4104.73
2023-06-13,S09,Ростов-на-Дону,Бытовая техника,Утюг,1.0,4807.68,4807.68,3261.0
2025-06-14,S03,Москва,Бытовая техника,Блендер,1.0,5400.52,5400.52,3620.08
2025-09-16,S10,Самара,Электроника,Наушники,1.0,3168.4,3168.4,2544.2
2024-11-03,S08,Новосибирск,Бытовая техника,Чайник,1.0,3539.63,3539.63,2657.02
2024-08-14,S06,Казань,Канцтовары,Ежедневник,14.0,720.93,10093.02,5782.86
2025-06-02,S02,Москва,Продукты,Шоколад,4.0,230.64,922.56,665.63
2023-12-01,S06,Казань,Продукты,Мёд 500г,3.0,635.66,1906.98,1285.18
2023-05-05,S07,Екатеринбург,Канцтовары,Ежедневник,5.0,725.67,3628.35,2084.5
2024-06-28,S10,Самара,Бытовая техника,Утюг,1.0,5099.1,5099.1,3596.85
2025-05-06,S01,Москва,Продукты,Шоколад,1.0,249.99,249.99,160.78
2023-03-27,S10,Самара,Одежда,Джинсы,4.0,4360.46,17441.84,9640.05
2025-08-13,S07,Екатеринбург,Канцтовары,Калькулятор,11.0,1111.71,12228.81,6253.15
2024-10-13,S03,Москва,Канцтовары,Набор ручек,1.0,316.83,316.83,186.49
2023-03-06,S04,Санкт-Петербург,Электроника,Планшет,1.0,16566.63,16566.63,12264.85
2024-12-18,S01,Москва,Канцтовары,Набор ручек,4.0,321.78,1287.12,723.53
2025-06-08,S06,Казань,Бытовая техника,Пылесос,1.0,11187.01,11187.01,7887.97
2024-03-18,S01,Москва,Электроника,Планшет,1.0,17437.36,17437.36,14184.6
2025-10-31,S08,Новосибирск,Электроника,Наушники,1.0,3791.51,3791.51,2806.77
2024-12-06,S10,Самара,Канцтовары,Степлер,1.0,,420.34,247.55
2025-12-24,S02,Москва,Бытовая техника,Пылесос,3.0,11393.01,34179.03,26078.67
2025-04-28,S08,Новосибирск,Канцтовары,Ежедневник,1.0,668.51,668.51,285.36
2024-10-22,S07,Екатеринбург,Электроника,Колонка,3.0,5261.77,15785.31,12356.53
2025-08-22,S09,Ростов-на-Дону,Одежда,Куртка,1.0,8326.5,8326.5,3844.11
2025-05-22,S01,Москва,Электроника,Наушники,1.0,3584.49,3584.49,2859.74
2024-04-19,S02,Москва,Одежда,Джинсы,1.0,4759.17,4759.17,2495.44
2025-02-04,S02,Москва,Продукты,Кофе 1кг,3.0,848.2,,1747.0
2023-12-22,S01,Москва,Продукты,Мёд 500г,1.0,591.22,591.22,391.6
2024-07-24,S09,Ростов-на-Дону,Электроника,Колонка,1.0,6109.54,6109.54,5028.7
2023-12-11,S04,Санкт-Петербург,Электроника,Смартфон,5.0,23847.97,119239.85,94120.78
2023-05-05,S05,Санкт-Петербург,Бытовая техника,Блендер,4.0,5646.18,22584.72,17195.64
2024-06-19,S10,Самара,Канцтовары,Набор ручек,1.0,323.4,323.4,132.12
2025-04-15,S03,Москва,Бытовая техника,Чайник,2.0,3469.0,6938.0,4834.33
2025-04-10,S09,Ростов-на-Дону,Продукты,Шоколад,1.0,267.01,267.01,174.23
2025-08-13,S01,Москва,Электроника,Наушники,2.0,3996.77,7993.54,6189.66
2025-11-09,S01,Москва,Электроника,Наушники,8.0,3417.16,27337.28,20982.93
2024-03-14,S07,Екатеринбург,Канцтовары,Калькулятор,1.0,1345.83,1345.83,609.01
2025-06-21,S09,Ростов-на-Дону,Бытовая техника,Чайник,1.0,3256.47,3256.47,2331.3
2023-02-16,S04,Санкт-Петербург,Бытовая техника,Чайник,3.0,,10368.09,7239.81
2023-08-27,S05,Санкт-Петербург,Электроника,Наушники,4.0,3613.66,14454.64,11611.77
2025-04-21,S06,Казань,Одежда,Куртка,1.0,9057.81,9057.81,4743.74
2025-02-21,S05,Санкт-Петербург,Канцтовары,Набор ручек,3.0,331.8,,543.18
2024-05-23,S08,Новосибирск,Продукты,Чай 100п,1.0,448.99,448.99,300.53
2024-02-25,S07,Екатеринбург,Канцтовары,Набор ручек,1.0,356.0,356.0,143.49
2025-09-08,S08,Новосибирск,Одежда,Куртка,1.0,8167.12,8167.12,3778.28
2024-05-03,S02,Москва,Электроника,Смартфон,2.0,27441.2,54882.4,44804.91
2025-06-01,S03,Москва,Одежда,Кроссовки,3.0,6002.22,18006.66,9929.82
2023-02-10,S06,Казань,Одежда,Куртка,2.0,8511.15,17022.3,8687.56
2025-09-23,S08,Новосибирск,Электроника,Планшет,2.0,17621.08,,27037.61
2024-02-05,S07,Екатеринбург,Электроника,Планшет,2.0,20476.26,40952.52,32324.28
2024-03-18,S04,Санкт-Петербург,Бытовая техника,Блендер,3.0,5375.97,16127.91,11189.98
2024-04-01,S07,Екатеринбург,Продукты,Кофе 1кг,1.0,842.01,842.01,609.28
2025-03-31,S07,Екатеринбург,Продукты,Шоколад,1.0,243.9,243.9,179.67
2023-03-17,S10,Самара,Канцтовары,Степлер,8.0,468.3,3746.4,2101.3
2024-07-19,S08,Новосибирск,Электроника,Смартфон,1.0,27869.56,27869.56,22424.69
2024-04-27,S06,Казань,Канцтовары,Калькулятор,5.0,1144.54,,2303.86
2024-09-12,S03,Москва,Бытовая техника,Чайник,1.0,3179.63,3179.63,2329.47
2024-08-04,S01,Москва,Канцтовары,Калькулятор,2.0,1121.41,2242.82,1078.29
2023-01-20,S09,Ростов-на-Дону,Бытовая техника,Блендер,1.0,5072.53,5072.53,3621.9
2025-11-27,S05,Санкт-Петербург,Бытовая техника,Пылесос,1.0,13360.44,13360.44,9915.22
2024-12-17,S03,Москва,Канцтовары,Степлер,9.0,502.45,4522.05,2334.87
2025-08-12,S05,Санкт-Петербург,Электроника,Колонка,2.0,5216.82,10433.64,7812.36
2024-02-11,S09,Ростов-на-Дону,Бытовая техника,Пылесос,2.0,11823.31,23646.62,16561.59
2024-07-24,S07,Екатеринбург,Бытовая техника,Чайник,1.0,3157.57,3157.57,2394.16
2023-10-02,S07,Екатеринбург,Бытовая техника,Утюг,1.0,4284.06,4284.06,3019.01
2023-12-26,S05,Санкт-Петербург,Канцтовары,Набор ручек,1.0,335.13,335.13,157.42
2025-12-04,S03,Москва,Продукты,Чай 100п,3.0,420.03,1260.09,844.76
2023-12-16,S02,Москва,Одежда,Кроссовки,2.0,6948.65,13897.3,6564.0
2024-02-01,S10,Самара,Продукты,Чай 100п,7.0,515.69,3609.83,2719.45
2023-08-04,S03,Москва,Канцтовары,Набор ручек,3.0,372.64,1117.92,480.89
2023-08-07,S06,Казань,Электроника,Смартфон,5.0,28655.45,143277.25,106774.6
2023-04-22,S05,Санкт-Петербург,Бытовая техника,Чайник,3.0,3458.32,10374.96,7204.63
2023-10-12,S08,Новосибирск,Одежда,Кроссовки,3.0,6440.44,19321.32,11327.0
2023-07-19,S05,Санкт-Петербург,Канцтовары,Калькулятор,4.0,1264.47,5057.88,2482.13
2024-07-12,S05,Санкт-Петербург,Электроника,Смартфон,2.0,24000.44,48000.88,39095.57
2024-04-15,S10,Самара,Бытовая техника,Пылесос,1.0,13770.63,13770.63,9867.45
2024-06-19,S04,Санкт-Петербург,Электроника,Смартфон,8.0,24463.51,195708.08,160687.83
2024-03-09,S02,Москва,Бытовая техника,Утюг,3.0,5000.95,15002.85,10346.26
2025-07-01,S03,Москва,Продукты,Мёд 500г,1.0,582.02,582.02,422.14
2025-12-10,S10,Самара,Электроника,Колонка,1.0,5239.49,5239.49,4058.36
2024-09-12,S07,Екатеринбург,Канцтовары,Набор ручек,1.0,340.84,340.84,160.08
2023-06-07,S10,Самара,Продукты,Кофе 1кг,1.0,887.79,887.79,666.31
2025-07-07,S06,Казань,Продукты,Чай 100п,1.0,492.53,492.53,315.88
2024-08-02,S02,Москва,Одежда,Куртка,1.0,7665.18,7665.18,4451.47
2024-05-05,S02,Москва,Электроника,Смартфон,2.0,25448.37,50896.74,39384.65
2023-01-17,S03,Москва,Продукты,Чай 100п,2.0,494.32,988.64,711.74
2024-09-08,S05,Санкт-Петербург,Бытовая техника,Утюг,1.0,4463.81,4463.81,3047.94
2024-03-28,S06,Казань,Одежда,Кроссовки,1.0,6343.39,,4056.18
2025-09-28,S01,Москва,Продукты,Шоколад,4.0,241.82,967.28,730.01
2023-09-04,S05,Санкт-Петербург,Электроника,Планшет,3.0,18573.3,55719.9,41547.95
2024-01-15,S07,Екатеринбург,Канцтовары,Ежедневник,1.0,721.3,721.3,322.09
2023-11-02,S09,Ростов-на-Дону,Продукты,Мёд 500г,5.0,657.75,3288.75,2445.98
2024-06-26,S02,Москва,Одежда,Джинсы,1.0,4699.44,4699.44,2337.92
2024-08-15,S06,Казань,Продукты,Шоколад,5.0,236.14,1180.7,849.06
2024-03-09,S01,Москва,Продукты,Шоколад,1.0,253.35,253.35,171.7
2025-08-16,S04,Санкт-Петербург,Электроника,Смартфон,4.0,23818.04,95272.16,71625.84
2025-01-07,S06,Казань,Канцтовары,Ежедневник,3.0,799.74,2399.22,1370.91
2023-04-07,S03,Москва,Канцтовары,Ежедневник,1.0,630.22,630.22,310.75
2023-09-26,S09,Ростов-на-Дону,Канцтовары,Степлер,5.0,437.11,2185.55,1122.33
2025-11-27,S03,Москва,Электроника,Планшет,1.0,16210.56,16210.56,12386.63
2023-11-11,S09,Ростов-на-Дону,Электроника,Смартфон,1.0,22725.12,22725.12,16992.12
2025-09-01,S04,Санкт-Петербург,Канцтовары,Калькулятор,8.0,1197.67,9581.36,5478.24
2025-06-01,S07,Екатеринбург,Бытовая техника,Чайник,,3287.54,46025.56,31519.93
2024-06-16,S08,Новосибирск,Продукты,Чай 100п,3.0,497.31,1491.93,1125.14
2025-08-30,S02,Москва,Электроника,Планшет,12.0,19720.92,236651.04,189988.42
2025-08-11,S02,Москва,Электроника,Колонка,1.0,5084.34,5084.34,3867.18
2023-10-18,S05,Санкт-Петербург,Продукты,Мёд 500г,7.0,596.9,4178.3,2866.98
2024-09-27,S05,Санкт-Петербург,Бытовая техника,Утюг,7.0,4169.88,29189.16,22515.93
2023-04-08,S08,Новосибирск,Продукты,Кофе 1кг,1.0,867.9,867.9,616.76
2024-10-11,S07,Екатеринбург,Бытовая техника,Чайник,1.0,3162.96,3162.96,2108.93
2024-02-01,S08,Новосибирск,Продукты,Кофе 1кг,2.0,862.74,1725.48,1287.71
2023-03-02,S08,Новосибирск,Одежда,Куртка,5.0,8173.6,40868.0,20274.82
2023-04-15,S06,Казань,Одежда,Кроссовки,1.0,6061.98,6061.98,3711.67
2025-07-19,S10,Самара,Одежда,Футболка,3.0,1779.96,5339.88,2927.26
2025-12-01,S06,Казань,Бытовая техника,Чайник,5.0,3145.74,15728.7,10857.28
2025-04-01,S10,Самара,Канцтовары,Набор ручек,2.0,392.96,785.92,340.71
2025-09-05,S08,Новосибирск,Электроника,Планшет,2.0,16776.61,33553.22,26823.88
2024-08-29,S03,Москва,Электроника,Колонка,1.0,5927.61,5927.61,4825.51
2023-12-03,S07,Екатеринбург,Продукты,Чай 100п,4.0,450.31,1801.24,1349.66
2025-07-10,S09,Ростов-на-Дону,Бытовая техника,Утюг,7.0,5158.05,36106.35,27221.45
2025-08-31,S09,Ростов-на-Дону,Электроника,Колонка,1.0,5336.44,5336.44,4218.89
2024-04-10,S09,Ростов-на-Дону,Бытовая техника,Утюг,1.0,4829.82,4829.82,3385.56
2023-09-22,S08,Новосибирск,Канцтовары,Степлер,1.0,477.53,477.53,232.98
2024-12-13,S02,Москва,Канцтовары,Набор ручек,15.0,388.11,5821.65,2590.54
2024-03-03,S08,Новосибирск,Электроника,Смартфон,,27198.74,27198.74,21644.02
2024-03-24,S02,Москва,Электроника,Смартфон,1.0,26532.11,26532.11,19715.45
2024-11-02,S08,Новосибирск,Продукты,Мёд 500г,7.0,559.2,3914.4,2790.13
2023-05-11,S04,Санкт-Петербург,Канцтовары,Степлер,4.0,501.85,2007.4,982.26
2025-10-03,S10,Самара,Бытовая техника,Чайник,2.0,3502.11,7004.22,4737.71
2025-03-13,S03,Москва,Продукты,Чай 100п,6.0,461.8,2770.8,1986.73
2023-04-07,S06,Казань,Канцтовары,Набор ручек,11.0,385.0,4235.0,1751.91
2023-04-12,S09,Ростов-на-Дону,Канцтовары,Степлер,1.0,410.6,410.6,193.19
2025-09-10,S09,Ростов-на-Дону,Бытовая техника,Чайник,2.0,2969.19,5938.38,4221.39
2024-06-06,S01,Москва,Бытовая техника,Утюг,1.0,5111.98,5111.98,3694.71
2025-07-27,S03,Москва,Бытовая техника,Пылесос,1.0,13170.39,13170.39,9221.54
2024-01-06,S03,Москва,Канцтовары,Степлер,9.0,465.23,4187.07,2422.22
2025-02-06,S03,Москва,Одежда,Футболка,4.0,1979.1,7916.4,4975.59
2025-03-03,S06,Казань,Электроника,Колонка,1.0,5783.76,5783.76,4308.63
2025-06-04,S07,Екатеринбург,Продукты,Кофе 1кг,2.0,817.74,1635.48,1074.39
2023-03-05,S10,Самара,Бытовая техника,Пылесос,5.0,12713.94,63569.7,46760.04
2025-11-23,S08,Новосибирск,Продукты,Кофе 1кг,6.0,909.99,5459.94,3746.06
2023-04-03,S06,Казань,Продукты,Чай 100п,1.0,503.48,503.48,358.31
2024-07-28,S04,Санкт-Петербург,Продукты,Кофе 1кг,5.0,857.96,4289.8,2768.2
2025-09-16,S05,Санкт-Петербург,Одежда,Джинсы,2.0,4009.65,8019.3,4750.36
2023-03-25,S07,Екатеринбург,Канцтовары,Набор ручек,2.0,324.14,648.28,320.06
2024-12-31,S07,Екатеринбург,Одежда,Куртка,1.0,9519.6,9519.6,4839.58
2024-07-17,S01,Москва,Продукты,Чай 100п,2.0,421.52,843.04,626.08
2023-10-11,S01,Москва,Электроника,Смартфон,1.0,26143.29,26143.29,20506.21
2024-06-13,S08,Новосибирск,Канцтовары,Калькулятор,3.0,1150.74,3452.22,1791.49
2025-09-16,S10,Самара,Электроника,Планшет,1.0,19756.17,19756.17,15417.37
2023-01-07,S10,Самара,Электроника,Планшет,1.0,20016.58,20016.58,14949.84
2025-05-06,S09,Ростов-на-Дону,Продукты,Кофе 1кг,1.0,984.63,984.63,721.76
2024-10-01,S07,Екатеринбург,Одежда,Джинсы,2.0,4796.84,9593.68,5348.7
2024-05-14,S10,Самара,Канцтовары,Калькулятор,1.0,1348.62,1348.62,629.58
2024-07-13,S05,Санкт-Петербург,Продукты,Мёд 500г,3.0,628.14,1884.42,1278.37
2024-12-04,S05,Санкт-Петербург,Бытовая техника,Пылесос,1.0,12693.51,12693.51,8565.09
2025-05-27,S06,Казань,Одежда,Футболка,1.0,1726.88,1726.88,957.27
2024-02-03,S01,Москва,Электроника,Колонка,9.0,5121.1,46089.9,34741.5
2023-02-24,S10,Самара,Электроника,Колонка,1.0,5090.21,5090.21,3987.27
2025-09-21,S02,Москва,Продукты,Кофе 1кг,1.0,929.31,929.31,661.17
2024-03-15,S08,Новосибирск,Электроника,Наушники,9.0,3484.23,31358.07,24928.48
2024-01-10,S10,Самара,Канцтовары,Степлер,1.0,500.71,500.71,293.77
2025-09-10,S04,Санкт-Петербург,Канцтовары,Степлер,1.0,449.34,449.34,263.27
2023-11-14,S06,Казань,Электроника,Смартфон,9.0,27924.77,251322.93,199658.17
2023-02-11,S05,Санкт-Петербург,Канцтовары,Набор ручек,4.0,347.8,1391.2,602.6
2024-12-10,S05,Санкт-Петербург,Электроника,Смартфон,1.0,27378.1,27378.1,22029.28
2024-07-09,S10,Самара,Бытовая техника,Чайник,1.0,3128.78,3128.78,2332.45
2024-09-15,S05,Санкт-Петербург,Одежда,Футболка,1.0,1755.55,1755.55,934.13
2023-03-31,S10,Самара,Канцтовары,Калькулятор,7.0,1347.12,9429.84,5134.14
2024-06-30,S02,Москва,Канцтовары,Ежедневник,5.0,690.91,3454.55,1404.88
2024-05-30,S01,Москва,Продукты,Кофе 1кг,2.0,1002.2,2004.4,1324.69
2023-05-30,S07,Екатеринбург,Электроника,Колонка,1.0,5770.15,,4714.16
2024-08-14,S10,Самара,Электроника,Колонка,1.0,5421.65,5421.65,4416.65
2025-10-08,S05,Санкт-Петербург,Электроника,Колонка,5.0,5961.19,29805.95,22092.88
2025-06-23,S01,Москва,Канцтовары,Калькулятор,2.0,1104.59,2209.18,1049.37
2024-06-10,S02,Москва,Бытовая техника,Блендер,9.0,5431.98,48887.82,34679.86
2024-01-11,S01,Москва,Продукты,Мёд 500г,1.0,626.36,626.36,466.52
2025-12-07,S07,Екатеринбург,Канцтовары,Степлер,1.0,491.88,491.88,213.71
2024-02-20,S09,Ростов-на-Дону,Бытовая техника,Блендер,1.0,5403.93,5403.93,4179.47
2025-05-13,S10,Самара,Электроника,Колонка,6.0,6261.67,37570.02,29049.33
2025-10-30,S01,Москва,Электроника,Смартфон,1.0,25523.21,25523.21,20450.06
2024-06-18,S02,Москва,Канцтовары,Калькулятор,2.0,1089.23,2178.46,975.66
2025-09-15,S05,Санкт-Петербург,Канцтовары,Калькулятор,4.0,1369.36,5477.44,2801.93
2024-09-24,S01,Москва,Продукты,Шоколад,6.0,260.31,1561.86,1079.84
2023-09-09,S03,Москва,Канцтовары,Набор ручек,1.0,364.57,364.57,184.53
2023-08-02,S04,Санкт-Петербург,Одежда,Джинсы,1.0,4764.72,4764.72,2619.76
2024-12-27,S02,Москва,Канцтовары,Ежедневник,1.0,670.41,670.41,270.92
2025-07-10,S08,Новосибирск,Канцтовары,Набор ручек,1.0,329.83,329.83,157.16
2025-08-19,S02,Москва,Продукты,Кофе 1кг,1.0,867.47,867.47,652.07
2025-02-21,S03,Москва,Электроника,Колонка,1.0,5155.75,5155.75,4121.98
2024-03-22,S10,Самара,Электроника,Планшет,2.0,16450.83,32901.66,26413.76
2024-06-04,S03,Москва,Канцтовары,Степлер,4.0,436.77,1747.08,937.54
2023-07-23,S05,Санкт-Петербург,Бытовая техника,Утюг,1.0,4740.08,4740.08,3642.74
2024-08-17,S03,Москва,Одежда,Кроссовки,1.0,7251.16,7251.16,3956.72
2023-01-08,S01,Москва,Продукты,Кофе 1кг,9.0,951.89,8567.01,5732.53
2024-12-30,S01,Москва,Канцтовары,Ежедневник,2.0,674.13,1348.26,775.67
2025-12-21,S04,Санкт-Петербург,Одежда,Кроссовки,7.0,7066.09,49462.63,28766.0
2023-01-16,S08,Новосибирск,Бытовая техника,Чайник,1.0,3085.0,3085.0,2092.92
2025-03-04,S10,Самара,Бытовая техника,Утюг,8.0,4134.76,33078.08,22258.24
2025-05-24,S07,Екатеринбург,Бытовая техника,Утюг,5.0,5098.0,25490.0,18162.65
2024-08-25,S08,Новосибирск,Одежда,Кроссовки,9.0,6679.15,60112.35,35424.07
2023-09-28,S03,Москва,Продукты,Шоколад,1.0,264.56,264.56,193.35
2023-08-17,S04,Санкт-Петербург,Электроника,Колонка,1.0,5762.37,5762.37,4739.07
2025-02-09,S01,Москва,Одежда,Кроссовки,1.0,6850.19,6850.19,3616.79
2025-09-18,S08,Новосибирск,Электроника,Колонка,2.0,5083.31,10166.62,7973.36
2025-05-08,S09,Ростов-на-Дону,Канцтовары,Набор ручек,8.0,,2994.0,1414.08
2025-12-28,S04,Санкт-Петербург,Бытовая техника,Пылесос,1.0,12150.19,12150.19,8657.62
2024-06-27,S02,Москва,Одежда,Джинсы,1.0,,4262.84,2555.67
2024-12-15,S07,Екатеринбург,Одежда,Кроссовки,4.0,7304.57,29218.28,15470.84
2025-09-15,S09,Ростов-на-Дону,Продукты,Мёд 500г,1.0,588.39,588.39,444.85
2025-10-02,S07,Екатеринбург,Канцтовары,Степлер,1.0,412.56,412.56,180.87
2024-03-31,S03,Москва,Одежда,Кроссовки,5.0,6539.25,32696.25,19089.51
2025-04-21,S10,Самара,Канцтовары,Калькулятор,1.0,1171.53,1171.53,594.98
2023-04-19,S05,Санкт-Петербург,Одежда,Джинсы,2.0,3840.44,7680.88,4305.32
2024-01-20,S03,Москва,Одежда,Куртка,15.0,8690.09,130351.35,77745.46
2023-11-08,S09,Ростов-на-Дону,Продукты,Шоколад,1.0,230.1,,168.79
2024-02-27,S09,Ростов-на-Дону,Канцтовары,Степлер,2.0,,962.8,468.92
2025-12-25,S06,Казань,Бытовая техника,Чайник,8.0,3627.86,29022.88,19783.04
2025-05-05,S10,Самара,Бытовая техника,Пылесос,2.0,13651.65,27303.3,18689.1
2023-12-01,S05,Санкт-Петербург,Электроника,Планшет,17.0,20359.78,346116.26,256439.11
2024-02-05,S09,Ростов-на-Дону,Бытовая техника,Блендер,4.0,4932.52,19730.08,13230.62
2025-01-18,S06,Казань,Бытовая техника,Чайник,1.0,3609.02,3609.02,2536.48
2024-04-10,S08,Новосибирск,Одежда,Кроссовки,1.0,5962.97,5962.97,3750.7
2024-03-19,S07,Екатеринбург,Электроника,Планшет,1.0,19798.73,,15097.11
2024-03-17,S10,Самара,Электроника,Колонка,1.0,5045.97,5045.97,4081.35
2023-01-15,S03,Москва,Канцтовары,Набор ручек,3.0,342.08,1026.24,565.25
2023-02-08,S10,Самара,Бытовая техника,Утюг,1.0,4177.98,4177.98,3101.72
2023-10-04,S10,Самара,Бытовая техника,Блендер,1.0,5486.62,5486.62,3696.09
2023-10-05,S01,Москва,Электроника,Колонка,1.0,5993.53,5993.53,4743.54
2023-11-20,S01,Москва,Одежда,Куртка,9.0,8057.14,72514.26,45080.33
2025-12-18,S05,Санкт-Петербург,Продукты,Чай 100п,6.0,460.28,2761.68,1788.11
2024-08-03,S01,Москва,Бытовая техника,Пылесос,4.0,11860.11,47440.44,35560.71
2024-01-07,S07,Екатеринбург,Канцтовары,Калькулятор,1.0,1210.4,1210.4,682.99
2025-10-02,S10,Самара,Канцтовары,Набор ручек,3.0,372.95,1118.85,611.31
2024-10-07,S10,Самара,Бытовая техника,Утюг,5.0,4223.72,21118.6,15110.08
2025-03-10,S01,Москва,Электроника,Смартфон,2.0,24080.34,48160.68,39620.99
2023-10-30,S01,Москва,Канцтовары,Ежедневник,7.0,794.21,5559.47,2728.12
2025-11-20,S10,Самара,Одежда,Джинсы,1.0,4116.06,4116.06,2464.08
2025-12-06,S05,Санкт-Петербург,Одежда,Футболка,1.0,1819.64,1819.64,1070.68
2025-12-28,S10,Самара,Электроника,Смартфон,1.0,24080.23,24080.23,19274.21
2024-02-01,S04,Санкт-Петербург,Одежда,Кроссовки,2.0,7334.56,14669.12,7474.15
2025-04-15,S07,Екатеринбург,Продукты,Мёд 500г,3.0,575.65,1726.95,1236.26
2024-08-24,S07,Екатеринбург,Электроника,Планшет,1.0,19715.81,19715.81,15678.47
2024-09-23,S10,Самара,Канцтовары,Ежедневник,1.0,720.44,,354.97
2024-12-03,S03,Москва,Одежда,Джинсы,4.0,3847.45,15389.8,7563.99
2025-08-24,S05,Санкт-Петербург,Канцтовары,Ежедневник,1.0,804.76,804.76,365.85
2024-03-10,S02,Москва,Канцтовары,Ежедневник,1.0,744.41,744.41,354.75
2023-03-21,S07,Екатеринбург,Канцтовары,Ежедневник,1.0,794.25,794.25,474.62
2025-07-23,S08,Новосибирск,Бытовая техника,Утюг,3.0,4086.53,12259.59,8520.26
2025-11-06,S02,Москва,Канцтовары,Калькулятор,3.0,1210.88,3632.64,2091.58
2025-12-29,S09,Ростов-на-Дону,Продукты,Шоколад,7.0,270.19,1891.33,1275.16
2025-03-21,S03,Москва,Электроника,Планшет,1.0,20624.66,20624.66,15404.03
2024-11-19,S09,Ростов-на-Дону,Продукты,Мёд 500г,1.0,689.24,689.24,491.05
2025-02-20,S08,Новосибирск,Бытовая техника,Утюг,2.0,4084.94,8169.88,5642.55
2024-06-05,S03,Москва,Канцтовары,Калькулятор,1.0,1276.13,1276.13,749.44
2025-12-01,S03,Москва,Продукты,Шоколад,7.0,232.84,,1192.37
2023-10-09,S08,Новосибирск,Продукты,Шоколад,7.0,266.21,1863.47,1196.56
2024-09-06,S07,Екатеринбург,Бытовая техника,Утюг,7.0,4312.16,30185.12,20491.13
2024-01-15,S03,Москва,Бытовая техника,Чайник,6.0,3447.46,20684.76,14462.46
2023-11-04,S10,Самара,Канцтовары,Степлер,10.0,459.29,4592.9,2485.97
2025-09-10,S05,Санкт-Петербург,Одежда,Джинсы,1.0,4297.25,4297.25,2260.3
2023-06-14,S09,Ростов-на-Дону,Продукты,Шоколад,4.0,254.83,1019.32,654.66
2025-01-20,S03,Москва,Электроника,Планшет,2.0,17796.0,35592.0,28064.92
2024-09-10,S02,Москва,Канцтовары,Степлер,5.0,469.26,2346.3,1278.62
2025-11-12,S04,Санкт-Петербург,Одежда,Куртка,3.0,7892.17,23676.51,13959.72
2023-02-15,S10,Самара,Электроника,Колонка,,5313.02,5313.02,4065.37
2023-05-11,S05,Санкт-Петербург,Бытовая техника,Пылесос,7.0,12691.19,88838.33,64768.67
2023-07-07,S05,Санкт-Петербург,Одежда,Джинсы,1.0,4648.25,4648.25,2385.9
2024-01-30,S10,Самара,Продукты,Чай 100п,14.0,433.58,6070.12,3897.25
2023-08-26,S04,Санкт-Петербург,Продукты,Шоколад,1.0,249.92,249.92,178.92
2025-01-15,S06,Казань,Электроника,Наушники,1.0,3405.95,3405.95,2692.91
2023-11-12,S02,Москва,Одежда,Куртка,2.0,7924.2,15848.4,9359.32
2023-06-08,S10,Самара,Одежда,Джинсы,,4299.98,4299.98,2385.36
2025-05-14,S08,Новосибирск,Бытовая техника,Чайник,5.0,2913.32,14566.6,10371.58
2023-05-16,S10,Самара,Одежда,Кроссовки,4.0,7169.1,28676.4,13803.07
2025-07-15,S06,Казань,Продукты,Чай 100п,2.0,453.61,907.22,651.53
2025-05-17,S04,Санкт-Петербург,Бытовая техника,Утюг,1.0,4580.58,4580.58,3469.27
2025-11-12,S05,Санкт-Петербург,Канцтовары,Набор ручек,1.0,381.24,381.24,210.36
2023-01-26,S10,Самара,Бытовая техника,Утюг,1.0,4290.95,4290.95,3173.34
2025-07-06,S07,Екатеринбург,Одежда,Джинсы,2.0,4375.92,8751.84,4339.99
2024-12-04,S09,Ростов-на-Дону,Электроника,Смартфон,2.0,24005.02,48010.04,37529.71
2024-02-02,S06,Казань,Одежда,Кроссовки,10.0,7239.24,72392.4,40604.27
2025-06-12,S02,Москва,Одежда,Куртка,2.0,8440.9,16881.8,7994.84
2023-12-24,S09,Ростов-на-Дону,Продукты,Мёд 500г,3.0,576.48,,1274.43
2023-04-09,S01,Москва,Бытовая техника,Чайник,3.0,3632.19,10896.57,7396.88
2025-06-06,S05,Санкт-Петербург,Одежда,Куртка,2.0,8874.61,17749.22,10004.46
2025-07-18,S02,Москва,Бытовая техника,Пылесос,1.0,10925.91,10925.91,7420.01
2023-03-26,S05,Санкт-Петербург,Канцтовары,Калькулятор,6.0,1094.85,6569.1,3067.15
2025-05-20,S10,Самара,Продукты,Мёд 500г,1.0,581.25,,381.97
2024-01-19,S06,Казань,Электроника,Планшет,4.0,19065.43,76261.72,61329.39
2023-09-03,S07,Екатеринбург,Продукты,Кофе 1кг,,940.21,940.21,705.5
2024-04-10,S01,Москва,Канцтовары,Степлер,6.0,511.73,3070.38,1304.47
2024-05-06,S08,Новосибирск,Бытовая техника,Пылесос,1.0,11411.1,11411.1,8658.63
2023-11-20,S06,Казань,Канцтовары,Набор ручек,1.0,381.7,381.7,157.57
2024-10-22,S05,Санкт-Петербург,Бытовая техника,Чайник,1.0,3359.18,3359.18,2571.41
2024-06-11,S07,Екатеринбург,Одежда,Кроссовки,1.0,6192.49,6192.49,3263.16
2023-08-03,S09,Ростов-на-Дону,Бытовая техника,Пылесос,3.0,13135.69,39407.07,28043.95
2024-10-27,S03,Москва,Бытовая техника,Блендер,2.0,5676.24,11352.48,7866.56
2025-08-01,S04,Санкт-Петербург,Одежда,Куртка,,8860.62,8860.62,4464.05
2024-04-22,S10,Самара,Бытовая техника,Чайник,12.0,3089.0,37068.0,25037.04
2024-06-11,S02,Москва,Одежда,Куртка,1.0,8431.79,8431.79,5013.21
2024-04-27,S02,Москва,Электроника,Планшет,1.0,18609.11,18609.11,14822.53
2024-11-03,S07,Екатеринбург,Канцтовары,Калькулятор,1.0,1177.52,1177.52,626.79
2024-01-21,S07,Екатеринбург,Продукты,Шоколад,4.0,230.25,921.0,624.79
2023-11-05,S06,Казань,Канцтовары,Ежедневник,2.0,757.1,1514.2,695.86
2023-02-15,S01,Москва,Одежда,Кроссовки,1.0,6751.73,6751.73,3276.35
2024-04-17,S05,Санкт-Петербург,Продукты,Чай 100п,5.0,435.27,2176.35,1514.7
2023-02-25,S08,Новосибирск,Канцтовары,Калькулятор,5.0,1378.85,6894.25,2971.6
2024-03-01,S01,Москва,Бытовая техника,Блендер,3.0,5005.1,15015.3,11620.14
2023-12-13,S07,Екатеринбург,Электроника,Смартфон,2.0,24180.99,48361.98,36056.26
2023-01-25,S02,Москва,Продукты,Кофе 1кг,1.0,925.46,925.46,682.88
2024-05-11,S08,Новосибирск,Бытовая техника,Утюг,1.0,4751.07,4751.07,3418.81
2023-01-16,S09,Ростов-на-Дону,Электроника,Колонка,2.0,6159.87,12319.74,10062.25
2024-07-22,S01,Москва,Электроника,Планшет,1.0,18696.72,18696.72,13823.53
2024-11-12,S07,Екатеринбург,Бытовая техника,Чайник,7.0,2996.41,20974.87,15644.12
2023-11-06,S04,Санкт-Петербург,Одежда,Футболка,8.0,1920.17,15361.36,8875.62
2025-02-14,S05,Санкт-Петербург,Одежда,Джинсы,1.0,,4396.74,2188.64
2023-08-17,S01,Москва,Продукты,Чай 100п,21.0,472.82,9929.22,6958.8
2025-12-03,S01,Москва,Продукты,Чай 100п,5.0,459.76,2298.8,1512.07
2025-09-10,S08,Новосибирск,Канцтовары,Степлер,7.0,516.99,3618.93,2011.03
2025-07-19,S01,Москва,Электроника,Колонка,1.0,6002.58,6002.58,4623.79
2025-09-26,S01,Москва,Канцтовары,Степлер,1.0,433.4,433.4,247.83
2025-03-05,S01,Москва,Канцтовары,Набор ручек,1.0,356.01,356.01,194.14
2023-12-10,S05,Санкт-Петербург,Бытовая техника,Утюг,19.0,4167.42,79180.98,53815.53
2023-10-27,S08,Новосибирск,Одежда,Футболка,2.0,1718.58,3437.16,1689.6
2024-01-25,S10,Самара,Канцтовары,Ежедневник,1.0,799.72,799.72,354.15
2025-02-02,S02,Москва,Одежда,Джинсы,2.0,4448.48,8896.96,5548.32
2025-06-29,S03,Москва,Канцтовары,Калькулятор,1.0,1352.98,1352.98,550.91
2024-04-11,S03,Москва,Одежда,Джинсы,3.0,4479.07,13437.21,6970.18
2025-05-27,S10,Самара,Бытовая техника,Чайник,5.0,2968.56,14842.8,10139.2
2024-03-21,S05,Санкт-Петербург,Бытовая техника,Блендер,1.0,4666.93,4666.93,3299.7
2024-02-23,S07,Екатеринбург,Продукты,Чай 100п,2.0,433.9,867.8,653.44
2025-03-08,S08,Новосибирск,Продукты,Шоколад,6.0,225.85,1355.1,1025.17
2025-02-01,S10,Самара,Одежда,Кроссовки,5.0,7123.87,35619.35,18156.97
2025-09-20,S06,Казань,Бытовая техника,Чайник,7.0,3173.71,22215.97,16481.6
2025-09-12,S05,Санкт-Петербург,Канцтовары,Ежедневник,1.0,727.76,727.76,330.52
2024-06-07,S08,Новосибирск,Канцтовары,Степлер,5.0,517.03,2585.15,1540.19
2023-05-10,S03,Москва,Одежда,Джинсы,3.0,4804.39,14413.17,7090.61
2024-07-25,S07,Екатеринбург,Канцтовары,Калькулятор,1.0,1195.78,1195.78,505.51
2023-03-15,S07,Екатеринбург,Одежда,Кроссовки,1.0,6952.34,6952.34,4133.96
2025-03-25,S10,Самара,Одежда,Джинсы,4.0,4621.27,18485.08,8770.88
2023-09-03,S08,Новосибирск,Канцтовары,Калькулятор,2.0,1240.53,2481.06,1356.8
2025-08-09,S06,Казань,Канцтовары,Калькулятор,1.0,,1205.76,609.98
2023-06-18,S09,Ростов-на-Дону,Продукты,Чай 100п,4.0,475.36,1901.44,1429.34
2023-10-13,S10,Самара,Канцтовары,Набор ручек,1.0,365.88,365.88,148.74
2025-04-23,S04,Санкт-Петербург,Одежда,Футболка,1.0,1941.26,1941.26,1101.8
2023-08-25,S09,Ростов-на-Дону,Электроника,Наушники,1.0,3714.42,3714.42,3017.45
2024-12-17,S06,Казань,Канцтовары,Набор ручек,3.0,372.27,1116.81,618.94
2023-02-02,S10,Самара,Канцтовары,Степлер,1.0,511.93,511.93,206.56
2025-04-04,S01,Москва,Канцтовары,Ежедневник,4.0,695.71,2782.84,1428.45
2025-03-10,S04,Санкт-Петербург,Канцтовары,Ежедневник,3.0,748.27,2244.81,1315.41
2023-07-02,S07,Екатеринбург,Одежда,Джинсы,2.0,4642.5,9285.0,4877.63
2024-09-21,S05,Санкт-Петербург,Одежда,Футболка,2.0,1643.08,3286.16,1841.63
2024-03-27,S07,Екатеринбург,Продукты,Чай 100п,1.0,423.85,423.85,296.52
2024-02-19,S01,Москва,Одежда,Джинсы,,3888.78,7777.56,4538.04
2024-10-22,S05,Санкт-Петербург,Электроника,Планшет,1.0,19118.24,19118.24,15728.34
2023-09-06,S09,Ростов-на-Дону,Продукты,Шоколад,1.0,248.58,248.58,163.02
2025-08-16,S05,Санкт-Петербург,Продукты,Кофе 1кг,,983.73,4918.65,3730.36
2024-02-03,S06,Казань,Одежда,Кроссовки,1.0,6584.07,6584.07,3237.27
2024-01-11,S05,Санкт-Петербург,Одежда,Кроссовки,5.0,7081.82,35409.1,20669.44
2024-07-04,S01,Москва,Одежда,Кроссовки,2.0,6639.56,13279.12,6307.37
2025-07-29,S08,Новосибирск,Канцтовары,Калькулятор,1.0,1185.64,1185.64,515.94
2024-12-25,S05,Санкт-Петербург,Одежда,Куртка,1.0,9361.15,9361.15,4510.13
2023-03-08,S03,Москва,Одежда,Футболка,1.0,1706.55,1706.55,829.86
2023-01-17,S07,Екатеринбург,Канцтовары,Набор ручек,4.0,381.92,1527.68,680.43
2024-01-31,S10,Самара,Продукты,Кофе 1кг,2.0,971.78,1943.56,1467.49
2025-08-15,S08,Новосибирск,Канцтовары,Ежедневник,4.0,730.84,2923.36,1643.87
2023-03-03,S07,Екатеринбург,Бытовая техника,Блендер,1.0,5000.49,5000.49,3810.2
2023-11-26,S10,Самара,Электроника,Планшет,1.0,18563.66,18563.66,13878.21
2025-06-28,S03,Москва,Одежда,Куртка,1.0,,7659.52,3930.33
2024-11-06,S01,Москва,Канцтовары,Ежедневник,5.0,755.59,3777.95,2199.54
2023-01-13,S04,Санкт-Петербург,Электроника,Наушники,1.0,3808.11,3808.11,2917.89
2023-05-08,S04,Санкт-Петербург,Одежда,Куртка,3.0,7874.54,23623.62,14200.47
2024-10-29,S05,Санкт-Петербург,Продукты,Мёд 500г,1.0,566.17,566.17,373.01
2023-04-19,S07,Екатеринбург,Электроника,Наушники,1.0,3862.62,3862.62,3097.21
2023-06-22,S07,Екатеринбург,Продукты,Чай 100п,1.0,491.02,491.02,332.5
2025-05-23,S06,Казань,Одежда,Куртка,1.0,9360.87,9360.87,5873.48
2024-11-05,S07,Екатеринбург,Электроника,Планшет,2.0,17663.1,35326.2,26563.57
