date,store_id,region,category,product,quantity,unit_price,revenue,cost,profit,margin_pct,year,month
2024-11-27,S05,Санкт-Петербург,Электроника,Наушники,4.0,3898.53,15594.12,12198.85,3395.2700000000004,21.8,2024,11
2023-11-02,S02,Москва,Канцтовары,Калькулятор,7.0,1205.6,8439.2,4117.43,4321.77,51.2,2023,11
2023-08-21,S03,Москва,Одежда,Джинсы,1.0,4409.67,4409.67,2814.88,1594.79,36.2,2023,8
2024-10-19,S09,Ростов-на-Дону,Бытовая техника,Утюг,4.0,4422.54,17690.16,12907.94,4782.219999999999,27.0,2024,10
2023-10-09,S10,Самара,Бытовая техника,Блендер,4.0,4544.02,18176.08,12471.91,5704.170000000002,31.4,2023,10
2023-04-14,S02,Москва,Канцтовары,Степлер,3.0,411.18,1233.54,520.24,713.3,57.8,2023,4
2023-06-30,S09,Ростов-на-Дону,Бытовая техника,Утюг,1.0,3252.58,4379.33,3159.09,1220.2399999999998,27.9,2023,6
2025-07-06,S09,Ростов-на-Дону,Бытовая техника,Чайник,1.0,3020.46,3020.46,2034.28,986.1800000000001,32.6,2025,7
2025-11-16,S03,Москва,Электроника,Колонка,2.0,6200.37,18601.11,15193.57,3407.540000000001,18.3,2025,11
2024-11-15,S08,Новосибирск,Электроника,Планшет,3.0,16200.84,48602.52,37412.0,11190.519999999997,23.0,2024,11
2024-01-09,S04,Санкт-Петербург,Канцтовары,Калькулятор,6.0,1188.24,7129.44,3632.96,3496.4799999999996,49.0,2024,1
2024-01-18,S01,Москва,Канцтовары,Калькулятор,2.0,1160.33,2320.66,1173.89,1146.7699999999998,49.4,2024,1
2024-09-09,S06,Казань,Бытовая техника,Утюг,7.0,4327.85,30294.95,22662.16,7632.790000000001,25.2,2024,9
2024-05-03,S02,Москва,Бытовая техника,Чайник,2.0,3377.61,6755.22,4674.9,2080.3200000000006,30.8,2024,5
2024-08-11,S02,Москва,Электроника,Планшет,2.0,18693.84,37387.68,27732.7,9654.98,25.8,2024,8
2024-06-12,S05,Санкт-Петербург,Одежда,Кроссовки,2.0,6107.65,12215.3,5847.27,6368.029999999999,52.1,2024,6
2023-03-11,S04,Санкт-Петербург,Одежда,Кроссовки,3.0,6845.89,20537.67,10767.81,9769.859999999999,47.6,2023,3
2023-01-21,S02,Москва,Продукты,Мёд 500г,1.0,581.72,581.72,407.38,174.34000000000003,30.0,2023,1
2024-12-04,S01,Москва,Продукты,Шоколад,1.0,251.87,251.87,162.34,89.53,35.5,2024,12
2024-05-06,S08,Новосибирск,Электроника,Смартфон,1.0,28633.11,28633.11,21945.35,6687.760000000002,23.4,2024,5
2025-11-04,S02,Москва,Канцтовары,Ежедневник,1.0,801.09,801.09,340.68,460.41,57.5,2025,11
2024-08-31,S05,Санкт-Петербург,Электроника,Колонка,2.0,5395.11,5395.11,4125.66,1269.4499999999998,23.5,2024,8
2024-07-01,S10,Самара,Бытовая техника,Пылесос,2.0,3252.58,25757.28,17969.64,7787.639999999999,30.2,2024,7
2025-08-20,S04,Санкт-Петербург,Бытовая техника,Чайник,2.0,3196.62,6393.24,4384.31,2008.9299999999994,31.4,2025,8
2024-09-19,S05,Санкт-Петербург,Канцтовары,Степлер,1.0,503.66,503.66,252.23,251.43000000000004,49.9,2024,9
2023-04-14,S04,Санкт-Петербург,Продукты,Мёд 500г,3.0,555.22,1665.66,1264.89,400.77,24.1,2023,4
2023-05-12,S02,Москва,Канцтовары,Набор ручек,4.0,339.17,1356.68,752.89,603.7900000000001,44.5,2023,5
2025-04-18,S06,Казань,Продукты,Чай 100п,1.0,3252.58,488.55,338.18,150.37,30.8,2025,4
2023-07-29,S02,Москва,Канцтовары,Степлер,1.0,489.34,489.34,219.39,269.95,55.2,2023,7
2024-11-14,S06,Казань,Канцтовары,Степлер,3.0,435.07,1305.21,644.8,660.4100000000001,50.6,2024,11
2023-07-11,S01,Москва,Продукты,Мёд 500г,2.0,634.62,1269.24,910.77,358.47,28.2,2023,7
2024-08-03,S05,Санкт-Петербург,Бытовая техника,Блендер,2.0,5182.13,10364.26,6957.03,3407.2300000000005,32.9,2024,8
2023-05-16,S10,Самара,Продукты,Чай 100п,1.0,440.96,440.96,302.65,138.31,31.4,2023,5
2025-05-08,S09,Ростов-на-Дону,Одежда,Джинсы,1.0,4722.78,4722.78,2722.38,2000.3999999999996,42.4,2025,5
2025-07-30,S04,Санкт-Петербург,Продукты,Шоколад,2.0,259.32,518.64,358.25,160.39,30.9,2025,7
2024-09-19,S06,Казань,Продукты,Шоколад,16.0,228.85,3661.6,2612.74,1048.8600000000001,28.6,2024,9
2023-03-15,S01,Москва,Электроника,Колонка,2.0,5446.9,10893.8,8947.19,1946.6099999999988,17.9,2023,3
2025-11-02,S10,Самара,Бытовая техника,Пылесос,1.0,12978.33,4829.82,9857.18,-5027.360000000001,-104.1,2025,11
2025-01-31,S10,Самара,Электроника,Наушники,3.0,3458.45,10375.35,8194.76,2180.59,21.0,2025,1
2024-01-14,S04,Санкт-Петербург,Канцтовары,Степлер,4.0,422.8,1691.2,978.96,712.24,42.1,2024,1
2025-10-11,S01,Москва,Электроника,Колонка,5.0,5107.81,25539.05,19419.7,6119.3499999999985,24.0,2025,10
2024-04-20,S10,Самара,Электроника,Смартфон,1.0,27206.14,27206.14,22220.7,4985.439999999999,18.3,2024,4
2023-01-25,S09,Ростов-на-Дону,Продукты,Кофе 1кг,3.0,811.33,2433.99,1602.32,831.6699999999998,34.2,2023,1
2025-03-24,S09,Ростов-на-Дону,Продукты,Кофе 1кг,1.0,822.66,822.66,527.22,295.43999999999994,35.9,2025,3
2023-04-29,S01,Москва,Бытовая техника,Пылесос,2.0,13371.39,26742.78,20523.61,6219.169999999998,23.3,2023,4
2025-05-20,S02,Москва,Канцтовары,Ежедневник,1.0,774.82,774.82,460.17,314.65000000000003,40.6,2025,5
2023-01-19,S01,Москва,Продукты,Кофе 1кг,1.0,926.47,926.47,595.34,331.13,35.7,2023,1
2024-03-07,S08,Новосибирск,Канцтовары,Набор ручек,1.0,347.68,347.68,201.25,146.43,42.1,2024,3
2024-07-12,S05,Санкт-Петербург,Бытовая техника,Утюг,1.0,5060.97,5060.97,3471.52,1589.4500000000003,31.4,2024,7
2024-11-25,S04,Санкт-Петербург,Электроника,Наушники,2.0,3449.0,6898.0,5139.92,1758.08,25.5,2024,11
2024-05-05,S07,Екатеринбург,Электроника,Колонка,2.0,6176.6,12353.2,9588.1,2765.1000000000004,22.4,2024,5
2024-01-31,S10,Самара,Электроника,Смартфон,1.0,28537.63,28537.63,22581.21,5956.420000000002,20.9,2024,1
2023-03-18,S01,Москва,Электроника,Наушники,1.0,3609.93,3609.93,2835.93,774.0,21.4,2023,3
2023-03-18,S02,Москва,Продукты,Шоколад,1.0,264.1,264.1,196.5,67.60000000000002,25.6,2023,3
2024-07-05,S09,Ростов-на-Дону,Одежда,Куртка,4.0,8545.03,34180.12,18243.79,15936.330000000002,46.6,2024,7
2025-01-16,S08,Новосибирск,Бытовая техника,Пылесос,5.0,13247.57,66237.85,45126.56,21111.290000000008,31.9,2025,1
2023-07-14,S10,Самара,Электроника,Смартфон,3.0,22734.79,68204.37,52970.77,15233.599999999999,22.3,2023,7
2024-02-09,S07,Екатеринбург,Канцтовары,Набор ручек,1.0,364.6,364.6,174.25,190.35000000000002,52.2,2024,2
2025-12-02,S01,Москва,Канцтовары,Ежедневник,1.0,714.68,714.68,342.63,372.04999999999995,52.1,2025,12
2024-07-06,S02,Москва,Бытовая техника,Пылесос,1.0,13376.78,13376.78,10149.72,3227.0600000000013,24.1,2024,7
2025-04-06,S08,Новосибирск,Бытовая техника,Блендер,1.0,5013.12,5013.12,3765.66,1247.46,24.9,2025,4
2025-11-09,S08,Новосибирск,Электроника,Смартфон,6.0,27029.35,162176.1,121324.09,40852.01000000001,25.2,2025,11
2023-12-25,S09,Ростов-на-Дону,Продукты,Чай 100п,3.0,456.81,1370.43,1037.82,332.6100000000001,24.3,2023,12
2023-12-26,S10,Самара,Продукты,Кофе 1кг,2.0,816.17,1632.34,1137.58,494.76,30.3,2023,12
2024-11-21,S04,Санкт-Петербург,Бытовая техника,Блендер,10.0,4620.74,46207.4,31764.51,14442.890000000003,31.3,2024,11
2024-04-18,S04,Санкт-Петербург,Одежда,Футболка,12.0,1694.59,20335.08,12662.16,7672.920000000002,37.7,2024,4
2024-06-20,S07,Екатеринбург,Одежда,Куртка,2.0,9696.29,19392.58,8978.58,10414.000000000002,53.7,2024,6
2025-11-28,S09,Ростов-на-Дону,Электроника,Планшет,2.0,16601.42,33202.84,26677.72,6525.119999999995,19.7,2025,11
2024-06-03,S07,Екатеринбург,Одежда,Кроссовки,1.0,6620.96,6620.96,4206.66,2414.3,36.5,2024,6
2025-11-08,S02,Москва,Электроника,Колонка,3.0,5450.59,16351.77,12830.56,3521.210000000001,21.5,2025,11
2024-07-08,S05,Санкт-Петербург,Бытовая техника,Чайник,4.0,3659.36,14637.44,11319.97,3317.470000000001,22.7,2024,7
2024-03-09,S09,Ростов-на-Дону,Канцтовары,Калькулятор,6.0,1116.53,6699.18,3260.74,3438.4400000000005,51.3,2024,3
2025-04-15,S09,Ростов-на-Дону,Одежда,Куртка,7.0,8865.28,62056.96,38348.31,23708.65,38.2,2025,4
2025-05-21,S07,Екатеринбург,Одежда,Джинсы,2.0,4237.79,8475.58,4524.79,3950.79,46.6,2025,5
2025-12-16,S10,Самара,Одежда,Футболка,2.0,1843.52,3687.04,2038.99,1648.05,44.7,2025,12
2025-05-11,S02,Москва,Канцтовары,Степлер,1.0,471.87,471.87,258.97,212.89999999999998,45.1,2025,5
2024-03-11,S08,Новосибирск,Одежда,Кроссовки,6.0,6615.97,39695.82,23321.94,16373.880000000001,41.2,2024,3
2024-05-14,S10,Самара,Одежда,Футболка,1.0,1631.79,1631.79,800.06,831.73,51.0,2024,5
2023-03-26,S07,Екатеринбург,Бытовая техника,Блендер,1.0,5005.82,5005.82,3776.94,1228.8799999999997,24.5,2023,3
2025-08-15,S09,Ростов-на-Дону,Бытовая техника,Пылесос,1.0,13082.05,13082.05,9607.17,3474.879999999999,26.6,2025,8
2023-10-20,S08,Новосибирск,Продукты,Шоколад,4.0,254.61,1018.44,703.06,315.3800000000001,31.0,2023,10
2023-11-05,S07,Екатеринбург,Продукты,Мёд 500г,4.0,623.3,2493.2,1826.48,666.7199999999998,26.7,2023,11
2024-02-17,S01,Москва,Бытовая техника,Пылесос,1.0,3252.58,12488.49,9278.3,3210.1900000000005,25.7,2024,2
2025-11-11,S04,Санкт-Петербург,Электроника,Наушники,7.0,3353.16,4829.82,17614.76,-12784.939999999999,-264.7,2025,11
2025-08-02,S06,Казань,Одежда,Кроссовки,3.0,5977.66,17932.98,11170.75,6762.23,37.7,2025,8
2024-09-28,S09,Ростов-на-Дону,Одежда,Футболка,6.0,1640.83,9844.98,4715.86,5129.12,52.1,2024,9
2023-06-19,S04,Санкт-Петербург,Электроника,Наушники,1.0,3196.68,3196.68,2444.24,752.44,23.5,2023,6
2025-07-21,S07,Екатеринбург,Электроника,Планшет,1.0,20249.52,20249.52,16486.86,3762.66,18.6,2025,7
2025-12-29,S02,Москва,Продукты,Мёд 500г,10.0,644.08,6440.8,4530.11,1910.6900000000005,29.7,2025,12
2023-12-21,S05,Санкт-Петербург,Бытовая техника,Пылесос,8.0,12703.32,101626.56,73994.14,27632.42,27.2,2023,12
2025-06-02,S07,Екатеринбург,Канцтовары,Степлер,4.0,414.48,1657.92,756.37,901.5500000000001,54.4,2025,6
2024-06-16,S09,Ростов-на-Дону,Продукты,Шоколад,2.0,236.9,473.8,360.07,113.73000000000002,24.0,2024,6
2023-08-26,S09,Ростов-на-Дону,Бытовая техника,Чайник,2.0,3059.81,6119.62,4318.2,1801.42,29.4,2023,8
2025-02-13,S03,Москва,Канцтовары,Ежедневник,1.0,651.88,651.88,283.93,367.95,56.4,2025,2
2023-06-03,S02,Москва,Продукты,Мёд 500г,3.0,610.87,1832.61,1297.41,535.1999999999998,29.2,2023,6
2024-05-04,S01,Москва,Одежда,Джинсы,1.0,4638.32,4638.32,2235.51,2402.8099999999995,51.8,2024,5
2024-05-14,S07,Екатеринбург,Одежда,Кроссовки,1.0,7211.31,4829.82,4507.6,322.21999999999935,6.7,2024,5
2023-04-06,S02,Москва,Электроника,Смартфон,2.0,22533.21,90132.84,68139.77,21993.069999999992,24.4,2023,4
2024-04-11,S07,Екатеринбург,Канцтовары,Степлер,6.0,433.08,2598.48,1136.5,1461.98,56.3,2024,4
2023-11-07,S08,Новосибирск,Одежда,Джинсы,2.0,4255.16,8510.32,5396.58,3113.74,36.6,2023,11
2024-08-23,S10,Самара,Электроника,Колонка,1.0,6308.05,6308.05,4752.39,1555.6599999999999,24.7,2024,8
2023-05-10,S07,Екатеринбург,Электроника,Планшет,1.0,17604.67,17604.67,13177.05,4427.619999999999,25.2,2023,5
2025-01-04,S09,Ростов-на-Дону,Одежда,Кроссовки,1.0,6489.53,6489.53,3368.67,3120.8599999999997,48.1,2025,1
2024-12-25,S01,Москва,Канцтовары,Набор ручек,1.0,335.65,335.65,188.94,146.70999999999998,43.7,2024,12
2024-07-17,S05,Санкт-Петербург,Бытовая техника,Утюг,1.0,5158.47,5158.47,3936.86,1221.6100000000001,23.7,2024,7
2025-04-19,S07,Екатеринбург,Канцтовары,Набор ручек,9.0,344.82,3103.38,1429.61,1673.7700000000002,53.9,2025,4
2025-09-25,S05,Санкт-Петербург,Бытовая техника,Блендер,1.0,5451.06,5451.06,4176.06,1275.0,23.4,2025,9
2024-04-23,S10,Самара,Одежда,Футболка,4.0,1931.24,4829.82,4716.83,112.98999999999978,2.3,2024,4
2024-02-22,S01,Москва,Продукты,Шоколад,1.0,253.28,253.28,187.13,66.15,26.1,2024,2
2025-12-17,S02,Москва,Электроника,Смартфон,15.0,27866.25,4829.82,321314.08,-316484.26,-6552.7,2025,12
2024-05-20,S09,Ростов-на-Дону,Одежда,Кроссовки,6.0,5935.59,35613.54,21387.6,14225.940000000002,39.9,2024,5
2023-10-21,S01,Москва,Электроника,Наушники,1.0,3580.16,3580.16,2903.44,676.7199999999998,18.9,2023,10
2024-07-29,S03,Москва,Бытовая техника,Пылесос,1.0,13545.76,13545.76,9914.25,3631.51,26.8,2024,7
2024-07-14,S05,Санкт-Петербург,Одежда,Кроссовки,1.0,5861.12,5861.12,3027.75,2833.37,48.3,2024,7
2025-09-18,S04,Санкт-Петербург,Продукты,Чай 100п,2.0,468.38,936.76,614.77,321.99,34.4,2025,9
2024-04-25,S05,Санкт-Петербург,Бытовая техника,Блендер,1.0,5532.82,5532.82,4124.64,1408.1799999999994,25.5,2024,4
2023-04-22,S02,Москва,Одежда,Куртка,3.0,8318.59,24955.77,12179.0,12776.77,51.2,2023,4
2024-12-31,S04,Санкт-Петербург,Одежда,Футболка,1.0,2026.53,2026.53,1265.59,760.94,37.5,2024,12
2024-08-08,S02,Москва,Бытовая техника,Блендер,4.0,5026.67,20106.68,13865.29,6241.389999999999,31.0,2024,8
2023-03-10,S04,Санкт-Петербург,Бытовая техника,Блендер,2.0,4539.48,9078.96,6298.53,2780.4299999999994,30.6,2023,3
2023-03-13,S02,Москва,Бытовая техника,Чайник,1.0,3431.38,3431.38,2347.19,1084.19,31.6,2023,3
2023-06-30,S09,Ростов-на-Дону,Электроника,Смартфон,1.0,25103.54,25103.54,20564.62,4538.920000000002,18.1,2023,6
2024-05-25,S08,Новосибирск,Канцтовары,Ежедневник,1.0,707.13,707.13,305.71,401.42,56.8,2024,5
2025-06-27,S10,Самара,Продукты,Кофе 1кг,4.0,907.48,3629.92,2436.63,1193.29,32.9,2025,6
2023-03-04,S02,Москва,Электроника,Планшет,2.0,16205.92,81029.6,61669.99,19359.610000000008,23.9,2023,3
2024-08-18,S05,Санкт-Петербург,Электроника,Планшет,1.0,3252.58,17887.95,14237.45,3650.5,20.4,2024,8
2024-10-25,S06,Казань,Электроника,Колонка,10.0,5449.99,4829.82,40292.03,-35462.21,-734.2,2024,10
2024-05-18,S05,Санкт-Петербург,Продукты,Кофе 1кг,3.0,978.32,2934.96,2025.34,909.6200000000001,31.0,2024,5
2023-05-10,S06,Казань,Продукты,Кофе 1кг,2.0,828.63,1657.26,1210.72,446.53999999999996,26.9,2023,5
2025-03-06,S01,Москва,Канцтовары,Набор ручек,4.0,318.06,1272.24,658.68,613.5600000000001,48.2,2025,3
2023-05-20,S10,Самара,Канцтовары,Степлер,1.0,426.63,426.63,172.79,253.84,59.5,2023,5
2025-12-13,S06,Казань,Одежда,Кроссовки,1.0,6906.73,6906.73,3933.65,2973.0799999999995,43.0,2025,12
2024-04-03,S07,Екатеринбург,Бытовая техника,Пылесос,3.0,11112.33,33336.99,23709.96,9627.029999999999,28.9,2024,4
2024-04-08,S03,Москва,Бытовая техника,Блендер,1.0,5346.96,5346.96,3842.57,1504.3899999999999,28.1,2024,4
2025-11-21,S01,Москва,Продукты,Чай 100п,5.0,428.99,2144.95,1577.72,567.2299999999998,26.4,2025,11
2025-05-26,S06,Казань,Продукты,Шоколад,4.0,269.73,1078.92,728.82,350.1,32.4,2025,5
2024-05-30,S03,Москва,Канцтовары,Степлер,3.0,430.36,1291.08,761.01,530.0699999999999,41.1,2024,5
2023-08-25,S07,Екатеринбург,Продукты,Чай 100п,9.0,505.57,4550.13,3432.84,1117.29,24.6,2023,8
2023-02-27,S03,Москва,Бытовая техника,Блендер,1.0,4923.74,4923.74,3516.33,1407.4099999999999,28.6,2023,2
2025-02-27,S10,Самара,Бытовая техника,Утюг,6.0,4098.39,24590.34,17213.73,7376.610000000001,30.0,2025,2
2023-07-08,S02,Москва,Продукты,Чай 100п,1.0,459.17,459.17,332.29,126.88,27.6,2023,7
2023-04-10,S05,Санкт-Петербург,Продукты,Мёд 500г,2.0,544.08,1088.16,799.38,288.7800000000001,26.5,2023,4
2023-12-06,S01,Москва,Бытовая техника,Блендер,1.0,4538.94,4538.94,3505.1,1033.8399999999997,22.8,2023,12
2025-02-05,S06,Казань,Электроника,Смартфон,3.0,27895.65,4829.82,63646.77,-58816.95,-1217.8,2025,2
2024-11-10,S01,Москва,Канцтовары,Ежедневник,1.0,689.65,689.65,365.69,323.96,47.0,2024,11
2025-05-08,S09,Ростов-на-Дону,Канцтовары,Калькулятор,5.0,1302.39,6511.95,2646.63,3865.3199999999997,59.4,2025,5
2023-10-06,S03,Москва,Одежда,Кроссовки,13.0,6430.02,83590.26,49547.04,34043.219999999994,40.7,2023,10
2025-03-22,S04,Санкт-Петербург,Продукты,Чай 100п,1.0,462.37,462.37,309.78,152.59000000000003,33.0,2025,3
2025-01-19,S06,Казань,Канцтовары,Степлер,3.0,460.11,1380.33,624.0,756.3299999999999,54.8,2025,1
2025-11-29,S06,Казань,Одежда,Куртка,1.0,8979.38,8979.38,5405.7,3573.6799999999994,39.8,2025,11
2023-05-02,S07,Екатеринбург,Электроника,Колонка,1.0,6213.52,6213.52,4707.09,1506.4300000000003,24.2,2023,5
2025-03-12,S02,Москва,Бытовая техника,Пылесос,2.0,11697.39,23394.78,16002.29,7392.489999999998,31.6,2025,3
2025-02-16,S08,Новосибирск,Бытовая техника,Пылесос,4.0,12957.05,51828.2,37354.1,14474.099999999999,27.9,2025,2
2025-12-06,S06,Казань,Электроника,Наушники,1.0,3886.92,3886.92,3178.02,708.9000000000001,18.2,2025,12
2023-06-11,S10,Самара,Бытовая техника,Пылесос,1.0,12981.82,12981.82,9244.49,3737.33,28.8,2023,6
2023-03-19,S07,Екатеринбург,Одежда,Кроссовки,1.0,6781.17,6781.17,3855.47,2925.7000000000003,43.1,2023,3
2025-04-29,S05,Санкт-Петербург,Продукты,Чай 100п,3.0,418.66,1255.98,926.85,329.13,26.2,2025,4
2025-03-10,S10,Самара,Одежда,Футболка,2.0,1781.49,3562.98,2035.01,1527.97,42.9,2025,3
2023-11-04,S09,Ростов-на-Дону,Электроника,Планшет,7.0,17181.93,120273.51,96462.86,23810.649999999994,19.8,2023,11
2024-08-21,S05,Санкт-Петербург,Бытовая техника,Блендер,1.0,4939.38,4939.38,3678.99,1260.3900000000003,25.5,2024,8
2025-01-12,S03,Москва,Продукты,Шоколад,2.0,253.84,507.68,352.71,154.97000000000003,30.5,2025,1
2024-02-10,S06,Казань,Продукты,Мёд 500г,1.0,581.89,581.89,436.82,145.07,24.9,2024,2
2023-12-31,S03,Москва,Продукты,Чай 100п,2.0,407.07,814.14,536.67,277.47,34.1,2023,12
2023-08-14,S01,Москва,Продукты,Шоколад,1.0,236.62,236.62,165.38,71.24000000000001,30.1,2023,8
2023-01-19,S01,Москва,Канцтовары,Ежедневник,1.0,654.45,654.45,337.1,317.35,48.5,2023,1
2023-02-01,S07,Екатеринбург,Бытовая техника,Блендер,1.0,5616.68,5616.68,4093.91,1522.7700000000004,27.1,2023,2
2024-05-07,S03,Москва,Электроника,Смартфон,1.0,23965.16,23965.16,19683.8,4281.360000000001,17.9,2024,5
2024-01-14,S08,Новосибирск,Электроника,Колонка,2.0,3252.58,11012.66,8227.74,2784.92,25.3,2024,1
2023-11-04,S02,Москва,Продукты,Мёд 500г,1.0,650.4,650.4,452.22,198.17999999999995,30.5,2023,11
2024-11-02,S08,Новосибирск,Бытовая техника,Чайник,13.0,3104.32,40356.16,30491.36,9864.800000000003,24.4,2024,11
2024-03-08,S07,Екатеринбург,Канцтовары,Степлер,8.0,437.63,3501.04,1826.27,1674.77,47.8,2024,3
2024-12-07,S07,Екатеринбург,Бытовая техника,Блендер,2.0,5280.19,10560.38,7541.91,3018.4699999999993,28.6,2024,12
2024-11-20,S08,Новосибирск,Электроника,Колонка,7.0,5488.14,38416.98,30843.46,7573.520000000004,19.7,2024,11
2024-07-07,S01,Москва,Электроника,Колонка,1.0,6031.99,6031.99,4605.09,1426.8999999999996,23.7,2024,7
2025-07-05,S02,Москва,Бытовая техника,Чайник,1.0,3066.04,3066.04,2112.52,953.52,31.1,2025,7
2024-07-25,S01,Москва,Канцтовары,Калькулятор,3.0,1368.96,4106.88,2398.61,1708.27,41.6,2024,7
2023-01-11,S05,Санкт-Петербург,Электроника,Колонка,1.0,5633.65,5633.65,4547.02,1086.6299999999992,19.3,2023,1
2025-09-09,S03,Москва,Электроника,Смартфон,1.0,27904.46,4829.82,21396.39,-16566.57,-343.0,2025,9
2023-08-24,S02,Москва,Одежда,Футболка,2.0,1928.66,3857.32,2327.13,1530.19,39.7,2023,8
2023-04-26,S01,Москва,Электроника,Смартфон,1.0,24365.22,4829.82,19408.19,-14578.369999999999,-301.8,2023,4
2023-03-31,S04,Санкт-Петербург,Одежда,Кроссовки,3.0,6904.05,20712.15,10038.86,10673.29,51.5,2023,3
2025-09-09,S04,Санкт-Петербург,Бытовая техника,Блендер,1.0,5260.95,5260.95,3803.32,1457.6299999999997,27.7,2025,9
2025-04-06,S01,Москва,Одежда,Футболка,2.0,1733.78,3467.56,1743.52,1724.04,49.7,2025,4
2024-03-01,S03,Москва,Продукты,Шоколад,1.0,3252.58,259.99,192.38,67.61000000000001,26.0,2024,3
2023-05-23,S02,Москва,Канцтовары,Ежедневник,10.0,702.76,7027.6,3183.51,3844.09,54.7,2023,5
2025-02-26,S10,Самара,Одежда,Кроссовки,9.0,5939.73,53457.57,32975.63,20481.940000000002,38.3,2025,2
2024-08-21,S03,Москва,Канцтовары,Степлер,1.0,492.17,492.17,245.65,246.52,50.1,2024,8
2024-04-16,S03,Москва,Одежда,Кроссовки,1.0,6163.41,6163.41,3354.13,2809.2799999999997,45.6,2024,4
2025-10-26,S06,Казань,Бытовая техника,Чайник,6.0,3127.94,18767.64,13117.16,5650.48,30.1,2025,10
2025-04-23,S06,Казань,Продукты,Шоколад,1.0,265.04,265.04,177.29,87.75000000000003,33.1,2025,4
2024-02-07,S06,Казань,Канцтовары,Калькулятор,4.0,1212.04,4848.16,2317.72,2530.44,52.2,2024,2
2023-12-05,S08,Новосибирск,Канцтовары,Набор ручек,1.0,392.03,392.03,164.05,227.97999999999996,58.2,2023,12
2023-10-01,S03,Москва,Бытовая техника,Пылесос,1.0,12734.5,12734.5,8864.75,3869.75,30.4,2023,10
2025-10-03,S07,Екатеринбург,Одежда,Футболка,1.0,2002.71,2002.71,1270.61,732.1000000000001,36.6,2025,10
2025-10-18,S08,Новосибирск,Электроника,Колонка,1.0,5423.24,5423.24,4433.58,989.6599999999999,18.2,2025,10
2023-01-05,S04,Санкт-Петербург,Бытовая техника,Чайник,1.0,3238.14,3238.14,2165.38,1072.7599999999998,33.1,2023,1
2023-08-05,S05,Санкт-Петербург,Одежда,Кроссовки,1.0,7137.74,7137.74,4521.85,2615.8899999999994,36.6,2023,8
2023-05-17,S03,Москва,Бытовая техника,Пылесос,1.0,12816.18,12816.18,9782.23,3033.9500000000007,23.7,2023,5
2023-09-24,S06,Казань,Канцтовары,Калькулятор,1.0,1340.99,1340.99,592.58,748.41,55.8,2023,9
2024-09-16,S01,Москва,Одежда,Футболка,2.0,1958.45,3916.9,2280.6,1636.3000000000002,41.8,2024,9
2024-01-25,S06,Казань,Бытовая техника,Блендер,2.0,5502.11,11004.22,8018.36,2985.8599999999997,27.1,2024,1
2024-05-11,S04,Санкт-Петербург,Бытовая техника,Пылесос,1.0,12520.1,12520.1,8578.09,3942.01,31.5,2024,5
2025-12-13,S08,Новосибирск,Одежда,Кроссовки,8.0,6037.78,48302.24,26544.79,21757.449999999997,45.0,2025,12
2025-02-24,S09,Ростов-на-Дону,Электроника,Смартфон,9.0,24302.53,218722.77,172730.97,45991.79999999999,21.0,2025,2
2024-03-26,S06,Казань,Электроника,Колонка,1.0,5462.14,5462.14,4344.79,1117.3500000000004,20.5,2024,3
2025-02-03,S09,Ростов-на-Дону,Продукты,Чай 100п,1.0,458.33,458.33,300.53,157.8,34.4,2025,2
2023-05-13,S07,Екатеринбург,Канцтовары,Калькулятор,1.0,1356.7,1356.7,605.98,750.72,55.3,2023,5
2025-02-12,S01,Москва,Бытовая техника,Блендер,5.0,5165.44,25827.2,19052.35,6774.850000000002,26.2,2025,2
2024-12-03,S04,Санкт-Петербург,Канцтовары,Калькулятор,1.0,1312.6,1312.6,657.17,655.43,49.9,2024,12
2024-04-22,S09,Ростов-на-Дону,Канцтовары,Ежедневник,4.0,787.91,3151.64,1634.23,1517.4099999999999,48.1,2024,4
2023-12-21,S01,Москва,Электроника,Наушники,2.0,3158.6,6317.2,5022.27,1294.9299999999994,20.5,2023,12
2024-01-28,S07,Екатеринбург,Электроника,Планшет,2.0,20180.57,20180.57,15502.78,4677.789999999999,23.2,2024,1
2024-08-07,S07,Екатеринбург,Одежда,Кроссовки,6.0,6476.52,38859.12,19540.38,19318.74,49.7,2024,8
2024-02-27,S01,Москва,Продукты,Мёд 500г,3.0,656.4,1969.2,1446.35,522.8500000000001,26.6,2024,2
2024-04-15,S08,Новосибирск,Канцтовары,Степлер,2.0,470.02,940.04,533.87,406.16999999999996,43.2,2024,4
2025-12-27,S06,Казань,Канцтовары,Ежедневник,1.0,708.04,708.04,321.89,386.15,54.5,2025,12
2025-12-17,S02,Москва,Электроника,Смартфон,1.0,25915.48,25915.48,19628.78,6286.700000000001,24.3,2025,12
2023-07-24,S05,Санкт-Петербург,Электроника,Колонка,2.0,5667.58,4829.82,9106.45,-4276.630000000001,-88.5,2023,7
2023-02-01,S06,Казань,Продукты,Чай 100п,2.0,507.41,1014.82,700.65,314.1700000000001,31.0,2023,2
2023-07-21,S02,Москва,Продукты,Шоколад,1.0,262.42,262.42,195.07,67.35000000000002,25.7,2023,7
2025-12-17,S09,Ростов-на-Дону,Одежда,Джинсы,2.0,4705.56,9411.12,4802.87,4608.250000000001,49.0,2025,12
2024-04-19,S04,Санкт-Петербург,Электроника,Наушники,4.0,3678.26,14713.04,11366.13,3346.9100000000017,22.7,2024,4
2024-07-17,S06,Казань,Бытовая техника,Чайник,3.0,3592.11,10776.33,8287.36,2488.9699999999993,23.1,2024,7
2023-02-11,S08,Новосибирск,Канцтовары,Степлер,1.0,413.5,413.5,190.6,222.9,53.9,2023,2
2024-02-09,S10,Самара,Канцтовары,Набор ручек,2.0,317.56,635.12,316.35,318.77,50.2,2024,2
2023-09-23,S06,Казань,Электроника,Смартфон,1.0,22638.77,22638.77,16819.38,5819.389999999999,25.7,2023,9
2025-02-26,S03,Москва,Канцтовары,Ежедневник,2.0,804.91,1609.82,827.13,782.6899999999999,48.6,2025,2
2025-06-11,S09,Ростов-на-Дону,Электроника,Колонка,1.0,5747.62,5747.62,4292.23,1455.3900000000003,25.3,2025,6
2025-02-06,S08,Новосибирск,Продукты,Шоколад,3.0,247.58,742.74,558.18,184.56000000000006,24.8,2025,2
2025-04-12,S10,Самара,Бытовая техника,Чайник,4.0,3435.25,13741.0,9284.74,4456.26,32.4,2025,4
2024-11-01,S06,Казань,Одежда,Футболка,1.0,2022.4,2022.4,937.47,1084.93,53.6,2024,11
2023-09-28,S03,Москва,Бытовая техника,Чайник,1.0,3410.82,4829.82,2493.07,2336.7499999999995,48.4,2023,9
2025-12-03,S01,Москва,Электроника,Колонка,10.0,5332.89,53328.9,40957.27,12371.630000000005,23.2,2025,12
2025-09-04,S01,Москва,Одежда,Футболка,1.0,1808.05,1808.05,1063.05,745.0,41.2,2025,9
2025-01-23,S06,Казань,Бытовая техника,Пылесос,1.0,13142.05,13142.05,9346.64,3795.41,28.9,2025,1
2025-11-19,S02,Москва,Продукты,Шоколад,8.0,278.6,2228.8,1578.62,650.1800000000003,29.2,2025,11
2024-09-10,S03,Москва,Электроника,Планшет,3.0,16282.71,48848.13,38955.29,9892.839999999997,20.3,2024,9
2023-09-17,S02,Москва,Одежда,Куртка,6.0,7853.06,47118.36,22222.13,24896.23,52.8,2023,9
2025-12-16,S03,Москва,Электроника,Смартфон,8.0,26172.67,209381.36,165302.5,44078.859999999986,21.1,2025,12
2024-02-08,S09,Ростов-на-Дону,Одежда,Куртка,1.0,9157.25,9157.25,5170.11,3987.1400000000003,43.5,2024,2
2023-09-08,S09,Ростов-на-Дону,Бытовая техника,Пылесос,8.0,13359.38,4829.82,71771.78,-66941.95999999999,-1386.0,2023,9
2024-02-14,S08,Новосибирск,Канцтовары,Калькулятор,1.0,1104.91,1104.91,565.55,539.3600000000001,48.8,2024,2
2024-05-07,S01,Москва,Электроника,Колонка,2.0,6318.1,12636.2,9976.49,2659.710000000001,21.0,2024,5
2023-05-30,S07,Екатеринбург,Бытовая техника,Утюг,3.0,4909.09,14727.27,10895.89,3831.380000000001,26.0,2023,5
2023-09-22,S06,Казань,Бытовая техника,Пылесос,4.0,13596.39,54385.56,37648.81,16736.75,30.8,2023,9
2024-08-17,S10,Самара,Канцтовары,Калькулятор,5.0,1141.99,5709.95,3391.19,2318.7599999999998,40.6,2024,8
2024-09-22,S03,Москва,Одежда,Футболка,2.0,1706.07,3412.14,1626.04,1786.1,52.3,2024,9
2025-02-13,S03,Москва,Бытовая техника,Блендер,1.0,4735.25,4735.25,3422.15,1313.1,27.7,2025,2
2023-02-07,S04,Санкт-Петербург,Одежда,Куртка,4.0,8719.34,34877.36,19274.89,15602.470000000001,44.7,2023,2
2024-06-10,S10,Самара,Одежда,Куртка,1.0,8039.37,8039.37,4646.3,3393.0699999999997,42.2,2024,6
2025-11-23,S08,Новосибирск,Одежда,Кроссовки,7.0,6124.69,42872.83,23022.55,19850.280000000002,46.3,2025,11
2023-09-17,S05,Санкт-Петербург,Канцтовары,Калькулятор,3.0,1223.1,3669.3,2173.43,1495.8700000000003,40.8,2023,9
2024-09-28,S10,Самара,Продукты,Шоколад,1.0,287.35,287.35,208.76,78.59000000000003,27.3,2024,9
2025-09-30,S01,Москва,Электроника,Наушники,1.0,3165.57,3165.57,2537.96,627.6100000000001,19.8,2025,9
2024-09-06,S03,Москва,Продукты,Кофе 1кг,3.0,823.8,2471.4,1693.38,778.02,31.5,2024,9
2025-11-28,S04,Санкт-Петербург,Бытовая техника,Блендер,6.0,5558.77,33352.62,24451.6,8901.020000000004,26.7,2025,11
2023-09-25,S05,Санкт-Петербург,Бытовая техника,Пылесос,3.0,12606.16,37818.48,29165.92,8652.560000000005,22.9,2023,9
2023-06-19,S09,Ростов-на-Дону,Одежда,Футболка,2.0,1937.81,1937.81,1210.61,727.2,37.5,2023,6
2024-06-05,S07,Екатеринбург,Бытовая техника,Пылесос,1.0,12729.04,12729.04,8493.46,4235.580000000002,33.3,2024,6
2024-02-24,S06,Казань,Электроника,Смартфон,2.0,27936.85,55873.7,43132.7,12741.0,22.8,2024,2
2024-09-17,S08,Новосибирск,Электроника,Колонка,2.0,6209.41,12418.82,10022.52,2396.2999999999993,19.3,2024,9
2024-11-24,S04,Санкт-Петербург,Бытовая техника,Чайник,2.0,2894.71,5789.42,3881.09,1908.33,33.0,2024,11
2025-12-07,S07,Екатеринбург,Канцтовары,Калькулятор,1.0,1257.39,1257.39,613.29,644.1000000000001,51.2,2025,12
2024-11-04,S03,Москва,Электроника,Наушники,2.0,3584.32,7168.64,5710.96,1457.6800000000003,20.3,2024,11
2023-09-30,S01,Москва,Бытовая техника,Чайник,3.0,3129.75,9389.25,6448.67,2940.58,31.3,2023,9
2024-07-23,S07,Екатеринбург,Электроника,Наушники,1.0,3875.31,3875.31,3156.38,718.9299999999998,18.6,2024,7
2023-11-30,S06,Казань,Одежда,Футболка,2.0,1723.72,1723.72,1038.06,685.6600000000001,39.8,2023,11
2024-06-04,S06,Казань,Электроника,Колонка,2.0,5038.29,10076.58,8064.57,2012.0100000000002,20.0,2024,6
2023-05-08,S02,Москва,Электроника,Наушники,3.0,3969.14,11907.42,9214.37,2693.0499999999993,22.6,2023,5
2025-12-19,S06,Казань,Канцтовары,Ежедневник,2.0,643.4,1286.8,617.23,669.5699999999999,52.0,2025,12
2024-02-27,S08,Новосибирск,Продукты,Чай 100п,2.0,441.45,882.9,663.94,218.95999999999992,24.8,2024,2
2025-04-29,S02,Москва,Одежда,Футболка,1.0,1670.56,1670.56,834.12,836.4399999999999,50.1,2025,4
2025-08-19,S05,Санкт-Петербург,Одежда,Футболка,4.0,1875.52,7502.08,3542.12,3959.96,52.8,2025,8
2025-07-25,S04,Санкт-Петербург,Электроника,Планшет,2.0,20652.77,41305.54,30586.33,10719.21,26.0,2025,7
2024-06-03,S02,Москва,Бытовая техника,Чайник,9.0,2988.6,26897.4,17967.26,8930.140000000003,33.2,2024,6
2023-07-05,S04,Санкт-Петербург,Одежда,Футболка,1.0,1913.71,1913.71,1164.32,749.3900000000001,39.2,2023,7
2024-05-28,S07,Екатеринбург,Канцтовары,Степлер,3.0,445.07,1335.21,651.55,683.6600000000001,51.2,2024,5
2024-09-30,S10,Самара,Одежда,Джинсы,3.0,3877.18,11631.54,7150.03,4481.510000000001,38.5,2024,9
2025-03-13,S06,Казань,Продукты,Шоколад,5.0,226.76,1133.8,812.88,320.91999999999996,28.3,2025,3
2024-09-02,S08,Новосибирск,Бытовая техника,Пылесос,1.0,11150.26,11150.26,8419.6,2730.66,24.5,2024,9
2023-05-06,S05,Санкт-Петербург,Бытовая техника,Пылесос,3.0,11800.22,35400.66,25375.17,10025.490000000005,28.3,2023,5
2024-05-22,S02,Москва,Электроника,Колонка,4.0,5770.8,23083.2,18147.75,4935.450000000001,21.4,2024,5
2024-06-22,S01,Москва,Продукты,Кофе 1кг,2.0,853.37,1706.74,1241.34,465.4000000000001,27.3,2024,6
2024-07-04,S09,Ростов-на-Дону,Бытовая техника,Чайник,1.0,2961.51,2961.51,2093.75,867.7600000000002,29.3,2024,7
2025-08-16,S08,Новосибирск,Электроника,Наушники,6.0,3312.07,19872.42,15632.47,4239.949999999999,21.3,2025,8
2025-08-09,S01,Москва,Продукты,Кофе 1кг,1.0,1029.74,1029.74,778.52,251.22000000000003,24.4,2025,8
2023-07-09,S07,Екатеринбург,Канцтовары,Калькулятор,5.0,1327.08,6635.4,3247.22,3388.18,51.1,2023,7
2023-10-24,S05,Санкт-Петербург,Электроника,Наушники,1.0,3593.18,3593.18,2713.05,880.1299999999997,24.5,2023,10
2024-08-14,S10,Самара,Канцтовары,Степлер,1.0,475.57,475.57,192.78,282.78999999999996,59.5,2024,8
2025-10-06,S04,Санкт-Петербург,Продукты,Кофе 1кг,1.0,901.18,901.18,594.58,306.5999999999999,34.0,2025,10
2023-08-01,S10,Самара,Электроника,Наушники,2.0,3384.39,6768.78,5058.46,1710.3199999999997,25.3,2023,8
2023-08-05,S02,Москва,Канцтовары,Набор ручек,1.0,365.76,365.76,181.29,184.47,50.4,2023,8
2023-08-21,S10,Самара,Одежда,Куртка,2.0,8719.76,17439.52,11037.89,6401.630000000001,36.7,2023,8
2024-11-15,S02,Москва,Продукты,Кофе 1кг,1.0,910.29,910.29,634.16,276.13,30.3,2024,11
2025-09-10,S01,Москва,Одежда,Куртка,5.0,9318.28,46591.4,25168.3,21423.100000000002,46.0,2025,9
2023-06-11,S09,Ростов-на-Дону,Канцтовары,Степлер,1.0,465.43,465.43,264.76,200.67000000000002,43.1,2023,6
2025-08-06,S04,Санкт-Петербург,Одежда,Джинсы,4.0,4068.81,16275.24,9555.19,6720.049999999999,41.3,2025,8
2025-06-13,S08,Новосибирск,Одежда,Кроссовки,1.0,6142.82,6142.82,3042.95,3099.87,50.5,2025,6
2024-03-12,S05,Санкт-Петербург,Продукты,Кофе 1кг,4.0,903.63,3614.52,2665.56,948.96,26.3,2024,3
2024-02-22,S08,Новосибирск,Бытовая техника,Утюг,2.0,4723.38,9446.76,7275.79,2170.9700000000003,23.0,2024,2
2024-11-17,S06,Казань,Продукты,Мёд 500г,2.0,686.84,1373.68,969.0,404.68000000000006,29.5,2024,11
2025-01-21,S10,Самара,Продукты,Чай 100п,1.0,463.46,463.46,326.53,136.93,29.5,2025,1
2024-11-23,S07,Екатеринбург,Канцтовары,Набор ручек,15.0,343.27,5149.05,2754.04,2395.01,46.5,2024,11
2025-02-11,S02,Москва,Продукты,Чай 100п,1.0,496.91,4829.82,328.19,4501.63,93.2,2025,2
2025-10-09,S04,Санкт-Петербург,Продукты,Шоколад,14.0,230.24,3223.36,2400.56,822.8000000000002,25.5,2025,10
2024-05-28,S08,Новосибирск,Электроника,Смартфон,1.0,27570.19,27570.19,20977.29,6592.899999999998,23.9,2024,5
2025-02-27,S06,Казань,Продукты,Чай 100п,2.0,423.71,847.42,590.85,256.56999999999994,30.3,2025,2
2024-04-27,S02,Москва,Продукты,Мёд 500г,15.0,600.27,9004.05,5891.91,3112.1399999999994,34.6,2024,4
2025-12-01,S02,Москва,Одежда,Кроссовки,3.0,5933.24,17799.72,10996.71,6803.010000000002,38.2,2025,12
2024-07-20,S04,Санкт-Петербург,Одежда,Футболка,1.0,1696.6,1696.6,802.88,893.7199999999999,52.7,2024,7
2024-03-29,S10,Самара,Одежда,Кроссовки,2.0,6087.07,12174.14,6369.88,5804.259999999999,47.7,2024,3
2024-05-31,S10,Самара,Продукты,Чай 100п,2.0,505.01,1010.02,691.05,318.97,31.6,2024,5
2025-08-08,S01,Москва,Бытовая техника,Пылесос,1.0,12942.19,12942.19,8949.28,3992.91,30.9,2025,8
2025-09-12,S10,Самара,Одежда,Куртка,2.0,8303.33,16606.66,7840.14,8766.52,52.8,2025,9
2024-04-14,S01,Москва,Канцтовары,Степлер,2.0,427.37,854.74,485.94,368.8,43.1,2024,4
2025-10-13,S08,Новосибирск,Канцтовары,Степлер,2.0,489.07,978.14,472.1,506.03999999999996,51.7,2025,10
2024-09-30,S02,Москва,Одежда,Джинсы,1.0,3925.2,3925.2,2121.89,1803.31,45.9,2024,9
2023-03-05,S03,Москва,Электроника,Планшет,3.0,17823.36,53470.08,41082.76,12387.32,23.2,2023,3
2024-04-26,S10,Самара,Электроника,Смартфон,4.0,27154.0,108616.0,79962.06,28653.940000000002,26.4,2024,4
2025-03-29,S07,Екатеринбург,Электроника,Планшет,3.0,18420.96,55262.88,40708.41,14554.469999999994,26.3,2025,3
2023-08-02,S04,Санкт-Петербург,Электроника,Планшет,4.0,19097.59,76390.36,59064.48,17325.879999999997,22.7,2023,8
2024-12-30,S09,Ростов-на-Дону,Продукты,Шоколад,3.0,263.52,4829.82,563.8,4266.0199999999995,88.3,2024,12
2024-11-07,S02,Москва,Продукты,Чай 100п,3.0,440.27,1320.81,902.64,418.16999999999996,31.7,2024,11
2023-11-17,S03,Москва,Электроника,Планшет,1.0,19520.46,19520.46,15328.9,4191.5599999999995,21.5,2023,11
2024-01-26,S04,Санкт-Петербург,Бытовая техника,Блендер,1.0,5602.84,5602.84,4287.82,1315.0200000000004,23.5,2024,1
2025-05-20,S04,Санкт-Петербург,Одежда,Куртка,3.0,9153.28,27459.84,13133.93,14325.91,52.2,2025,5
2023-03-15,S09,Ростов-на-Дону,Бытовая техника,Блендер,7.0,5246.06,36722.42,24675.13,12047.289999999997,32.8,2023,3
2023-05-07,S08,Новосибирск,Электроника,Смартфон,1.0,23316.16,23316.16,18796.64,4519.52,19.4,2023,5
2023-11-03,S02,Москва,Одежда,Футболка,3.0,1913.02,5739.06,3308.98,2430.0800000000004,42.3,2023,11
2024-05-26,S08,Новосибирск,Электроника,Наушники,1.0,3427.16,3427.16,2678.0,749.1599999999999,21.9,2024,5
2023-05-11,S01,Москва,Одежда,Футболка,1.0,1850.17,1850.17,877.43,972.7400000000001,52.6,2023,5
2025-12-09,S02,Москва,Канцтовары,Степлер,3.0,3252.58,1436.52,838.35,598.17,41.6,2025,12
2025-08-14,S01,Москва,Одежда,Куртка,1.0,8597.76,8597.76,4663.92,3933.84,45.8,2025,8
2024-06-01,S02,Москва,Продукты,Чай 100п,1.0,483.15,483.15,331.44,151.70999999999998,31.4,2024,6
2024-09-19,S06,Казань,Канцтовары,Ежедневник,1.0,715.02,715.02,331.46,383.56,53.6,2024,9
2025-06-09,S03,Москва,Электроника,Наушники,1.0,3247.06,3247.06,2455.26,791.7999999999997,24.4,2025,6
2023-10-05,S07,Екатеринбург,Одежда,Джинсы,1.0,4454.85,4454.85,2157.74,2297.1100000000006,51.6,2023,10
2023-11-01,S09,Ростов-на-Дону,Канцтовары,Набор ручек,1.0,393.9,393.9,161.31,232.58999999999997,59.0,2023,11
2023-04-09,S03,Москва,Продукты,Кофе 1кг,12.0,932.2,11186.4,7921.25,3265.1499999999996,29.2,2023,4
2023-08-19,S09,Ростов-на-Дону,Канцтовары,Ежедневник,7.0,712.34,4986.38,2146.64,2839.7400000000002,56.9,2023,8
2023-08-31,S09,Ростов-на-Дону,Бытовая техника,Пылесос,1.0,13428.89,13428.89,9538.91,3889.9799999999996,29.0,2023,8
2024-09-05,S04,Санкт-Петербург,Канцтовары,Калькулятор,7.0,1082.6,7578.2,4446.45,3131.75,41.3,2024,9
2024-04-20,S04,Санкт-Петербург,Одежда,Джинсы,1.0,4753.94,4753.94,2947.03,1806.9099999999994,38.0,2024,4
2024-08-05,S06,Казань,Продукты,Кофе 1кг,2.0,917.11,1834.22,1260.25,573.97,31.3,2024,8
2023-02-25,S09,Ростов-на-Дону,Продукты,Мёд 500г,1.0,570.61,4829.82,378.82,4451.0,92.2,2023,2
2025-12-24,S03,Москва,Одежда,Куртка,9.0,9167.58,82508.22,50507.96,32000.260000000002,38.8,2025,12
2024-07-05,S03,Москва,Продукты,Чай 100п,1.0,445.48,445.48,286.69,158.79000000000002,35.6,2024,7
2024-10-26,S05,Санкт-Петербург,Одежда,Кроссовки,2.0,3252.58,13585.56,7208.19,6377.37,46.9,2024,10
2024-04-21,S05,Санкт-Петербург,Продукты,Мёд 500г,7.0,542.32,3796.24,2690.08,1106.1599999999999,29.1,2024,4
2023-11-15,S09,Ростов-на-Дону,Одежда,Футболка,1.0,1690.95,1690.95,850.65,840.3000000000001,49.7,2023,11
2023-09-02,S05,Санкт-Петербург,Бытовая техника,Блендер,3.0,5097.36,15292.08,11231.73,4060.3500000000004,26.6,2023,9
2023-08-23,S04,Санкт-Петербург,Электроника,Наушники,5.0,3647.71,18238.55,14335.02,3903.529999999999,21.4,2023,8
2024-01-01,S04,Санкт-Петербург,Одежда,Футболка,9.0,1750.91,15758.19,9161.02,6597.17,41.9,2024,1
2025-03-24,S04,Санкт-Петербург,Бытовая техника,Чайник,1.0,2992.87,2992.87,2213.87,779.0,26.0,2025,3
2025-05-19,S02,Москва,Продукты,Кофе 1кг,7.0,870.23,6091.61,4360.43,1731.1799999999994,28.4,2025,5
2023-02-02,S07,Екатеринбург,Канцтовары,Ежедневник,5.0,716.09,3580.45,1857.53,1722.9199999999998,48.1,2023,2
2023-07-25,S04,Санкт-Петербург,Электроника,Колонка,2.0,5880.0,11760.0,8711.32,3048.6800000000003,25.9,2023,7
2025-03-04,S03,Москва,Продукты,Кофе 1кг,2.0,875.59,1751.18,1309.94,441.24,25.2,2025,3
2025-07-02,S06,Казань,Одежда,Куртка,1.0,8113.89,8113.89,5167.08,2946.8100000000004,36.3,2025,7
2025-03-08,S01,Москва,Бытовая техника,Утюг,1.0,4604.08,4604.08,3200.23,1403.85,30.5,2025,3
2024-07-12,S07,Екатеринбург,Канцтовары,Ежедневник,4.0,733.87,2935.48,1381.67,1553.81,52.9,2024,7
2024-04-12,S09,Ростов-на-Дону,Электроника,Наушники,9.0,3508.29,31574.61,23612.83,7961.779999999999,25.2,2024,4
2025-08-30,S01,Москва,Электроника,Смартфон,7.0,26407.6,184853.2,141262.22,43590.98000000001,23.6,2025,8
2025-04-14,S09,Ростов-на-Дону,Бытовая техника,Чайник,1.0,3658.28,3658.28,2669.74,988.5400000000004,27.0,2025,4
2025-12-30,S10,Самара,Одежда,Футболка,1.0,1831.1,1831.1,1138.62,692.48,37.8,2025,12
2025-12-08,S07,Екатеринбург,Электроника,Колонка,3.0,5581.11,16743.33,12528.44,4214.890000000001,25.2,2025,12
2023-07-28,S04,Санкт-Петербург,Одежда,Куртка,1.0,3252.58,9180.69,5222.09,3958.6000000000004,43.1,2023,7
2024-01-30,S06,Казань,Канцтовары,Калькулятор,5.0,1111.86,5559.3,2437.24,3122.0600000000004,56.2,2024,1
2023-01-31,S02,Москва,Электроника,Смартфон,4.0,27936.02,111744.08,85707.85,26036.229999999996,23.3,2023,1
2024-01-19,S02,Москва,Бытовая техника,Утюг,12.0,4659.48,55913.76,42972.23,12941.529999999999,23.1,2024,1
2024-08-05,S06,Казань,Электроника,Колонка,2.0,6113.34,12226.68,9266.08,2960.6000000000004,24.2,2024,8
2024-08-08,S03,Москва,Бытовая техника,Блендер,1.0,5058.1,5058.1,3829.57,1228.5300000000002,24.3,2024,8
2025-07-14,S08,Новосибирск,Бытовая техника,Пылесос,2.0,12501.49,25002.98,19313.1,5689.880000000001,22.8,2025,7
2025-02-12,S05,Санкт-Петербург,Электроника,Колонка,1.0,6008.71,6008.71,4442.31,1566.3999999999996,26.1,2025,2
2023-04-19,S06,Казань,Бытовая техника,Чайник,2.0,3003.32,6006.64,4296.72,1709.92,28.5,2023,4
2023-02-02,S07,Екатеринбург,Канцтовары,Ежедневник,1.0,770.09,770.09,396.98,373.11,48.5,2023,2
2024-02-03,S03,Москва,Одежда,Куртка,2.0,9260.91,18521.82,10939.19,7582.629999999999,40.9,2024,2
2023-11-23,S04,Санкт-Петербург,Электроника,Планшет,1.0,19768.55,19768.55,15387.04,4381.509999999998,22.2,2023,11
2025-03-25,S07,Екатеринбург,Одежда,Кроссовки,3.0,6703.84,20111.52,10139.92,9971.6,49.6,2025,3
2025-05-07,S08,Новосибирск,Продукты,Мёд 500г,1.0,614.63,614.63,453.63,161.0,26.2,2025,5
2025-11-20,S04,Санкт-Петербург,Канцтовары,Набор ручек,1.0,360.82,360.82,182.58,178.23999999999998,49.4,2025,11
2023-03-05,S02,Москва,Одежда,Кроссовки,1.0,7041.46,7041.46,3941.29,3100.17,44.0,2023,3
2025-03-16,S04,Санкт-Петербург,Канцтовары,Степлер,2.0,472.95,945.9,465.41,480.48999999999995,50.8,2025,3
2023-03-25,S05,Санкт-Петербург,Одежда,Джинсы,1.0,4314.54,4314.54,2468.63,1845.9099999999999,42.8,2023,3
2025-10-08,S04,Санкт-Петербург,Электроника,Наушники,1.0,3453.24,3453.24,2807.31,645.9299999999998,18.7,2025,10
2024-01-06,S03,Москва,Бытовая техника,Пылесос,3.0,11018.7,33056.1,24714.12,8341.98,25.2,2024,1
2024-12-18,S06,Казань,Продукты,Кофе 1кг,10.0,841.56,8415.6,5658.88,2756.7200000000003,32.8,2024,12
2025-01-01,S02,Москва,Бытовая техника,Пылесос,1.0,13415.63,13415.63,9909.58,3506.0499999999993,26.1,2025,1
2023-07-24,S09,Ростов-на-Дону,Продукты,Кофе 1кг,1.0,1033.26,1033.26,733.69,299.56999999999994,29.0,2023,7
2024-02-28,S07,Екатеринбург,Одежда,Куртка,5.0,8906.79,44533.95,24648.06,19885.889999999996,44.7,2024,2
2025-12-05,S02,Москва,Продукты,Мёд 500г,2.0,663.28,2653.12,1810.27,842.8499999999999,31.8,2025,12
2024-07-29,S07,Екатеринбург,Продукты,Шоколад,1.0,228.61,228.61,158.37,70.24000000000001,30.7,2024,7
2024-07-17,S04,Санкт-Петербург,Канцтовары,Калькулятор,1.0,1261.33,1261.33,705.57,555.7599999999999,44.1,2024,7
2025-02-11,S08,Новосибирск,Продукты,Шоколад,2.0,284.09,568.18,402.14,166.03999999999996,29.2,2025,2
2024-07-11,S01,Москва,Канцтовары,Калькулятор,1.0,1165.46,1165.46,553.59,611.87,52.5,2024,7
2024-11-29,S06,Казань,Электроника,Наушники,3.0,3184.01,9552.03,7641.77,1910.2600000000002,20.0,2024,11
2023-07-21,S02,Москва,Одежда,Кроссовки,1.0,6431.49,6431.49,3144.63,3286.8599999999997,51.1,2023,7
2025-04-16,S09,Ростов-на-Дону,Электроника,Колонка,1.0,5139.77,4829.82,3859.89,969.9299999999998,20.1,2025,4
2023-12-17,S02,Москва,Бытовая техника,Блендер,1.0,5636.47,5636.47,3937.65,1698.8200000000002,30.1,2023,12
2023-01-11,S09,Ростов-на-Дону,Бытовая техника,Утюг,5.0,4958.58,24792.9,16698.13,8094.77,32.6,2023,1
2023-04-24,S09,Ростов-на-Дону,Бытовая техника,Утюг,5.0,5169.1,25845.5,18447.52,7397.98,28.6,2023,4
2023-10-08,S08,Новосибирск,Одежда,Джинсы,5.0,4074.04,20370.2,11965.47,8404.730000000001,41.3,2023,10
2025-02-28,S05,Санкт-Петербург,Продукты,Кофе 1кг,6.0,900.62,5403.72,4106.54,1297.1800000000003,24.0,2025,2
2025-06-01,S08,Новосибирск,Продукты,Мёд 500г,1.0,654.51,654.51,429.75,224.76,34.3,2025,6
2024-08-12,S02,Москва,Электроника,Планшет,2.0,16604.22,33208.44,25612.21,7596.230000000003,22.9,2024,8
2025-12-12,S03,Москва,Бытовая техника,Пылесос,1.0,13090.82,13090.82,8885.15,4205.67,32.1,2025,12
2023-11-11,S06,Казань,Канцтовары,Набор ручек,1.0,335.76,335.76,191.19,144.57,43.1,2023,11
2024-02-04,S04,Санкт-Петербург,Продукты,Шоколад,1.0,3252.58,237.57,170.72,66.85,28.1,2024,2
2025-12-06,S06,Казань,Бытовая техника,Утюг,6.0,4298.05,25788.3,18444.91,7343.389999999999,28.5,2025,12
2025-10-17,S07,Екатеринбург,Канцтовары,Набор ручек,1.0,402.37,402.37,174.21,228.16,56.7,2025,10
2024-05-19,S03,Москва,Продукты,Шоколад,4.0,285.13,1140.52,747.06,393.46000000000004,34.5,2024,5
2023-03-29,S05,Санкт-Петербург,Бытовая техника,Блендер,1.0,5385.09,5385.09,3593.85,1791.2400000000002,33.3,2023,3
2023-11-28,S10,Самара,Продукты,Шоколад,1.0,271.87,271.87,185.54,86.33000000000001,31.8,2023,11
2024-09-14,S02,Москва,Канцтовары,Набор ручек,4.0,389.17,4829.82,659.76,4170.0599999999995,86.3,2024,9
2023-02-16,S09,Ростов-на-Дону,Электроника,Наушники,16.0,3407.68,54522.88,41583.0,12939.879999999997,23.7,2023,2
2023-02-06,S06,Казань,Продукты,Кофе 1кг,1.0,860.38,860.38,603.9,256.48,29.8,2023,2
2025-12-06,S09,Ростов-на-Дону,Одежда,Джинсы,15.0,4386.98,65804.7,36156.19,29648.509999999995,45.1,2025,12
2025-12-06,S01,Москва,Одежда,Куртка,1.0,8680.74,8680.74,4729.81,3950.9299999999994,45.5,2025,12
2025-06-06,S10,Самара,Бытовая техника,Чайник,2.0,3165.13,6330.26,4518.0,1812.2600000000002,28.6,2025,6
2024-09-12,S06,Казань,Одежда,Футболка,1.0,1762.52,1762.52,1116.04,646.48,36.7,2024,9
2024-06-03,S10,Самара,Бытовая техника,Чайник,3.0,3116.36,9349.08,6600.8,2748.2799999999997,29.4,2024,6
2024-11-11,S05,Санкт-Петербург,Одежда,Джинсы,1.0,4391.29,4391.29,2399.63,1991.6599999999999,45.4,2024,11
2025-06-17,S07,Екатеринбург,Электроника,Колонка,5.0,4974.34,24871.7,20112.84,4758.860000000001,19.1,2025,6
2025-10-11,S07,Екатеринбург,Одежда,Куртка,2.0,9746.06,19492.12,12078.12,7413.999999999998,38.0,2025,10
2024-07-16,S10,Самара,Одежда,Куртка,5.0,8836.34,44181.7,21666.52,22515.179999999997,51.0,2024,7
2023-11-04,S10,Самара,Бытовая техника,Чайник,2.0,3516.73,7033.46,4833.05,2200.41,31.3,2023,11
2023-09-04,S02,Москва,Канцтовары,Степлер,1.0,465.75,465.75,249.09,216.66,46.5,2023,9
2025-03-03,S02,Москва,Бытовая техника,Блендер,1.0,4858.52,4858.52,3367.81,1490.7100000000005,30.7,2025,3
2025-01-08,S06,Казань,Канцтовары,Ежедневник,1.0,794.85,794.85,412.95,381.90000000000003,48.0,2025,1
2025-05-30,S05,Санкт-Петербург,Бытовая техника,Блендер,2.0,5496.23,10992.46,8369.19,2623.2699999999986,23.9,2025,5
2023-10-17,S01,Москва,Продукты,Кофе 1кг,2.0,905.15,1810.3,1295.45,514.8499999999999,28.4,2023,10
2025-05-28,S05,Санкт-Петербург,Канцтовары,Степлер,1.0,448.08,448.08,211.14,236.94,52.9,2025,5
2025-02-03,S06,Казань,Электроника,Наушники,2.0,3241.02,6482.04,5012.49,1469.5500000000002,22.7,2025,2
2023-03-13,S06,Казань,Бытовая техника,Чайник,6.0,3474.33,20845.98,14265.72,6580.26,31.6,2023,3
2024-04-28,S10,Самара,Канцтовары,Ежедневник,6.0,700.03,4200.18,2102.93,2097.2500000000005,49.9,2024,4
2023-02-23,S10,Самара,Канцтовары,Степлер,3.0,416.24,1248.72,688.82,559.9,44.8,2023,2
2024-07-10,S02,Москва,Бытовая техника,Пылесос,2.0,11271.82,22543.64,16139.77,6403.869999999999,28.4,2024,7
2024-07-14,S07,Екатеринбург,Электроника,Смартфон,1.0,24878.24,24878.24,18778.44,6099.800000000003,24.5,2024,7
2024-08-03,S06,Казань,Канцтовары,Калькулятор,2.0,1094.31,2188.62,1243.73,944.8899999999999,43.2,2024,8
2025-03-13,S04,Санкт-Петербург,Продукты,Шоколад,1.0,251.11,251.11,182.6,68.51000000000002,27.3,2025,3
2025-09-15,S02,Москва,Канцтовары,Ежедневник,2.0,707.79,1415.58,816.14,599.4399999999999,42.3,2025,9
2025-11-10,S01,Москва,Электроника,Планшет,3.0,20518.08,61554.24,46281.55,15272.689999999995,24.8,2025,11
2025-08-16,S03,Москва,Канцтовары,Калькулятор,2.0,1194.49,2388.98,1090.12,1298.8600000000001,54.4,2025,8
2025-01-24,S05,Санкт-Петербург,Бытовая техника,Пылесос,3.0,11106.22,33318.66,22594.45,10724.210000000003,32.2,2025,1
2025-06-20,S01,Москва,Одежда,Куртка,7.0,9680.76,67765.32,39072.2,28693.12000000001,42.3,2025,6
2023-09-07,S10,Самара,Продукты,Шоколад,15.0,263.6,3954.0,2656.21,1297.79,32.8,2023,9
2024-12-31,S01,Москва,Бытовая техника,Пылесос,3.0,12925.72,38777.16,29839.53,8937.630000000005,23.0,2024,12
2023-12-25,S03,Москва,Электроника,Смартфон,1.0,3252.58,26491.52,19823.13,6668.389999999999,25.2,2023,12
2023-01-28,S05,Санкт-Петербург,Бытовая техника,Блендер,1.0,5177.54,5177.54,3830.2,1347.3400000000001,26.0,2023,1
2024-03-19,S01,Москва,Бытовая техника,Пылесос,3.0,12756.79,38270.37,29694.73,8575.640000000003,22.4,2024,3
2025-07-10,S03,Москва,Канцтовары,Набор ручек,1.0,355.4,355.4,182.31,173.08999999999997,48.7,2025,7
2023-04-13,S06,Казань,Одежда,Кроссовки,2.0,7421.32,14842.64,7192.48,7650.16,51.5,2023,4
2025-09-17,S10,Самара,Электроника,Наушники,1.0,3252.58,3581.4,2889.31,692.0900000000001,19.3,2025,9
2024-03-28,S09,Ростов-на-Дону,Одежда,Джинсы,5.0,4223.82,21119.1,13511.52,7607.579999999998,36.0,2024,3
2025-08-24,S07,Екатеринбург,Продукты,Мёд 500г,5.0,579.85,2899.25,2167.43,731.8200000000002,25.2,2025,8
2025-03-19,S05,Санкт-Петербург,Продукты,Шоколад,8.0,283.28,2266.24,1621.99,644.2499999999998,28.4,2025,3
2024-09-05,S03,Москва,Канцтовары,Степлер,2.0,466.26,932.52,545.36,387.15999999999997,41.5,2024,9
2023-04-23,S01,Москва,Канцтовары,Ежедневник,1.0,705.15,705.15,413.83,291.32,41.3,2023,4
2023-01-04,S07,Екатеринбург,Одежда,Футболка,1.0,1988.27,1988.27,954.0,1034.27,52.0,2023,1
2023-10-21,S01,Москва,Одежда,Куртка,2.0,3252.58,17664.78,8574.85,9089.929999999998,51.5,2023,10
2025-07-05,S04,Санкт-Петербург,Продукты,Чай 100п,3.0,448.96,1346.88,926.42,420.46000000000015,31.2,2025,7
2023-03-14,S10,Самара,Бытовая техника,Чайник,1.0,3637.94,3637.94,2819.25,818.69,22.5,2023,3
2023-05-14,S05,Санкт-Петербург,Бытовая техника,Утюг,4.0,4252.98,17011.92,12555.72,4456.199999999999,26.2,2023,5
2024-07-20,S07,Екатеринбург,Электроника,Колонка,4.0,5711.26,22845.04,17781.84,5063.200000000001,22.2,2024,7
2025-08-14,S10,Самара,Продукты,Кофе 1кг,2.0,914.81,1829.62,1323.76,505.8599999999999,27.6,2025,8
2024-06-14,S10,Самара,Продукты,Мёд 500г,2.0,553.99,4431.92,3296.42,1135.5,25.6,2024,6
2024-05-27,S08,Новосибирск,Бытовая техника,Блендер,5.0,5476.89,27384.45,18948.5,8435.95,30.8,2024,5
2024-02-25,S05,Санкт-Петербург,Бытовая техника,Пылесос,10.0,12752.41,127524.1,86633.15,40890.95000000001,32.1,2024,2
2024-08-19,S02,Москва,Канцтовары,Ежедневник,1.0,768.15,768.15,377.72,390.42999999999995,50.8,2024,8
2025-02-12,S04,Санкт-Петербург,Продукты,Шоколад,1.0,233.65,233.65,150.39,83.26000000000002,35.6,2025,2
2024-10-22,S08,Новосибирск,Бытовая техника,Блендер,2.0,4721.79,9443.58,6286.75,3156.83,33.4,2024,10
2025-07-20,S06,Казань,Одежда,Футболка,6.0,1886.56,11319.36,6815.17,4504.1900000000005,39.8,2025,7
2025-03-12,S03,Москва,Одежда,Кроссовки,3.0,6615.31,19845.93,10017.99,9827.94,49.5,2025,3
2023-01-09,S06,Казань,Электроника,Планшет,1.0,19474.69,4829.82,15665.4,-10835.58,-224.3,2023,1
2024-02-13,S02,Москва,Продукты,Чай 100п,1.0,482.37,482.37,323.97,158.39999999999998,32.8,2024,2
2024-08-23,S03,Москва,Продукты,Чай 100п,3.0,429.14,1287.42,949.22,338.20000000000005,26.3,2024,8
2024-01-03,S09,Ростов-на-Дону,Одежда,Джинсы,4.0,4540.44,18161.76,10510.25,7651.509999999998,42.1,2024,1
2025-03-08,S04,Санкт-Петербург,Бытовая техника,Пылесос,1.0,10833.04,10833.04,8218.37,2614.67,24.1,2025,3
2025-01-07,S09,Ростов-на-Дону,Бытовая техника,Блендер,1.0,5542.71,5542.71,4273.11,1269.6000000000004,22.9,2025,1
2023-07-24,S01,Москва,Канцтовары,Степлер,1.0,509.98,509.98,205.99,303.99,59.6,2023,7
2025-07-27,S06,Казань,Бытовая техника,Утюг,1.0,4878.92,4878.92,3719.06,1159.8600000000001,23.8,2025,7
2024-04-07,S09,Ростов-на-Дону,Одежда,Куртка,1.0,7828.4,7828.4,4572.16,3256.24,41.6,2024,4
2025-09-30,S07,Екатеринбург,Бытовая техника,Блендер,2.0,5334.48,16003.44,10739.19,5264.25,32.9,2025,9
2023-10-17,S07,Екатеринбург,Электроника,Смартфон,4.0,26909.31,107637.24,81165.81,26471.430000000008,24.6,2023,10
2024-01-15,S10,Самара,Продукты,Мёд 500г,4.0,664.96,2659.84,2014.72,645.1200000000001,24.3,2024,1
2023-06-26,S09,Ростов-на-Дону,Электроника,Смартфон,2.0,24514.36,49028.72,36683.62,12345.099999999999,25.2,2023,6
2025-07-25,S09,Ростов-на-Дону,Канцтовары,Набор ручек,9.0,360.96,3248.64,1356.99,1891.6499999999999,58.2,2025,7
2023-01-19,S04,Санкт-Петербург,Электроника,Планшет,1.0,17261.36,17261.36,14128.36,3133.0,18.2,2023,1
2025-12-05,S01,Москва,Электроника,Смартфон,2.0,23224.02,46448.04,38236.1,8211.940000000002,17.7,2025,12
2025-08-01,S07,Екатеринбург,Одежда,Куртка,1.0,8973.78,8973.78,4486.56,4487.22,50.0,2025,8
2025-01-08,S09,Ростов-на-Дону,Одежда,Футболка,3.0,1676.61,5029.83,2743.64,2286.19,45.5,2025,1
2024-08-11,S10,Самара,Электроника,Планшет,3.0,18971.57,56914.71,42830.88,14083.830000000002,24.7,2024,8
2024-04-08,S10,Самара,Канцтовары,Калькулятор,3.0,3252.58,3561.27,2003.98,1557.29,43.7,2024,4
2025-12-22,S08,Новосибирск,Продукты,Шоколад,4.0,241.59,966.36,655.75,310.61,32.1,2025,12
2024-03-31,S08,Новосибирск,Бытовая техника,Утюг,3.0,4234.37,12703.11,8705.39,3997.720000000001,31.5,2024,3
2024-07-10,S10,Самара,Канцтовары,Ежедневник,8.0,686.66,5493.28,2294.24,3199.04,58.2,2024,7
2025-06-16,S02,Москва,Бытовая техника,Блендер,3.0,4879.35,14638.05,10872.69,3765.3599999999988,25.7,2025,6
2024-12-10,S01,Москва,Канцтовары,Калькулятор,2.0,1246.97,2493.94,1429.24,1064.7,42.7,2024,12
2025-03-17,S01,Москва,Одежда,Кроссовки,1.0,6845.46,6845.46,3451.68,3393.78,49.6,2025,3
2025-03-12,S06,Казань,Канцтовары,Калькулятор,6.0,1283.45,7700.7,4026.34,3674.3599999999997,47.7,2025,3
2023-08-30,S05,Санкт-Петербург,Канцтовары,Ежедневник,1.0,641.31,641.31,337.15,304.15999999999997,47.4,2023,8
2023-09-21,S05,Санкт-Петербург,Одежда,Джинсы,3.0,4217.91,4829.82,6982.72,-2152.9000000000005,-44.6,2023,9
2023-06-30,S03,Москва,Бытовая техника,Чайник,1.0,2940.28,2940.28,2218.79,721.4900000000002,24.5,2023,6
2025-08-04,S03,Москва,Продукты,Кофе 1кг,1.0,966.18,966.18,691.09,275.0899999999999,28.5,2025,8
2025-08-23,S05,Санкт-Петербург,Канцтовары,Набор ручек,1.0,364.55,364.55,197.98,166.57000000000002,45.7,2025,8
2023-10-15,S06,Казань,Продукты,Шоколад,4.0,240.44,961.76,657.71,304.04999999999995,31.6,2023,10
2025-08-16,S10,Самара,Бытовая техника,Чайник,2.0,2942.44,5884.88,4287.25,1597.63,27.1,2025,8
2024-10-10,S10,Самара,Одежда,Куртка,2.0,3252.58,18910.56,10783.52,8127.040000000001,43.0,2024,10
2025-02-19,S01,Москва,Продукты,Мёд 500г,5.0,673.76,3368.8,2396.16,972.6400000000003,28.9,2025,2
2025-07-22,S03,Москва,Бытовая техника,Чайник,1.0,2910.65,2910.65,1967.7,942.95,32.4,2025,7
2023-06-15,S09,Ростов-на-Дону,Электроника,Колонка,1.0,6022.3,6022.3,4707.72,1314.58,21.8,2023,6
2025-02-15,S07,Екатеринбург,Продукты,Кофе 1кг,1.0,852.01,852.01,611.95,240.05999999999995,28.2,2025,2
2025-01-12,S03,Москва,Электроника,Наушники,1.0,3211.31,3211.31,2612.1,599.21,18.7,2025,1
2025-10-15,S06,Казань,Продукты,Кофе 1кг,1.0,822.74,822.74,597.12,225.62,27.4,2025,10
2025-10-20,S10,Самара,Одежда,Куртка,1.0,9262.59,9262.59,5084.19,4178.400000000001,45.1,2025,10
2023-07-08,S01,Москва,Бытовая техника,Чайник,2.0,3059.92,6119.84,4225.27,1894.5699999999997,31.0,2023,7
2025-06-06,S03,Москва,Бытовая техника,Блендер,3.0,4981.07,14943.21,10873.5,4069.709999999999,27.2,2025,6
2025-10-26,S08,Новосибирск,Продукты,Шоколад,1.0,242.0,242.0,155.51,86.49000000000001,35.7,2025,10
2024-05-03,S10,Самара,Бытовая техника,Блендер,1.0,5512.88,5512.88,3988.63,1524.25,27.6,2024,5
2023-08-04,S05,Санкт-Петербург,Одежда,Футболка,1.0,1790.59,1790.59,1054.49,736.0999999999999,41.1,2023,8
2025-07-08,S03,Москва,Бытовая техника,Пылесос,2.0,12389.91,24779.82,17584.0,7195.82,29.0,2025,7
2024-03-15,S02,Москва,Бытовая техника,Пылесос,1.0,13173.22,13173.22,9385.08,3788.1399999999994,28.8,2024,3
2025-05-20,S02,Москва,Бытовая техника,Утюг,4.0,4484.4,17937.6,12674.2,5263.399999999998,29.3,2025,5
2024-10-22,S09,Ростов-на-Дону,Канцтовары,Набор ручек,4.0,332.99,1331.96,638.35,693.61,52.1,2024,10
2024-02-20,S10,Самара,Электроника,Колонка,1.0,5530.73,5530.73,4383.01,1147.7199999999993,20.8,2024,2
2024-01-10,S06,Казань,Бытовая техника,Утюг,1.0,4657.02,4657.02,3226.41,1430.6100000000006,30.7,2024,1
2023-09-01,S10,Самара,Электроника,Наушники,1.0,3789.18,3789.18,3056.38,732.7999999999997,19.3,2023,9
2024-11-25,S05,Санкт-Петербург,Продукты,Кофе 1кг,14.0,1034.02,14476.28,9873.68,4602.6,31.8,2024,11
2024-05-04,S02,Москва,Канцтовары,Ежедневник,4.0,727.12,2908.48,1677.13,1231.35,42.3,2024,5
2024-09-15,S05,Санкт-Петербург,Бытовая техника,Чайник,1.0,3280.07,3280.07,2472.72,807.3500000000004,24.6,2024,9
2023-05-03,S06,Казань,Продукты,Чай 100п,2.0,489.41,978.82,732.09,246.73000000000002,25.2,2023,5
2023-08-31,S06,Казань,Электроника,Наушники,3.0,3669.47,11008.41,8771.14,2237.2700000000004,20.3,2023,8
2025-01-07,S04,Санкт-Петербург,Одежда,Кроссовки,4.0,6740.19,26960.76,16202.07,10758.689999999999,39.9,2025,1
2024-08-19,S07,Екатеринбург,Электроника,Колонка,1.0,5339.53,5339.53,4340.13,999.3999999999996,18.7,2024,8
2023-03-10,S01,Москва,Продукты,Мёд 500г,8.0,541.49,4331.92,2966.0,1365.92,31.5,2023,3
2024-07-25,S10,Самара,Бытовая техника,Чайник,1.0,3037.56,3037.56,2279.65,757.9099999999999,25.0,2024,7
2025-04-28,S06,Казань,Продукты,Шоколад,7.0,234.92,1644.44,1249.25,395.19000000000005,24.0,2025,4
2023-08-05,S09,Ростов-на-Дону,Канцтовары,Калькулятор,1.0,1129.58,1129.58,582.09,547.4899999999999,48.5,2023,8
2024-03-04,S06,Казань,Канцтовары,Калькулятор,1.0,1316.32,1316.32,569.38,746.9399999999999,56.7,2024,3
2025-10-02,S10,Самара,Бытовая техника,Блендер,2.0,5169.51,10339.02,6970.49,3368.5300000000007,32.6,2025,10
2024-07-28,S02,Москва,Электроника,Планшет,1.0,19784.61,19784.61,16039.03,3745.58,18.9,2024,7
2023-03-29,S06,Казань,Продукты,Кофе 1кг,2.0,942.83,1885.66,1365.77,519.8900000000001,27.6,2023,3
2025-12-24,S08,Новосибирск,Бытовая техника,Чайник,2.0,3232.18,25857.44,17373.78,8483.66,32.8,2025,12
2025-06-02,S08,Новосибирск,Канцтовары,Калькулятор,1.0,1343.29,1343.29,699.14,644.15,48.0,2025,6
2024-12-22,S08,Новосибирск,Электроника,Планшет,1.0,3252.58,18271.45,15032.41,3239.040000000001,17.7,2024,12
2023-05-29,S08,Новосибирск,Продукты,Мёд 500г,3.0,677.33,2031.99,1395.47,636.52,31.3,2023,5
2023-11-14,S09,Ростов-на-Дону,Продукты,Мёд 500г,2.0,597.13,1194.26,906.52,287.74,24.1,2023,11
2024-09-11,S04,Санкт-Петербург,Одежда,Джинсы,2.0,3839.94,7679.88,3620.38,4059.5,52.9,2024,9
2024-09-18,S08,Новосибирск,Электроника,Планшет,6.0,18361.2,110167.2,87293.06,22874.14,20.8,2024,9
2023-02-16,S08,Новосибирск,Одежда,Футболка,1.0,1742.51,1742.51,909.19,833.3199999999999,47.8,2023,2
2024-06-25,S06,Казань,Продукты,Чай 100п,4.0,475.89,1903.56,1267.74,635.8199999999999,33.4,2024,6
2024-08-22,S02,Москва,Бытовая техника,Пылесос,1.0,12363.52,12363.52,9503.28,2860.24,23.1,2024,8
2024-06-08,S07,Екатеринбург,Продукты,Шоколад,6.0,235.08,1410.48,935.18,475.30000000000007,33.7,2024,6
2024-07-22,S02,Москва,Продукты,Чай 100п,4.0,426.39,1705.56,1184.76,520.8,30.5,2024,7
2024-07-23,S06,Казань,Одежда,Куртка,5.0,3252.58,40378.8,20646.23,19732.570000000003,48.9,2024,7
2024-05-20,S09,Ростов-на-Дону,Электроника,Смартфон,1.0,26390.92,26390.92,20889.79,5501.129999999997,20.8,2024,5
2024-01-17,S10,Самара,Продукты,Чай 100п,1.0,428.27,428.27,317.81,110.45999999999998,25.8,2024,1
2024-10-26,S02,Москва,Одежда,Футболка,7.0,1663.09,11641.63,6259.41,5382.219999999999,46.2,2024,10
2025-05-09,S10,Самара,Канцтовары,Набор ручек,1.0,386.56,386.56,169.49,217.07,56.2,2025,5
2023-03-29,S09,Ростов-на-Дону,Продукты,Шоколад,6.0,226.88,1361.28,932.86,428.41999999999996,31.5,2023,3
2023-02-14,S10,Самара,Продукты,Чай 100п,3.0,449.48,1348.44,892.97,455.47,33.8,2023,2
2025-12-13,S05,Санкт-Петербург,Электроника,Колонка,1.0,6008.74,6008.74,4621.84,1386.8999999999996,23.1,2025,12
2023-06-02,S04,Санкт-Петербург,Одежда,Куртка,1.0,9513.96,9513.96,5290.38,4223.579999999999,44.4,2023,6
2023-07-04,S04,Санкт-Петербург,Одежда,Футболка,14.0,1671.05,23394.7,14200.08,9194.62,39.3,2023,7
2023-11-20,S02,Москва,Канцтовары,Набор ручек,8.0,339.26,2714.08,1603.97,1110.11,40.9,2023,11
2024-09-10,S05,Санкт-Петербург,Одежда,Джинсы,1.0,4575.18,4575.18,2535.37,2039.8100000000004,44.6,2024,9
2025-11-14,S10,Самара,Канцтовары,Калькулятор,1.0,1280.41,1280.41,619.66,660.7500000000001,51.6,2025,11
2024-09-22,S09,Ростов-на-Дону,Канцтовары,Ежедневник,1.0,652.39,652.39,334.62,317.77,48.7,2024,9
2024-04-01,S05,Санкт-Петербург,Канцтовары,Степлер,1.0,483.07,483.07,278.48,204.58999999999997,42.4,2024,4
2024-01-21,S06,Казань,Продукты,Шоколад,8.0,255.91,2047.28,1490.17,557.1099999999999,27.2,2024,1
2023-11-06,S05,Санкт-Петербург,Продукты,Шоколад,1.0,262.11,262.11,176.73,85.38000000000002,32.6,2023,11
2023-10-21,S01,Москва,Электроника,Наушники,1.0,3635.86,3635.86,2738.38,897.48,24.7,2023,10
2024-04-17,S08,Новосибирск,Канцтовары,Степлер,1.0,488.99,488.99,230.36,258.63,52.9,2024,4
2024-03-30,S09,Ростов-на-Дону,Электроника,Колонка,5.0,6064.03,30320.15,22556.52,7763.630000000001,25.6,2024,3
2024-07-13,S07,Екатеринбург,Бытовая техника,Утюг,1.0,4906.89,4906.89,3743.52,1163.3700000000003,23.7,2024,7
2024-01-31,S02,Москва,Электроника,Планшет,1.0,19386.11,19386.11,14503.46,4882.6500000000015,25.2,2024,1
2023-03-26,S02,Москва,Продукты,Шоколад,3.0,252.84,758.52,497.51,261.01,34.4,2023,3
2023-01-10,S07,Екатеринбург,Одежда,Джинсы,1.0,4769.07,4769.07,2389.94,2379.1299999999997,49.9,2023,1
2025-05-08,S05,Санкт-Петербург,Бытовая техника,Пылесос,5.0,12995.87,64979.35,45537.56,19441.79,29.9,2025,5
2024-04-30,S10,Самара,Продукты,Кофе 1кг,1.0,813.37,813.37,520.95,292.41999999999996,36.0,2024,4
2023-07-02,S09,Ростов-на-Дону,Электроника,Колонка,1.0,5544.11,5544.11,4269.3,1274.8099999999995,23.0,2023,7
2023-05-05,S06,Казань,Канцтовары,Калькулятор,1.0,1107.33,1107.33,590.26,517.0699999999999,46.7,2023,5
2023-05-24,S10,Самара,Электроника,Колонка,1.0,5678.27,5678.27,4632.37,1045.9000000000005,18.4,2023,5
2024-08-03,S02,Москва,Бытовая техника,Утюг,3.0,4663.39,13990.17,9452.95,4537.219999999999,32.4,2024,8
2024-02-11,S02,Москва,Электроника,Смартфон,3.0,25706.73,77120.19,57796.4,19323.79,25.1,2024,2
2023-05-22,S04,Санкт-Петербург,Электроника,Смартфон,1.0,28013.97,4829.82,21330.99,-16501.170000000002,-341.7,2023,5
2024-11-21,S10,Самара,Электроника,Смартфон,5.0,3252.58,118944.3,94518.21,24426.089999999997,20.5,2024,11
2024-11-21,S06,Казань,Бытовая техника,Блендер,17.0,4585.81,77958.77,52189.0,25769.770000000004,33.1,2024,11
2024-12-13,S09,Ростов-на-Дону,Бытовая техника,Утюг,1.0,4864.47,4864.47,3283.15,1581.3200000000002,32.5,2024,12
2025-10-13,S05,Санкт-Петербург,Электроника,Наушники,1.0,3669.37,3669.37,2822.6,846.77,23.1,2025,10
2023-01-25,S10,Самара,Канцтовары,Калькулятор,2.0,1344.3,2688.6,1169.63,1518.9699999999998,56.5,2023,1
2024-01-01,S02,Москва,Одежда,Кроссовки,5.0,3252.58,4829.82,18985.61,-14155.79,-293.1,2024,1
2025-02-13,S08,Новосибирск,Продукты,Шоколад,1.0,273.59,273.59,197.08,76.50999999999996,28.0,2025,2
2023-09-20,S03,Москва,Электроника,Смартфон,3.0,24835.22,74505.66,56993.28,17512.380000000005,23.5,2023,9
2024-03-16,S04,Санкт-Петербург,Бытовая техника,Чайник,7.0,3172.02,22204.14,15978.95,6225.189999999999,28.0,2024,3
2024-01-03,S04,Санкт-Петербург,Бытовая техника,Чайник,1.0,2915.81,2915.81,2113.35,802.46,27.5,2024,1
2025-02-06,S03,Москва,Продукты,Мёд 500г,1.0,612.25,612.25,436.87,175.38,28.6,2025,2
2025-02-10,S01,Москва,Канцтовары,Степлер,3.0,429.89,1289.67,574.61,715.0600000000001,55.4,2025,2
2025-09-10,S01,Москва,Одежда,Футболка,3.0,1992.62,5977.86,2781.31,3196.5499999999997,53.5,2025,9
2025-08-17,S07,Екатеринбург,Канцтовары,Набор ручек,3.0,384.85,1154.55,611.38,543.17,47.0,2025,8
2025-02-17,S04,Санкт-Петербург,Канцтовары,Набор ручек,3.0,331.31,993.93,486.78,507.15,51.0,2025,2
2023-08-17,S02,Москва,Электроника,Наушники,1.0,3251.07,3251.07,2615.82,635.25,19.5,2023,8
2025-08-27,S01,Москва,Электроника,Колонка,2.0,5542.91,4829.82,9132.69,-4302.870000000001,-89.1,2025,8
2023-06-21,S06,Казань,Одежда,Футболка,1.0,1705.18,1705.18,860.46,844.72,49.5,2023,6
2025-05-25,S01,Москва,Продукты,Шоколад,10.0,269.17,2691.7,1757.2,934.4999999999998,34.7,2025,5
2023-09-29,S04,Санкт-Петербург,Продукты,Мёд 500г,3.0,689.22,2067.66,1327.98,739.6799999999998,35.8,2023,9
2024-08-08,S06,Казань,Одежда,Футболка,1.0,1887.91,1887.91,893.75,994.1600000000001,52.7,2024,8
2023-10-13,S06,Казань,Продукты,Мёд 500г,4.0,661.18,4829.82,1839.55,2990.2699999999995,61.9,2023,10
2023-03-01,S03,Москва,Канцтовары,Ежедневник,1.0,720.32,720.32,392.33,327.99000000000007,45.5,2023,3
2023-11-21,S03,Москва,Электроника,Планшет,4.0,19385.46,77541.84,62550.66,14991.179999999993,19.3,2023,11
2025-08-11,S05,Санкт-Петербург,Канцтовары,Ежедневник,2.0,784.78,1569.56,773.93,795.63,50.7,2025,8
2024-04-22,S10,Самара,Канцтовары,Степлер,1.0,442.53,442.53,252.51,190.01999999999998,42.9,2024,4
2025-02-15,S10,Самара,Канцтовары,Ежедневник,1.0,749.74,749.74,431.54,318.2,42.4,2025,2
2024-06-10,S09,Ростов-на-Дону,Электроника,Планшет,2.0,20564.67,41129.34,31125.17,10004.169999999998,24.3,2024,6
2025-06-11,S08,Новосибирск,Канцтовары,Калькулятор,1.0,1348.97,1348.97,803.29,545.6800000000001,40.5,2025,6
2023-02-27,S02,Москва,Электроника,Наушники,1.0,3944.51,3944.51,3218.58,725.9300000000003,18.4,2023,2
2025-05-08,S07,Екатеринбург,Бытовая техника,Блендер,2.0,3252.58,5051.7,3754.07,1297.6299999999997,25.7,2025,5
2023-06-10,S06,Казань,Электроника,Смартфон,6.0,26621.54,159729.24,130350.24,29378.999999999985,18.4,2023,6
2024-06-03,S05,Санкт-Петербург,Одежда,Футболка,3.0,2045.18,6135.54,3261.79,2873.75,46.8,2024,6
2024-11-11,S09,Ростов-на-Дону,Канцтовары,Ежедневник,13.0,688.73,8953.49,3838.29,5115.2,57.1,2024,11
2024-02-25,S07,Екатеринбург,Электроника,Наушники,1.0,3289.97,3289.97,2484.51,805.4599999999996,24.5,2024,2
2025-06-20,S09,Ростов-на-Дону,Электроника,Смартфон,2.0,3252.58,53034.7,39519.88,13514.82,25.5,2025,6
2025-06-24,S03,Москва,Продукты,Мёд 500г,4.0,623.52,2494.08,1657.29,836.79,33.6,2025,6
2024-01-28,S09,Ростов-на-Дону,Одежда,Джинсы,3.0,3898.31,11694.93,7398.55,4296.38,36.7,2024,1
2025-05-08,S01,Москва,Одежда,Джинсы,10.0,4758.19,47581.9,23762.35,23819.550000000003,50.1,2025,5
2023-06-24,S09,Ростов-на-Дону,Одежда,Куртка,1.0,8214.36,8214.36,4823.51,3390.8500000000004,41.3,2023,6
2023-06-21,S03,Москва,Одежда,Кроссовки,1.0,6436.58,6436.58,3056.63,3379.95,52.5,2023,6
2023-05-24,S01,Москва,Канцтовары,Степлер,1.0,513.18,513.18,238.49,274.68999999999994,53.5,2023,5
2024-05-08,S03,Москва,Одежда,Кроссовки,1.0,7016.16,7016.16,3256.83,3759.33,53.6,2024,5
2025-01-30,S01,Москва,Канцтовары,Калькулятор,2.0,1364.15,1364.15,607.91,756.2400000000001,55.4,2025,1
2024-11-05,S01,Москва,Канцтовары,Калькулятор,1.0,1084.05,1084.05,520.11,563.9399999999999,52.0,2024,11
2023-04-03,S06,Казань,Электроника,Наушники,1.0,3186.31,3186.31,2468.57,717.7399999999998,22.5,2023,4
2023-09-29,S08,Новосибирск,Бытовая техника,Утюг,1.0,4498.07,4498.07,3321.04,1177.0299999999997,26.2,2023,9
2025-03-01,S05,Санкт-Петербург,Одежда,Футболка,1.0,1703.22,1703.22,985.36,717.86,42.1,2025,3
2025-12-28,S03,Москва,Одежда,Футболка,1.0,1917.98,1917.98,1035.89,882.0899999999999,46.0,2025,12
2025-04-22,S08,Новосибирск,Электроника,Наушники,1.0,3771.02,3771.02,2935.35,835.6700000000001,22.2,2025,4
2023-11-28,S05,Санкт-Петербург,Одежда,Кроссовки,5.0,6404.95,32024.75,17180.08,14844.669999999998,46.4,2023,11
2025-03-03,S04,Санкт-Петербург,Бытовая техника,Чайник,1.0,3251.05,3251.05,2399.93,851.1200000000003,26.2,2025,3
2025-04-01,S06,Казань,Продукты,Чай 100п,2.0,503.68,1007.36,709.11,298.25,29.6,2025,4
2024-11-24,S02,Москва,Продукты,Кофе 1кг,1.0,952.12,952.12,650.0,302.12,31.7,2024,11
2023-09-15,S08,Новосибирск,Одежда,Куртка,2.0,9542.25,4829.82,9425.0,-4595.18,-95.1,2023,9
2023-10-24,S09,Ростов-на-Дону,Одежда,Кроссовки,1.0,7320.75,7320.75,4042.1,3278.65,44.8,2023,10
2023-09-23,S08,Новосибирск,Канцтовары,Степлер,1.0,425.2,425.2,216.21,208.98999999999998,49.2,2023,9
2025-10-26,S02,Москва,Одежда,Футболка,3.0,1761.06,4829.82,2582.77,2247.0499999999997,46.5,2025,10
2023-06-15,S03,Москва,Бытовая техника,Блендер,5.0,5691.92,28459.6,20221.57,8238.029999999999,28.9,2023,6
2023-09-10,S09,Ростов-на-Дону,Одежда,Джинсы,2.0,4810.45,9620.9,5436.68,4184.219999999999,43.5,2023,9
2024-02-24,S01,Москва,Продукты,Шоколад,5.0,235.39,1176.95,843.83,333.12,28.3,2024,2
2024-09-30,S09,Ростов-на-Дону,Электроника,Наушники,1.0,3289.67,3289.67,2688.45,601.2200000000003,18.3,2024,9
2023-07-16,S09,Ростов-на-Дону,Продукты,Чай 100п,1.0,506.24,506.24,363.47,142.76999999999998,28.2,2023,7
2023-05-30,S07,Екатеринбург,Продукты,Кофе 1кг,1.0,1032.82,1032.82,710.14,322.67999999999995,31.2,2023,5
2023-08-08,S09,Ростов-на-Дону,Продукты,Шоколад,4.0,264.78,1059.12,703.29,355.8299999999999,33.6,2023,8
2023-06-28,S01,Москва,Бытовая техника,Пылесос,6.0,12142.63,72855.78,52718.34,20137.440000000002,27.6,2023,6
2023-01-08,S08,Новосибирск,Бытовая техника,Блендер,1.0,5446.85,5446.85,4036.21,1410.6400000000003,25.9,2023,1
2025-03-29,S04,Санкт-Петербург,Электроника,Смартфон,1.0,23672.57,4829.82,18422.9,-13593.080000000002,-281.4,2025,3
2025-10-29,S04,Санкт-Петербург,Канцтовары,Ежедневник,3.0,637.68,4829.82,851.71,3978.1099999999997,82.4,2025,10
2025-11-21,S05,Санкт-Петербург,Продукты,Мёд 500г,1.0,602.21,602.21,434.45,167.76000000000005,27.9,2025,11
2024-11-09,S01,Москва,Канцтовары,Ежедневник,3.0,781.9,2345.7,1070.57,1275.1299999999999,54.4,2024,11
2025-04-16,S06,Казань,Бытовая техника,Пылесос,1.0,12803.33,12803.33,8992.45,3810.879999999999,29.8,2025,4
2025-08-03,S02,Москва,Продукты,Кофе 1кг,2.0,1005.87,2011.74,1400.37,611.3700000000001,30.4,2025,8
2023-05-28,S10,Самара,Канцтовары,Набор ручек,1.0,335.13,335.13,145.7,189.43,56.5,2023,5
2023-08-02,S02,Москва,Продукты,Чай 100п,1.0,464.95,464.95,298.62,166.32999999999998,35.8,2023,8
2023-07-07,S01,Москва,Продукты,Мёд 500г,4.0,614.24,2456.96,1638.94,818.02,33.3,2023,7
2023-04-10,S04,Санкт-Петербург,Продукты,Мёд 500г,1.0,676.43,676.43,448.67,227.75999999999993,33.7,2023,4
2025-10-12,S10,Самара,Продукты,Шоколад,2.0,245.71,491.42,372.64,118.78000000000003,24.2,2025,10
2025-01-22,S07,Екатеринбург,Одежда,Джинсы,1.0,3801.7,3801.7,2078.89,1722.81,45.3,2025,1
2025-08-16,S01,Москва,Электроника,Смартфон,2.0,25070.04,50140.08,40119.87,10020.21,20.0,2025,8
2024-05-04,S03,Москва,Электроника,Смартфон,1.0,27913.13,27913.13,21851.63,6061.5,21.7,2024,5
2023-11-07,S06,Казань,Продукты,Чай 100п,17.0,460.91,7835.47,5154.4,2681.0700000000006,34.2,2023,11
2023-08-24,S02,Москва,Одежда,Кроссовки,1.0,6656.12,6656.12,4108.79,2547.33,38.3,2023,8
2025-04-17,S01,Москва,Одежда,Куртка,1.0,7905.53,7905.53,4560.44,3345.09,42.3,2025,4
2024-09-02,S03,Москва,Бытовая техника,Утюг,4.0,4913.86,19655.44,13957.39,5698.049999999999,29.0,2024,9
2024-04-19,S04,Санкт-Петербург,Одежда,Футболка,1.0,2015.77,2015.77,1255.6,760.1700000000001,37.7,2024,4
2024-11-04,S09,Ростов-на-Дону,Одежда,Кроссовки,1.0,6355.38,6355.38,3788.62,2566.76,40.4,2024,11
2025-04-26,S10,Самара,Одежда,Куртка,2.0,8632.95,17265.9,8595.81,8670.090000000002,50.2,2025,4
2024-01-09,S05,Санкт-Петербург,Бытовая техника,Пылесос,1.0,11184.29,11184.29,7516.45,3667.840000000001,32.8,2024,1
2025-03-10,S05,Санкт-Петербург,Продукты,Чай 100п,2.0,494.18,988.36,733.05,255.31000000000006,25.8,2025,3
2023-06-06,S04,Санкт-Петербург,Одежда,Футболка,2.0,1952.07,3904.14,1879.6,2024.54,51.9,2023,6
2025-07-05,S05,Санкт-Петербург,Электроника,Смартфон,1.0,26928.06,26928.06,19884.41,7043.6500000000015,26.2,2025,7
2025-07-07,S06,Казань,Бытовая техника,Утюг,1.0,4083.72,4083.72,2846.66,1237.06,30.3,2025,7
2023-03-06,S06,Казань,Канцтовары,Калькулятор,1.0,1094.72,1094.72,541.95,552.77,50.5,2023,3
2025-09-12,S09,Ростов-на-Дону,Бытовая техника,Чайник,1.0,3638.08,3638.08,2799.19,838.8899999999999,23.1,2025,9
2024-08-02,S08,Новосибирск,Продукты,Чай 100п,1.0,417.31,417.31,314.82,102.49000000000001,24.6,2024,8
2024-05-11,S05,Санкт-Петербург,Бытовая техника,Блендер,2.0,4622.6,9245.2,7018.91,2226.290000000001,24.1,2024,5
2023-05-03,S01,Москва,Продукты,Чай 100п,2.0,463.7,927.4,647.21,280.18999999999994,30.2,2023,5
2023-02-12,S09,Ростов-на-Дону,Электроника,Наушники,1.0,3763.26,3763.26,2884.35,878.9100000000003,23.4,2023,2
2024-06-13,S08,Новосибирск,Бытовая техника,Блендер,1.0,4586.44,4586.44,3461.43,1125.0099999999998,24.5,2024,6
2025-02-07,S01,Москва,Одежда,Джинсы,8.0,3869.95,30959.6,18188.45,12771.149999999998,41.3,2025,2
2024-04-27,S05,Санкт-Петербург,Продукты,Чай 100п,4.0,511.51,2046.04,1477.97,568.0699999999999,27.8,2024,4
2023-07-13,S07,Екатеринбург,Одежда,Джинсы,1.0,3941.67,3941.67,2076.97,1864.7000000000003,47.3,2023,7
2025-11-29,S02,Москва,Бытовая техника,Пылесос,1.0,12321.18,12321.18,9455.02,2866.16,23.3,2025,11
2024-02-11,S01,Москва,Бытовая техника,Пылесос,4.0,10865.95,43463.8,29891.8,13572.000000000004,31.2,2024,2
2025-02-16,S09,Ростов-на-Дону,Одежда,Джинсы,1.0,4824.61,4824.61,2484.16,2340.45,48.5,2025,2
2025-09-10,S10,Самара,Электроника,Смартфон,4.0,28161.82,112647.28,87303.44,25343.839999999997,22.5,2025,9
2025-04-09,S06,Казань,Канцтовары,Степлер,6.0,504.68,3028.08,1636.81,1391.27,45.9,2025,4
2024-07-19,S02,Москва,Бытовая техника,Пылесос,2.0,13040.24,26080.48,19995.12,6085.360000000001,23.3,2024,7
2023-12-22,S07,Екатеринбург,Одежда,Джинсы,4.0,4667.92,18671.68,11810.2,6861.48,36.7,2023,12
2023-08-01,S02,Москва,Одежда,Кроссовки,3.0,6524.64,19573.92,11912.1,7661.819999999998,39.1,2023,8
2024-08-18,S02,Москва,Бытовая техника,Пылесос,1.0,13429.68,13429.68,9736.06,3693.620000000001,27.5,2024,8
2024-07-03,S03,Москва,Бытовая техника,Пылесос,3.0,11782.13,35346.39,24101.63,11244.759999999998,31.8,2024,7
2023-03-29,S08,Новосибирск,Канцтовары,Калькулятор,1.0,1262.39,1262.39,642.75,619.6400000000001,49.1,2023,3
2023-12-05,S05,Санкт-Петербург,Бытовая техника,Чайник,2.0,3571.38,7142.76,4947.3,2195.46,30.7,2023,12
2024-03-28,S05,Санкт-Петербург,Продукты,Шоколад,1.0,246.19,246.19,165.66,80.53,32.7,2024,3
2023-10-20,S08,Новосибирск,Канцтовары,Степлер,1.0,492.09,492.09,229.02,263.06999999999994,53.5,2023,10
2024-06-22,S09,Ростов-на-Дону,Одежда,Джинсы,4.0,4575.43,18301.72,8792.31,9509.410000000002,52.0,2024,6
2025-04-18,S05,Санкт-Петербург,Продукты,Чай 100п,2.0,451.3,902.6,668.61,233.99,25.9,2025,4
2024-09-09,S04,Санкт-Петербург,Одежда,Джинсы,1.0,4508.45,4508.45,2583.14,1925.31,42.7,2024,9
2025-01-20,S09,Ростов-на-Дону,Бытовая техника,Чайник,1.0,3252.58,3360.01,2403.8,956.21,28.5,2025,1
2025-04-17,S05,Санкт-Петербург,Канцтовары,Ежедневник,3.0,666.51,1999.53,1168.25,831.28,41.6,2025,4
2023-08-03,S06,Казань,Канцтовары,Ежедневник,1.0,688.03,688.03,323.96,364.07,52.9,2023,8
2023-03-12,S08,Новосибирск,Электроника,Наушники,2.0,3634.61,7269.22,5784.02,1485.1999999999998,20.4,2023,3
2023-07-31,S01,Москва,Одежда,Джинсы,1.0,4090.9,4090.9,1980.04,2110.86,51.6,2023,7
2025-07-14,S03,Москва,Одежда,Куртка,2.0,9664.37,19328.74,11307.29,8021.450000000001,41.5,2025,7
2024-08-29,S09,Ростов-на-Дону,Канцтовары,Набор ручек,1.0,347.09,347.09,177.21,169.87999999999997,48.9,2024,8
2023-08-07,S07,Екатеринбург,Продукты,Шоколад,1.0,249.36,249.36,182.73,66.63000000000002,26.7,2023,8
2025-11-24,S01,Москва,Одежда,Кроссовки,1.0,3252.58,7403.21,3812.65,3590.56,48.5,2025,11
2025-07-11,S02,Москва,Электроника,Колонка,2.0,6027.71,12055.42,9928.12,2127.2999999999993,17.6,2025,7
2023-03-18,S10,Самара,Одежда,Куртка,1.0,8737.13,8737.13,5507.69,3229.4399999999996,37.0,2023,3
2025-09-04,S08,Новосибирск,Электроника,Планшет,3.0,18905.89,56717.67,45152.8,11564.869999999995,20.4,2025,9
2023-04-16,S03,Москва,Канцтовары,Степлер,6.0,503.45,3020.7,1431.23,1589.4699999999998,52.6,2023,4
2024-06-03,S05,Санкт-Петербург,Продукты,Чай 100п,1.0,506.42,506.42,365.44,140.98000000000002,27.8,2024,6
2025-12-01,S04,Санкт-Петербург,Одежда,Футболка,2.0,2032.36,4064.72,2105.82,1958.8999999999996,48.2,2025,12
2024-04-01,S01,Москва,Продукты,Кофе 1кг,1.0,946.39,946.39,642.97,303.41999999999996,32.1,2024,4
2024-04-15,S05,Санкт-Петербург,Бытовая техника,Утюг,1.0,5099.22,5099.22,3504.28,1594.94,31.3,2024,4
2024-04-02,S01,Москва,Электроника,Колонка,8.0,5830.04,4829.82,38423.69,-33593.87,-695.6,2024,4
2025-03-29,S09,Ростов-на-Дону,Электроника,Колонка,3.0,5243.89,15731.67,12374.98,3356.6900000000005,21.3,2025,3
2025-08-04,S04,Санкт-Петербург,Электроника,Колонка,7.0,6134.96,42944.72,33975.66,8969.059999999998,20.9,2025,8
2024-10-19,S09,Ростов-на-Дону,Канцтовары,Набор ручек,3.0,396.87,1190.61,651.24,539.3699999999999,45.3,2024,10
2023-10-05,S02,Москва,Бытовая техника,Блендер,2.0,5519.68,11039.36,8079.85,2959.51,26.8,2023,10
2024-03-21,S04,Санкт-Петербург,Канцтовары,Степлер,1.0,419.43,419.43,181.59,237.84,56.7,2024,3
2025-04-18,S07,Екатеринбург,Канцтовары,Набор ручек,1.0,388.82,388.82,225.69,163.13,42.0,2025,4
2023-07-01,S03,Москва,Одежда,Кроссовки,6.0,7401.15,44406.9,28044.79,16362.11,36.8,2023,7
2025-02-10,S06,Казань,Канцтовары,Калькулятор,7.0,1227.33,8591.31,4973.69,3617.62,42.1,2025,2
2023-12-25,S10,Самара,Одежда,Куртка,3.0,8144.55,24433.65,11800.38,12633.270000000002,51.7,2023,12
2024-12-19,S08,Новосибирск,Канцтовары,Калькулятор,4.0,1319.08,5276.32,3063.52,2212.7999999999997,41.9,2024,12
2024-12-11,S08,Новосибирск,Электроника,Смартфон,1.0,25847.04,25847.04,19606.3,6240.740000000002,24.1,2024,12
2024-10-17,S07,Екатеринбург,Электроника,Планшет,9.0,17464.33,157178.97,117201.57,39977.399999999994,25.4,2024,10
2023-02-09,S08,Новосибирск,Канцтовары,Степлер,1.0,448.79,448.79,227.77,221.02,49.2,2023,2
2025-07-02,S03,Москва,Продукты,Шоколад,1.0,229.48,229.48,165.83,63.64999999999998,27.7,2025,7
2025-10-22,S07,Екатеринбург,Продукты,Чай 100п,1.0,475.24,475.24,332.48,142.76,30.0,2025,10
2023-06-09,S05,Санкт-Петербург,Одежда,Футболка,1.0,1859.83,1859.83,1078.81,781.02,42.0,2023,6
2025-05-30,S10,Самара,Бытовая техника,Чайник,4.0,3186.18,12744.72,9453.62,3291.0999999999985,25.8,2025,5
2023-12-14,S01,Москва,Канцтовары,Ежедневник,2.0,676.9,1353.8,573.41,780.39,57.6,2023,12
2024-05-08,S04,Санкт-Петербург,Продукты,Чай 100п,6.0,506.4,4829.82,2193.53,2636.2899999999995,54.6,2024,5
2025-06-08,S07,Екатеринбург,Канцтовары,Калькулятор,1.0,1129.01,1129.01,631.73,497.28,44.0,2025,6
2025-06-24,S02,Москва,Канцтовары,Набор ручек,4.0,352.77,1411.08,713.04,698.04,49.5,2025,6
2024-01-15,S03,Москва,Бытовая техника,Утюг,6.0,4058.33,24349.98,17485.76,6864.220000000001,28.2,2024,1
2024-03-09,S01,Москва,Одежда,Джинсы,1.0,4363.71,4363.71,2431.37,1932.3400000000001,44.3,2024,3
2025-05-26,S02,Москва,Бытовая техника,Утюг,8.0,4654.44,37235.52,27185.28,10050.239999999998,27.0,2025,5
2024-01-22,S06,Казань,Канцтовары,Степлер,11.0,501.71,5518.81,3070.98,2447.8300000000004,44.4,2024,1
2024-03-20,S01,Москва,Канцтовары,Ежедневник,5.0,3252.58,3985.7,2390.17,1595.5299999999997,40.0,2024,3
2025-02-09,S02,Москва,Продукты,Чай 100п,2.0,439.79,879.58,632.73,246.85000000000002,28.1,2025,2
2025-01-10,S10,Самара,Одежда,Кроссовки,1.0,6036.54,6036.54,3247.21,2789.33,46.2,2025,1
2024-08-08,S07,Екатеринбург,Бытовая техника,Блендер,4.0,5100.16,20400.64,15687.58,4713.0599999999995,23.1,2024,8
2023-04-20,S09,Ростов-на-Дону,Бытовая техника,Пылесос,2.0,10985.84,21971.68,16756.67,5215.010000000002,23.7,2023,4
2023-02-19,S08,Новосибирск,Электроника,Наушники,1.0,3509.34,3509.34,2703.4,805.94,23.0,2023,2
2024-03-17,S01,Москва,Продукты,Шоколад,1.0,230.76,230.76,172.61,58.14999999999998,25.2,2024,3
2024-04-12,S03,Москва,Канцтовары,Калькулятор,2.0,1202.95,2405.9,1213.95,1191.95,49.5,2024,4
2024-11-04,S07,Екатеринбург,Бытовая техника,Блендер,6.0,5381.09,32286.54,23078.41,9208.130000000001,28.5,2024,11
2023-02-03,S08,Новосибирск,Электроника,Колонка,1.0,5125.42,5125.42,4059.58,1065.8400000000001,20.8,2023,2
2023-12-17,S10,Самара,Электроника,Планшет,1.0,17847.51,17847.51,13603.16,4244.3499999999985,23.8,2023,12
2025-04-02,S06,Казань,Бытовая техника,Чайник,4.0,3307.48,13229.92,8913.33,4316.59,32.6,2025,4
2025-11-16,S02,Москва,Бытовая техника,Утюг,1.0,4754.5,4829.82,3672.17,1157.6499999999996,24.0,2025,11
2024-09-04,S03,Москва,Электроника,Смартфон,4.0,3252.58,104031.92,81201.7,22830.22,21.9,2024,9
2024-09-19,S08,Новосибирск,Электроника,Колонка,5.0,5405.9,27029.5,21779.76,5249.740000000002,19.4,2024,9
2023-07-26,S05,Санкт-Петербург,Продукты,Шоколад,2.0,236.23,472.46,320.96,151.5,32.1,2023,7
2025-03-08,S03,Москва,Канцтовары,Набор ручек,3.0,386.28,1158.84,574.07,584.7699999999999,50.5,2025,3
2023-09-28,S06,Казань,Электроника,Наушники,1.0,3205.21,3205.21,2457.68,747.5300000000002,23.3,2023,9
2025-02-25,S07,Екатеринбург,Продукты,Чай 100п,1.0,463.64,463.64,335.37,128.26999999999998,27.7,2025,2
2025-04-11,S08,Новосибирск,Канцтовары,Степлер,1.0,448.92,448.92,227.23,221.69000000000003,49.4,2025,4
2025-10-15,S03,Москва,Одежда,Джинсы,1.0,4287.19,4287.19,2521.97,1765.2199999999998,41.2,2025,10
2025-12-19,S04,Санкт-Петербург,Бытовая техника,Утюг,3.0,4891.68,14675.04,10101.0,4574.040000000001,31.2,2025,12
2025-01-16,S09,Ростов-на-Дону,Одежда,Куртка,1.0,7781.83,7781.83,4271.7,3510.13,45.1,2025,1
2025-08-19,S08,Новосибирск,Канцтовары,Набор ручек,1.0,397.33,397.33,193.31,204.01999999999998,51.3,2025,8
2025-10-10,S06,Казань,Бытовая техника,Блендер,1.0,4870.34,4870.34,3343.39,1526.9500000000003,31.4,2025,10
2025-04-23,S09,Ростов-на-Дону,Одежда,Джинсы,1.0,3833.15,3833.15,2057.21,1775.94,46.3,2025,4
2024-08-07,S04,Санкт-Петербург,Канцтовары,Калькулятор,5.0,1278.44,6392.2,3709.33,2682.87,42.0,2024,8
2023-03-13,S06,Казань,Канцтовары,Калькулятор,1.0,1314.45,1314.45,734.98,579.47,44.1,2023,3
2024-11-27,S04,Санкт-Петербург,Бытовая техника,Пылесос,4.0,13700.12,54800.48,42014.38,12786.100000000006,23.3,2024,11
2023-03-21,S04,Санкт-Петербург,Канцтовары,Ежедневник,1.0,730.32,730.32,312.25,418.07000000000005,57.2,2023,3
2024-06-14,S05,Санкт-Петербург,Канцтовары,Набор ручек,6.0,331.28,1987.68,804.28,1183.4,59.5,2024,6
2025-06-07,S03,Москва,Одежда,Джинсы,2.0,4037.05,8074.1,4050.73,4023.3700000000003,49.8,2025,6
2023-11-24,S08,Новосибирск,Продукты,Чай 100п,3.0,3252.58,1480.2,1123.81,356.3900000000001,24.1,2023,11
2025-06-15,S04,Санкт-Петербург,Одежда,Куртка,4.0,9627.2,38508.8,17745.35,20763.450000000004,53.9,2025,6
2025-12-13,S02,Москва,Одежда,Футболка,1.0,1662.61,1662.61,914.68,747.93,45.0,2025,12
2023-10-02,S08,Новосибирск,Электроника,Колонка,1.0,5632.76,5632.76,4376.25,1256.5100000000002,22.3,2023,10
2025-05-17,S01,Москва,Канцтовары,Набор ручек,1.0,334.44,334.44,162.33,172.10999999999999,51.5,2025,5
2024-01-06,S08,Новосибирск,Бытовая техника,Чайник,2.0,2998.2,5996.4,4521.77,1474.6299999999992,24.6,2024,1
2023-06-21,S03,Москва,Продукты,Мёд 500г,4.0,582.68,2330.72,1749.0,581.7199999999998,25.0,2023,6
2025-04-29,S07,Екатеринбург,Канцтовары,Степлер,5.0,439.49,2197.45,1182.76,1014.6899999999998,46.2,2025,4
2024-08-24,S10,Самара,Бытовая техника,Чайник,3.0,2888.83,8666.49,5988.79,2677.7,30.9,2024,8
2025-07-03,S04,Санкт-Петербург,Канцтовары,Ежедневник,3.0,640.43,1921.29,1098.98,822.31,42.8,2025,7
2023-08-04,S03,Москва,Бытовая техника,Чайник,1.0,3005.87,3005.87,2220.11,785.7599999999998,26.1,2023,8
2023-08-05,S10,Самара,Одежда,Джинсы,1.0,4618.65,4618.65,2141.23,2477.4199999999996,53.6,2023,8
2025-05-21,S03,Москва,Электроника,Колонка,1.0,6133.17,6133.17,4895.79,1237.38,20.2,2025,5
2024-08-17,S01,Москва,Канцтовары,Степлер,1.0,452.64,452.64,205.17,247.47,54.7,2024,8
2024-06-29,S09,Ростов-на-Дону,Канцтовары,Ежедневник,1.0,659.31,659.31,391.2,268.10999999999996,40.7,2024,6
2024-07-27,S01,Москва,Продукты,Кофе 1кг,7.0,1027.85,7194.95,4800.52,2394.4299999999994,33.3,2024,7
2025-07-13,S01,Москва,Бытовая техника,Блендер,1.0,4668.43,4668.43,3368.85,1299.5800000000004,27.8,2025,7
2023-12-26,S01,Москва,Электроника,Наушники,4.0,4022.53,16090.12,13195.39,2894.7300000000014,18.0,2023,12
2023-01-19,S02,Москва,Одежда,Куртка,1.0,7840.85,4829.82,4955.82,-126.0,-2.6,2023,1
2024-08-11,S08,Новосибирск,Продукты,Чай 100п,1.0,462.78,462.78,296.86,165.91999999999996,35.9,2024,8
2024-11-01,S08,Новосибирск,Одежда,Джинсы,3.0,4505.35,13516.05,8220.23,5295.82,39.2,2024,11
2025-01-09,S02,Москва,Бытовая техника,Утюг,2.0,5105.15,10210.3,7911.79,2298.5099999999993,22.5,2025,1
2024-10-27,S02,Москва,Одежда,Футболка,1.0,1624.05,1624.05,999.13,624.92,38.5,2024,10
2024-05-22,S05,Санкт-Петербург,Продукты,Чай 100п,4.0,406.62,1626.48,1114.38,512.0999999999999,31.5,2024,5
2024-10-25,S01,Москва,Канцтовары,Степлер,1.0,487.97,487.97,263.84,224.13000000000005,45.9,2024,10
2025-10-15,S07,Екатеринбург,Электроника,Колонка,1.0,5784.66,5784.66,4292.62,1492.04,25.8,2025,10
2023-04-16,S03,Москва,Одежда,Джинсы,3.0,4608.85,13826.55,8166.96,5659.589999999999,40.9,2023,4
2024-09-18,S10,Самара,Бытовая техника,Чайник,17.0,3101.81,52730.77,36485.03,16245.739999999998,30.8,2024,9
2025-08-11,S02,Москва,Электроника,Планшет,1.0,18809.01,18809.01,15065.58,3743.4299999999985,19.9,2025,8
2024-09-07,S06,Казань,Одежда,Футболка,8.0,1823.81,14590.48,9178.74,5411.74,37.1,2024,9
2023-04-02,S04,Санкт-Петербург,Электроника,Колонка,7.0,5241.75,36692.25,27221.39,9470.86,25.8,2023,4
2024-11-08,S07,Екатеринбург,Бытовая техника,Утюг,1.0,3252.58,4484.57,3321.49,1163.08,25.9,2024,11
2024-04-28,S03,Москва,Бытовая техника,Пылесос,8.0,13696.46,109571.68,82647.74,26923.939999999988,24.6,2024,4
2024-12-17,S01,Москва,Электроника,Планшет,2.0,16805.97,50417.91,38136.59,12281.320000000007,24.4,2024,12
2024-08-01,S03,Москва,Электроника,Колонка,1.0,5277.5,5277.5,4235.73,1041.7700000000004,19.7,2024,8
2025-12-27,S04,Санкт-Петербург,Продукты,Чай 100п,3.0,503.16,1509.48,1000.85,508.63,33.7,2025,12
2024-03-13,S06,Казань,Одежда,Джинсы,2.0,4776.38,9552.76,5249.23,4303.530000000001,45.1,2024,3
2024-09-12,S04,Санкт-Петербург,Канцтовары,Набор ручек,1.0,367.13,367.13,193.33,173.79999999999998,47.3,2024,9
2023-05-10,S04,Санкт-Петербург,Одежда,Футболка,1.0,1805.9,1805.9,1021.73,784.1700000000001,43.4,2023,5
2024-11-04,S07,Екатеринбург,Канцтовары,Ежедневник,7.0,758.25,5307.75,2417.38,2890.37,54.5,2024,11
2023-12-17,S07,Екатеринбург,Электроника,Колонка,1.0,5025.56,5025.56,3898.39,1127.1700000000005,22.4,2023,12
2025-04-03,S07,Екатеринбург,Электроника,Смартфон,1.0,25035.72,25035.72,19864.31,5171.41,20.7,2025,4
2025-12-11,S04,Санкт-Петербург,Продукты,Мёд 500г,15.0,619.25,9288.75,6701.78,2586.9700000000003,27.9,2025,12
2024-07-11,S02,Москва,Одежда,Кроссовки,3.0,6815.47,20446.41,10808.49,9637.92,47.1,2024,7
2025-11-06,S08,Новосибирск,Бытовая техника,Утюг,6.0,4167.74,25006.44,18816.71,6189.73,24.8,2025,11
2025-08-30,S05,Санкт-Петербург,Одежда,Кроссовки,1.0,6312.98,6312.98,3835.04,2477.9399999999996,39.3,2025,8
2023-09-11,S09,Ростов-на-Дону,Канцтовары,Ежедневник,1.0,791.02,791.02,470.02,321.0,40.6,2023,9
2023-02-21,S02,Москва,Продукты,Мёд 500г,1.0,584.83,584.83,436.32,148.51000000000005,25.4,2023,2
2024-01-24,S02,Москва,Бытовая техника,Утюг,3.0,4448.53,13345.59,8862.22,4483.370000000001,33.6,2024,1
2024-11-06,S06,Казань,Канцтовары,Набор ручек,8.0,344.6,2756.8,1113.17,1643.63,59.6,2024,11
2023-10-23,S05,Санкт-Петербург,Электроника,Смартфон,4.0,27995.45,111981.8,90393.29,21588.51000000001,19.3,2023,10
2024-03-11,S03,Москва,Продукты,Мёд 500г,1.0,593.23,593.23,411.73,181.5,30.6,2024,3
2025-06-02,S05,Санкт-Петербург,Одежда,Джинсы,1.0,4491.96,4829.82,2420.76,2409.0599999999995,49.9,2025,6
2024-02-19,S06,Казань,Канцтовары,Набор ручек,5.0,376.7,4829.82,966.59,3863.2299999999996,80.0,2024,2
2025-02-15,S02,Москва,Одежда,Кроссовки,8.0,7124.44,56995.52,33654.11,23341.409999999996,41.0,2025,2
2023-02-28,S07,Екатеринбург,Бытовая техника,Утюг,1.0,4465.67,4465.67,3290.33,1175.3400000000001,26.3,2023,2
2024-08-30,S04,Санкт-Петербург,Бытовая техника,Пылесос,3.0,11057.53,33172.59,22505.36,10667.229999999996,32.2,2024,8
2024-04-30,S04,Санкт-Петербург,Бытовая техника,Утюг,2.0,4168.42,8336.84,6001.98,2334.8600000000006,28.0,2024,4
2025-11-16,S02,Москва,Электроника,Колонка,4.0,6174.67,4829.82,20193.12,-15363.3,-318.1,2025,11
2024-12-06,S02,Москва,Одежда,Джинсы,1.0,4616.16,4616.16,2461.9,2154.2599999999998,46.7,2024,12
2024-10-19,S02,Москва,Одежда,Футболка,12.0,1879.45,22553.4,13453.37,9100.03,40.3,2024,10
2023-01-19,S07,Екатеринбург,Бытовая техника,Утюг,1.0,4268.51,4268.51,3128.62,1139.8900000000003,26.7,2023,1
2024-10-10,S04,Санкт-Петербург,Электроника,Планшет,1.0,18114.1,18114.1,13733.08,4381.019999999999,24.2,2024,10
2024-05-15,S08,Новосибирск,Продукты,Шоколад,1.0,286.05,286.05,202.89,83.16000000000003,29.1,2024,5
2025-08-09,S03,Москва,Канцтовары,Набор ручек,1.0,318.2,318.2,154.97,163.23,51.3,2025,8
2023-05-09,S06,Казань,Электроника,Наушники,1.0,3311.55,3311.55,2603.42,708.1300000000001,21.4,2023,5
2024-05-04,S03,Москва,Бытовая техника,Чайник,5.0,3113.11,15565.55,11291.91,4273.639999999999,27.5,2024,5
2025-05-27,S02,Москва,Одежда,Джинсы,15.0,4250.85,63762.75,38789.01,24973.739999999998,39.2,2025,5
2023-10-23,S05,Санкт-Петербург,Бытовая техника,Утюг,2.0,4487.29,8974.58,6065.88,2908.7,32.4,2023,10
2025-04-27,S06,Казань,Бытовая техника,Блендер,5.0,5215.96,26079.8,19283.54,6796.259999999998,26.1,2025,4
2024-10-22,S10,Самара,Электроника,Наушники,2.0,3929.62,7859.24,5905.62,1953.62,24.9,2024,10
2024-10-14,S06,Казань,Электроника,Наушники,5.0,3193.31,15966.55,11970.68,3995.869999999999,25.0,2024,10
2023-01-02,S09,Ростов-на-Дону,Электроника,Планшет,1.0,18932.53,18932.53,14967.92,3964.6099999999988,20.9,2023,1
2023-03-05,S07,Екатеринбург,Одежда,Джинсы,5.0,4290.0,21450.0,12879.95,8570.05,40.0,2023,3
2025-10-20,S09,Ростов-на-Дону,Канцтовары,Степлер,4.0,487.36,1949.44,912.44,1037.0,53.2,2025,10
2025-07-27,S06,Казань,Канцтовары,Ежедневник,1.0,781.19,781.19,314.11,467.08000000000004,59.8,2025,7
2023-09-28,S06,Казань,Продукты,Шоколад,3.0,282.17,4829.82,602.34,4227.48,87.5,2023,9
2025-01-15,S07,Екатеринбург,Одежда,Куртка,4.0,7849.54,31398.16,17586.89,13811.27,44.0,2025,1
2023-08-27,S07,Екатеринбург,Канцтовары,Ежедневник,1.0,803.33,803.33,359.76,443.57000000000005,55.2,2023,8
2023-10-06,S07,Екатеринбург,Одежда,Джинсы,1.0,4677.56,4677.56,2370.56,2307.0000000000005,49.3,2023,10
2024-09-03,S02,Москва,Бытовая техника,Утюг,1.0,5153.13,4829.82,3862.76,967.0599999999995,20.0,2024,9
2025-07-28,S10,Самара,Бытовая техника,Блендер,2.0,4886.08,9772.16,6963.23,2808.9300000000003,28.7,2025,7
2024-07-13,S06,Казань,Электроника,Планшет,2.0,17419.93,34839.86,26052.68,8787.18,25.2,2024,7
2023-04-05,S06,Казань,Электроника,Смартфон,2.0,27407.44,54814.88,40607.26,14207.619999999995,25.9,2023,4
2023-02-20,S03,Москва,Одежда,Кроссовки,11.0,6696.78,73664.58,44991.17,28673.410000000003,38.9,2023,2
2024-11-14,S02,Москва,Канцтовары,Степлер,10.0,513.74,5137.4,2738.36,2399.0399999999995,46.7,2024,11
2024-03-25,S09,Ростов-на-Дону,Продукты,Кофе 1кг,1.0,1019.25,1019.25,714.49,304.76,29.9,2024,3
2024-06-26,S04,Санкт-Петербург,Электроника,Колонка,1.0,5669.93,5669.93,4178.34,1491.5900000000001,26.3,2024,6
2025-10-17,S09,Ростов-на-Дону,Бытовая техника,Пылесос,2.0,12070.41,24140.82,17176.11,6964.709999999999,28.9,2025,10
2024-07-05,S04,Санкт-Петербург,Бытовая техника,Чайник,1.0,2910.52,2910.52,2238.0,672.52,23.1,2024,7
2024-11-11,S04,Санкт-Петербург,Продукты,Шоколад,1.0,240.22,240.22,155.49,84.72999999999999,35.3,2024,11
2023-10-27,S07,Екатеринбург,Электроника,Смартфон,1.0,3252.58,22596.04,17413.75,5182.290000000001,22.9,2023,10
2025-08-29,S01,Москва,Электроника,Колонка,1.0,5443.97,5443.97,4195.74,1248.2300000000005,22.9,2025,8
2023-10-06,S06,Казань,Продукты,Кофе 1кг,3.0,1005.41,3016.23,2130.36,885.8699999999999,29.4,2023,10
2024-11-10,S06,Казань,Канцтовары,Набор ручек,2.0,389.87,779.74,451.36,328.38,42.1,2024,11
2024-09-13,S10,Самара,Электроника,Наушники,1.0,3387.56,3387.56,2696.37,691.19,20.4,2024,9
2023-09-06,S06,Казань,Электроника,Колонка,1.0,6201.9,6201.9,4824.6,1377.2999999999993,22.2,2023,9
2023-12-29,S06,Казань,Одежда,Кроссовки,5.0,6569.14,32845.7,15485.75,17359.949999999997,52.9,2023,12
2025-06-20,S06,Казань,Одежда,Кроссовки,1.0,7302.9,7302.9,3567.28,3735.6199999999994,51.2,2025,6
2023-11-10,S08,Новосибирск,Электроника,Колонка,1.0,5788.32,5788.32,4562.22,1226.0999999999995,21.2,2023,11
2023-09-26,S08,Новосибирск,Бытовая техника,Утюг,1.0,4530.83,4530.83,3052.28,1478.5499999999997,32.6,2023,9
2024-03-24,S10,Самара,Одежда,Джинсы,1.0,4520.32,4520.32,2811.03,1709.2899999999995,37.8,2024,3
2023-09-06,S05,Санкт-Петербург,Продукты,Чай 100п,1.0,493.08,493.08,323.12,169.95999999999998,34.5,2023,9
2023-02-08,S03,Москва,Канцтовары,Набор ручек,2.0,350.46,700.92,316.68,384.23999999999995,54.8,2023,2
2023-04-25,S06,Казань,Электроника,Наушники,1.0,3527.3,3527.3,2751.85,775.4500000000003,22.0,2023,4
2023-04-21,S06,Казань,Продукты,Мёд 500г,2.0,552.36,1104.72,775.21,329.51,29.8,2023,4
2025-11-22,S03,Москва,Канцтовары,Калькулятор,3.0,1347.61,4042.83,1783.04,2259.79,55.9,2025,11
2024-11-20,S08,Новосибирск,Одежда,Кроссовки,6.0,6859.07,41154.42,20698.62,20455.8,49.7,2024,11
2023-01-09,S08,Новосибирск,Продукты,Кофе 1кг,9.0,944.74,8502.66,5668.89,2833.7699999999995,33.3,2023,1
2023-05-25,S01,Москва,Одежда,Джинсы,1.0,3849.95,3849.95,2087.78,1762.1699999999996,45.8,2023,5
2023-11-18,S06,Казань,Канцтовары,Калькулятор,5.0,1363.05,6815.25,2945.71,3869.54,56.8,2023,11
2024-10-14,S08,Новосибирск,Канцтовары,Калькулятор,12.0,1092.02,13104.24,6857.5,6246.74,47.7,2024,10
2023-06-11,S01,Москва,Бытовая техника,Блендер,2.0,5394.97,10789.94,8340.25,2449.6900000000005,22.7,2023,6
2024-06-11,S02,Москва,Электроника,Смартфон,1.0,27352.52,27352.52,21171.82,6180.700000000001,22.6,2024,6
2025-04-28,S08,Новосибирск,Бытовая техника,Утюг,1.0,4390.61,4390.61,3004.88,1385.7299999999996,31.6,2025,4
2025-03-10,S01,Москва,Канцтовары,Степлер,1.0,462.02,462.02,271.38,190.64,41.3,2025,3
2024-11-21,S04,Санкт-Петербург,Продукты,Чай 100п,1.0,502.87,502.87,341.27,161.60000000000002,32.1,2024,11
2025-10-01,S09,Ростов-на-Дону,Бытовая техника,Чайник,2.0,3236.24,6472.48,4762.23,1710.25,26.4,2025,10
2025-01-16,S05,Санкт-Петербург,Электроника,Колонка,1.0,5496.13,5496.13,4311.93,1184.1999999999998,21.5,2025,1
2025-02-08,S04,Санкт-Петербург,Канцтовары,Ежедневник,1.0,690.44,690.44,391.39,299.05000000000007,43.3,2025,2
2025-04-01,S09,Ростов-на-Дону,Одежда,Футболка,1.0,1798.17,1798.17,1056.43,741.74,41.2,2025,4
2023-10-25,S02,Москва,Электроника,Колонка,10.0,5973.82,59738.2,45450.46,14287.739999999998,23.9,2023,10
2025-12-16,S07,Екатеринбург,Бытовая техника,Пылесос,7.0,12529.22,87704.54,64873.02,22831.519999999997,26.0,2025,12
2024-02-10,S10,Самара,Канцтовары,Ежедневник,8.0,722.0,5776.0,2778.02,2997.98,51.9,2024,2
2023-08-10,S08,Новосибирск,Одежда,Джинсы,5.0,4814.29,24071.45,12063.73,12007.720000000001,49.9,2023,8
2025-02-15,S03,Москва,Бытовая техника,Блендер,2.0,4736.7,9473.4,7325.93,2147.4699999999993,22.7,2025,2
2024-05-06,S06,Казань,Продукты,Кофе 1кг,17.0,3252.58,15086.14,10067.14,5019.0,33.3,2024,5
2025-04-12,S10,Самара,Канцтовары,Набор ручек,14.0,321.48,4500.72,2333.27,2167.4500000000003,48.2,2025,4
2023-01-29,S02,Москва,Канцтовары,Калькулятор,2.0,1326.78,2653.56,1159.58,1493.98,56.3,2023,1
2025-09-17,S01,Москва,Одежда,Куртка,1.0,7749.56,7749.56,3973.54,3776.0200000000004,48.7,2025,9
2025-11-04,S02,Москва,Электроника,Смартфон,5.0,3252.58,125643.45,92977.09,32666.36,26.0,2025,11
2025-12-24,S07,Екатеринбург,Одежда,Куртка,1.0,9169.77,9169.77,5268.16,3901.6100000000006,42.5,2025,12
2024-10-14,S05,Санкт-Петербург,Бытовая техника,Блендер,5.0,4807.8,24039.0,17809.35,6229.6500000000015,25.9,2024,10
2023-08-15,S09,Ростов-на-Дону,Канцтовары,Набор ручек,7.0,372.15,2605.05,1109.12,1495.9300000000003,57.4,2023,8
2024-10-29,S03,Москва,Канцтовары,Калькулятор,4.0,1082.77,4331.08,2446.03,1885.0499999999997,43.5,2024,10
2025-07-11,S09,Ростов-на-Дону,Бытовая техника,Утюг,8.0,4219.28,4829.82,24504.5,-19674.68,-407.4,2025,7
2024-09-17,S06,Казань,Одежда,Футболка,6.0,1853.25,11119.5,5633.82,5485.68,49.3,2024,9
2023-05-20,S07,Екатеринбург,Канцтовары,Ежедневник,2.0,695.91,1391.82,827.53,564.29,40.5,2023,5
2025-04-29,S05,Санкт-Петербург,Продукты,Мёд 500г,1.0,574.25,574.25,409.98,164.26999999999998,28.6,2025,4
2024-06-05,S06,Казань,Канцтовары,Степлер,1.0,410.1,410.1,194.73,215.37000000000003,52.5,2024,6
2024-02-09,S06,Казань,Канцтовары,Калькулятор,1.0,1120.64,4829.82,477.75,4352.07,90.1,2024,2
2023-09-03,S07,Екатеринбург,Канцтовары,Ежедневник,4.0,771.64,3086.56,1316.68,1769.8799999999999,57.3,2023,9
2024-04-01,S05,Санкт-Петербург,Одежда,Джинсы,1.0,4649.66,4649.66,2830.35,1819.31,39.1,2024,4
2024-01-02,S04,Санкт-Петербург,Канцтовары,Калькулятор,1.0,1297.03,1297.03,625.31,671.72,51.8,2024,1
2025-06-05,S07,Екатеринбург,Продукты,Шоколад,7.0,251.27,1758.89,1146.26,612.6300000000001,34.8,2025,6
2023-04-21,S05,Санкт-Петербург,Продукты,Чай 100п,1.0,473.43,473.43,331.22,142.20999999999998,30.0,2023,4
2025-04-02,S03,Москва,Одежда,Куртка,1.0,8203.0,8203.0,5012.99,3190.01,38.9,2025,4
2025-11-09,S03,Москва,Продукты,Кофе 1кг,1.0,838.06,838.06,572.22,265.8399999999999,31.7,2025,11
2025-02-06,S01,Москва,Канцтовары,Калькулятор,2.0,1176.82,2353.64,1342.41,1011.2299999999998,43.0,2025,2
2023-05-17,S06,Казань,Канцтовары,Степлер,4.0,470.95,1883.8,756.1,1127.6999999999998,59.9,2023,5
2023-01-09,S01,Москва,Канцтовары,Степлер,2.0,3252.58,1644.08,811.48,832.5999999999999,50.6,2023,1
2023-07-18,S04,Санкт-Петербург,Одежда,Футболка,1.0,1795.4,1795.4,949.97,845.4300000000001,47.1,2023,7
2025-01-27,S08,Новосибирск,Продукты,Шоколад,1.0,284.88,284.88,186.21,98.66999999999999,34.6,2025,1
2025-04-19,S07,Екатеринбург,Канцтовары,Набор ручек,3.0,393.15,1179.45,640.72,538.73,45.7,2025,4
2025-06-29,S03,Москва,Одежда,Кроссовки,1.0,6916.67,6916.67,4356.97,2559.7,37.0,2025,6
2025-09-01,S03,Москва,Бытовая техника,Утюг,9.0,5011.66,45104.94,30537.88,14567.060000000001,32.3,2025,9
2023-05-16,S07,Екатеринбург,Канцтовары,Степлер,1.0,446.64,446.64,188.12,258.52,57.9,2023,5
2025-08-02,S09,Ростов-на-Дону,Канцтовары,Набор ручек,1.0,328.32,328.32,178.25,150.07,45.7,2025,8
2025-03-31,S01,Москва,Электроника,Наушники,1.0,3843.66,3843.66,3006.76,836.8999999999996,21.8,2025,3
2023-10-29,S04,Санкт-Петербург,Канцтовары,Степлер,1.0,430.01,430.01,205.1,224.91,52.3,2023,10
2025-07-20,S02,Москва,Бытовая техника,Пылесос,2.0,11587.46,23174.92,16119.67,7055.249999999998,30.4,2025,7
2025-09-25,S07,Екатеринбург,Электроника,Колонка,1.0,5000.44,5000.44,3788.37,1212.0699999999997,24.2,2025,9
2023-03-19,S09,Ростов-на-Дону,Электроника,Смартфон,3.0,23049.16,69147.48,53445.08,15702.399999999994,22.7,2023,3
2025-05-19,S07,Екатеринбург,Одежда,Куртка,1.0,8379.12,8379.12,4761.6,3617.5200000000004,43.2,2025,5
2025-01-24,S02,Москва,Одежда,Джинсы,1.0,4681.05,4681.05,2169.91,2511.1400000000003,53.6,2025,1
2023-09-20,S03,Москва,Электроника,Наушники,2.0,3664.88,7329.76,5616.72,1713.04,23.4,2023,9
2023-12-19,S07,Екатеринбург,Бытовая техника,Чайник,6.0,3574.62,21447.72,14859.34,6588.380000000001,30.7,2023,12
2024-07-05,S05,Санкт-Петербург,Канцтовары,Ежедневник,1.0,766.56,766.56,383.66,382.8999999999999,50.0,2024,7
2023-06-25,S06,Казань,Канцтовары,Ежедневник,1.0,714.89,714.89,311.93,402.96,56.4,2023,6
2024-05-23,S10,Самара,Продукты,Чай 100п,3.0,429.97,1289.91,964.17,325.7400000000001,25.3,2024,5
2025-10-13,S08,Новосибирск,Одежда,Куртка,1.0,8813.06,8813.06,5539.02,3274.039999999999,37.1,2025,10
2025-04-21,S05,Санкт-Петербург,Канцтовары,Ежедневник,1.0,746.23,746.23,433.18,313.05,42.0,2025,4
2024-12-27,S03,Москва,Канцтовары,Степлер,9.0,492.11,4428.99,2177.6,2251.39,50.8,2024,12
2024-12-25,S10,Самара,Продукты,Шоколад,6.0,239.43,1436.58,1000.09,436.4899999999999,30.4,2024,12
2025-06-10,S03,Москва,Бытовая техника,Блендер,2.0,5522.48,11044.96,8258.93,2786.029999999999,25.2,2025,6
2023-12-01,S08,Новосибирск,Электроника,Наушники,3.0,3805.77,11417.31,8537.93,2879.379999999999,25.2,2023,12
2025-11-04,S10,Самара,Электроника,Планшет,2.0,16609.21,149482.89,114106.78,35376.110000000015,23.7,2025,11
2025-11-14,S04,Санкт-Петербург,Продукты,Кофе 1кг,5.0,979.28,4896.4,3257.31,1639.0899999999997,33.5,2025,11
2023-07-31,S04,Санкт-Петербург,Электроника,Планшет,1.0,20127.87,20127.87,15291.91,4835.959999999999,24.0,2023,7
2023-06-30,S07,Екатеринбург,Канцтовары,Степлер,1.0,475.43,475.43,274.57,200.86,42.2,2023,6
2023-07-09,S03,Москва,Бытовая техника,Утюг,1.0,5156.13,5156.13,3504.55,1651.58,32.0,2023,7
2025-04-08,S09,Ростов-на-Дону,Продукты,Кофе 1кг,1.0,923.2,923.2,606.49,316.71000000000004,34.3,2025,4
2024-09-07,S04,Санкт-Петербург,Бытовая техника,Блендер,9.0,5403.41,48630.69,32668.17,15962.520000000004,32.8,2024,9
2023-05-16,S01,Москва,Одежда,Джинсы,6.0,3927.93,23567.58,14315.53,9252.050000000001,39.3,2023,5
2024-04-09,S08,Новосибирск,Продукты,Чай 100п,1.0,461.61,461.61,350.44,111.17000000000002,24.1,2024,4
2023-09-21,S06,Казань,Одежда,Футболка,2.0,1741.06,3482.12,2102.15,1379.9699999999998,39.6,2023,9
2023-01-18,S01,Москва,Продукты,Шоколад,2.0,257.98,515.96,362.34,153.62000000000006,29.8,2023,1
2025-09-23,S02,Москва,Бытовая техника,Чайник,1.0,3182.37,3182.37,2437.97,744.4000000000001,23.4,2025,9
2024-06-28,S10,Самара,Продукты,Кофе 1кг,5.0,938.29,4691.45,3296.9,1394.5499999999997,29.7,2024,6
2024-10-08,S05,Санкт-Петербург,Электроника,Планшет,8.0,16259.69,130077.52,100736.02,29341.5,22.6,2024,10
2025-12-02,S02,Москва,Канцтовары,Калькулятор,1.0,1265.48,1265.48,593.33,672.15,53.1,2025,12
2023-12-06,S04,Санкт-Петербург,Электроника,Наушники,4.0,3713.95,14855.8,11783.57,3072.2299999999996,20.7,2023,12
2023-10-14,S05,Санкт-Петербург,Продукты,Чай 100п,1.0,430.7,4829.82,298.53,4531.29,93.8,2023,10
2024-10-27,S02,Москва,Продукты,Кофе 1кг,5.0,1001.14,5005.7,3496.61,1509.0899999999997,30.1,2024,10
2023-08-24,S08,Новосибирск,Продукты,Чай 100п,1.0,3252.58,475.94,360.54,115.39999999999998,24.2,2023,8
2025-06-30,S08,Новосибирск,Канцтовары,Ежедневник,1.0,699.13,699.13,363.29,335.84,48.0,2025,6
2023-05-30,S08,Новосибирск,Электроника,Смартфон,1.0,28321.85,28321.85,21667.88,6653.9699999999975,23.5,2023,5
2024-01-10,S03,Москва,Бытовая техника,Утюг,1.0,4911.24,4911.24,3730.06,1181.1799999999998,24.1,2024,1
2023-09-04,S09,Ростов-на-Дону,Канцтовары,Ежедневник,3.0,729.12,2187.36,1164.1,1023.2600000000002,46.8,2023,9
2024-09-15,S07,Екатеринбург,Одежда,Кроссовки,1.0,5874.31,5874.31,3461.31,2413.0000000000005,41.1,2024,9
2025-12-18,S07,Екатеринбург,Электроника,Смартфон,2.0,23150.08,46300.16,37230.11,9070.050000000003,19.6,2025,12
2025-04-03,S01,Москва,Электроника,Смартфон,1.0,24592.61,24592.61,20221.62,4370.990000000002,17.8,2025,4
2024-10-22,S10,Самара,Одежда,Куртка,1.0,8627.46,8627.46,4947.93,3679.529999999999,42.6,2024,10
2023-10-16,S05,Санкт-Петербург,Одежда,Джинсы,1.0,3885.59,3885.59,2055.44,1830.15,47.1,2023,10
2025-01-06,S01,Москва,Продукты,Кофе 1кг,3.0,1006.29,3018.87,2237.39,781.48,25.9,2025,1
2025-09-29,S07,Екатеринбург,Электроника,Наушники,3.0,3682.79,11048.37,8645.69,2402.6800000000003,21.7,2025,9
2023-02-17,S09,Ростов-на-Дону,Электроника,Планшет,2.0,17124.03,17124.03,12738.98,4385.049999999999,25.6,2023,2
2023-05-03,S10,Самара,Канцтовары,Набор ручек,1.0,368.86,368.86,177.99,190.87,51.7,2023,5
2024-02-04,S07,Екатеринбург,Электроника,Наушники,16.0,3253.55,52056.8,39288.41,12768.39,24.5,2024,2
2023-09-11,S02,Москва,Бытовая техника,Утюг,1.0,4221.03,4221.03,2906.41,1314.62,31.1,2023,9
2024-07-02,S08,Новосибирск,Канцтовары,Ежедневник,1.0,692.21,692.21,381.49,310.72,44.9,2024,7
2025-09-01,S08,Новосибирск,Канцтовары,Набор ручек,9.0,349.24,3143.16,1675.27,1467.8899999999999,46.7,2025,9
2025-07-02,S06,Казань,Канцтовары,Степлер,5.0,417.32,2086.6,838.2,1248.3999999999999,59.8,2025,7
2025-12-21,S07,Екатеринбург,Канцтовары,Калькулятор,5.0,1184.47,5922.35,3122.38,2799.9700000000003,47.3,2025,12
2023-03-15,S09,Ростов-на-Дону,Канцтовары,Калькулятор,1.0,3252.58,1108.53,504.28,604.25,54.5,2023,3
2023-02-08,S08,Новосибирск,Электроника,Колонка,1.0,6037.24,6037.24,4642.16,1395.08,23.1,2023,2
2025-10-27,S01,Москва,Продукты,Шоколад,1.0,267.71,267.71,194.67,73.03999999999999,27.3,2025,10
2023-11-30,S03,Москва,Бытовая техника,Чайник,1.0,2965.07,2965.07,1988.38,976.69,32.9,2023,11
2025-01-23,S03,Москва,Продукты,Чай 100п,5.0,449.06,2245.3,1467.62,777.6800000000003,34.6,2025,1
2025-11-05,S03,Москва,Электроника,Колонка,1.0,5304.89,5304.89,3942.89,1362.0000000000005,25.7,2025,11
2023-06-18,S04,Санкт-Петербург,Канцтовары,Степлер,3.0,405.02,1215.06,702.04,513.02,42.2,2023,6
2025-10-09,S06,Казань,Бытовая техника,Блендер,1.0,4773.05,4773.05,3231.7,1541.3500000000004,32.3,2025,10
2023-12-28,S03,Москва,Бытовая техника,Утюг,1.0,4357.04,4357.04,3144.88,1212.1599999999999,27.8,2023,12
2024-12-18,S01,Москва,Одежда,Куртка,3.0,8183.38,24550.14,14127.52,10422.619999999999,42.5,2024,12
2024-09-10,S06,Казань,Канцтовары,Калькулятор,3.0,1273.68,3821.04,1591.0,2230.04,58.4,2024,9
2023-08-06,S10,Самара,Канцтовары,Калькулятор,1.0,1183.89,1183.89,556.48,627.4100000000001,53.0,2023,8
2023-05-13,S10,Самара,Электроника,Планшет,1.0,20155.82,20155.82,15154.05,5001.77,24.8,2023,5
2025-03-12,S06,Казань,Продукты,Чай 100п,3.0,433.23,1299.69,877.56,422.1300000000001,32.5,2025,3
2023-05-13,S07,Екатеринбург,Канцтовары,Ежедневник,1.0,635.74,635.74,267.63,368.11,57.9,2023,5
2025-06-08,S04,Санкт-Петербург,Бытовая техника,Чайник,1.0,3676.87,3676.87,2778.85,898.02,24.4,2025,6
2025-11-08,S01,Москва,Бытовая техника,Блендер,6.0,5698.18,34189.08,25171.73,9017.350000000002,26.4,2025,11
2023-05-11,S10,Самара,Продукты,Шоколад,5.0,272.03,1360.15,927.43,432.72000000000014,31.8,2023,5
2025-11-16,S02,Москва,Бытовая техника,Пылесос,11.0,3252.58,125346.32,90088.36,35257.96000000001,28.1,2025,11
2025-11-14,S09,Ростов-на-Дону,Бытовая техника,Пылесос,2.0,11638.78,34916.34,24075.48,10840.859999999997,31.0,2025,11
2023-05-25,S04,Санкт-Петербург,Одежда,Футболка,1.0,3252.58,1816.02,922.74,893.28,49.2,2023,5
2024-10-08,S04,Санкт-Петербург,Продукты,Мёд 500г,2.0,3252.58,1276.28,825.39,450.89,35.3,2024,10
2023-03-06,S05,Санкт-Петербург,Бытовая техника,Утюг,1.0,4543.24,4543.24,3133.42,1409.8199999999997,31.0,2023,3
2023-11-15,S08,Новосибирск,Бытовая техника,Пылесос,15.0,11707.03,175605.45,130920.43,44685.02000000002,25.4,2023,11
2024-10-15,S06,Казань,Канцтовары,Ежедневник,1.0,657.01,657.01,324.22,332.78999999999996,50.7,2024,10
2023-11-16,S06,Казань,Продукты,Кофе 1кг,1.0,919.81,919.81,658.26,261.54999999999995,28.4,2023,11
2023-10-01,S08,Новосибирск,Бытовая техника,Чайник,1.0,3529.49,3529.49,2482.18,1047.31,29.7,2023,10
2023-03-29,S07,Екатеринбург,Одежда,Куртка,2.0,9533.88,19067.76,11338.11,7729.649999999998,40.5,2023,3
2024-11-29,S08,Новосибирск,Продукты,Шоколад,6.0,267.95,1607.7,1077.23,530.47,33.0,2024,11
2024-03-25,S10,Самара,Одежда,Футболка,1.0,1640.35,1640.35,938.67,701.68,42.8,2024,3
2023-07-17,S06,Казань,Продукты,Шоколад,3.0,270.66,811.98,600.86,211.12,26.0,2023,7
2025-10-03,S03,Москва,Канцтовары,Калькулятор,2.0,1347.22,2694.44,1122.22,1572.22,58.4,2025,10
2023-12-22,S04,Санкт-Петербург,Электроника,Наушники,1.0,3990.65,3990.65,3029.16,961.4900000000002,24.1,2023,12
2024-12-28,S09,Ростов-на-Дону,Канцтовары,Степлер,3.0,411.97,1235.91,536.96,698.95,56.6,2024,12
2023-02-15,S03,Москва,Канцтовары,Степлер,1.0,430.63,430.63,221.74,208.89,48.5,2023,2
2023-11-02,S10,Самара,Одежда,Футболка,1.0,2031.83,2031.83,1145.45,886.3799999999999,43.6,2023,11
2023-05-20,S10,Самара,Продукты,Кофе 1кг,1.0,955.0,955.0,630.85,324.15,33.9,2023,5
2024-07-19,S08,Новосибирск,Продукты,Кофе 1кг,1.0,829.72,829.72,541.84,287.88,34.7,2024,7
2023-03-28,S09,Ростов-на-Дону,Канцтовары,Калькулятор,11.0,1145.76,12603.36,6712.81,5890.55,46.7,2023,3
2024-01-24,S08,Новосибирск,Канцтовары,Степлер,1.0,437.3,437.3,195.6,241.70000000000002,55.3,2024,1
2025-04-05,S05,Санкт-Петербург,Электроника,Планшет,3.0,19413.55,58240.65,44843.21,13397.440000000002,23.0,2025,4
2023-01-26,S06,Казань,Одежда,Футболка,5.0,1881.56,9407.8,5523.41,3884.3899999999994,41.3,2023,1
2024-07-20,S10,Самара,Канцтовары,Набор ручек,1.0,356.61,356.61,190.91,165.70000000000002,46.5,2024,7
2024-06-18,S07,Екатеринбург,Бытовая техника,Чайник,1.0,3107.35,3107.35,2280.08,827.27,26.6,2024,6
2024-05-13,S09,Ростов-на-Дону,Канцтовары,Калькулятор,1.0,1181.62,1181.62,506.23,675.3899999999999,57.2,2024,5
2024-06-19,S02,Москва,Одежда,Футболка,4.0,1741.42,6965.68,3833.31,3132.3700000000003,45.0,2024,6
2025-02-21,S04,Санкт-Петербург,Бытовая техника,Утюг,2.0,4677.35,9354.7,7085.81,2268.8900000000003,24.3,2025,2
2025-08-15,S02,Москва,Электроника,Наушники,1.0,3564.96,3564.96,2827.24,737.7200000000003,20.7,2025,8
2023-05-26,S03,Москва,Одежда,Кроссовки,6.0,6335.34,38012.04,19218.36,18793.68,49.4,2023,5
2024-04-20,S09,Ростов-на-Дону,Бытовая техника,Пылесос,1.0,12727.7,12727.7,8969.82,3757.880000000001,29.5,2024,4
2023-12-30,S10,Самара,Продукты,Мёд 500г,1.0,569.91,569.91,398.69,171.21999999999997,30.0,2023,12
2025-04-14,S02,Москва,Канцтовары,Степлер,5.0,452.0,2260.0,1306.43,953.5699999999999,42.2,2025,4
2023-03-23,S04,Санкт-Петербург,Одежда,Джинсы,1.0,4574.47,4574.47,2768.63,1805.8400000000001,39.5,2023,3
2024-01-23,S10,Самара,Одежда,Куртка,4.0,8983.07,35932.28,22013.24,13919.039999999997,38.7,2024,1
2024-03-21,S10,Самара,Одежда,Футболка,3.0,2040.7,6122.1,2927.83,3194.2700000000004,52.2,2024,3
2023-03-17,S03,Москва,Продукты,Кофе 1кг,1.0,908.29,908.29,646.13,262.15999999999997,28.9,2023,3
2025-04-14,S02,Москва,Бытовая техника,Чайник,1.0,3136.99,3136.99,2344.31,792.6799999999998,25.3,2025,4
2025-11-28,S10,Самара,Бытовая техника,Чайник,3.0,3180.77,4829.82,6876.03,-2046.21,-42.4,2025,11
2023-10-01,S10,Самара,Бытовая техника,Чайник,1.0,3359.5,3359.5,2272.01,1087.4899999999998,32.4,2023,10
2025-08-15,S01,Москва,Продукты,Шоколад,3.0,268.53,805.59,595.65,209.94000000000005,26.1,2025,8
2024-11-10,S07,Екатеринбург,Канцтовары,Набор ручек,7.0,353.28,2472.96,1458.11,1014.8500000000001,41.0,2024,11
2025-08-22,S01,Москва,Одежда,Куртка,5.0,3252.58,40994.45,21297.92,19696.53,48.0,2025,8
2025-04-18,S10,Самара,Продукты,Чай 100п,2.0,507.54,1015.08,727.39,287.69000000000005,28.3,2025,4
2023-09-23,S08,Новосибирск,Электроника,Смартфон,12.0,28355.8,340269.6,256532.44,83737.15999999997,24.6,2023,9
2025-11-25,S05,Санкт-Петербург,Продукты,Чай 100п,5.0,416.84,2084.2,1411.76,672.4399999999998,32.3,2025,11
2025-09-12,S08,Новосибирск,Продукты,Кофе 1кг,3.0,835.51,2506.53,1754.48,752.0500000000002,30.0,2025,9
2025-07-11,S07,Екатеринбург,Продукты,Кофе 1кг,1.0,904.33,904.33,656.38,247.95000000000005,27.4,2025,7
2024-08-14,S07,Екатеринбург,Продукты,Чай 100п,1.0,3252.58,437.67,316.95,120.72000000000003,27.6,2024,8
2024-04-27,S04,Санкт-Петербург,Бытовая техника,Чайник,1.0,3227.17,3227.17,2467.35,759.8200000000002,23.5,2024,4
2024-11-25,S10,Самара,Бытовая техника,Пылесос,2.0,12367.33,24734.66,17971.78,6762.880000000001,27.3,2024,11
2025-03-20,S01,Москва,Канцтовары,Ежедневник,2.0,797.44,1594.88,818.9,775.9800000000001,48.7,2025,3
2025-03-30,S10,Самара,Одежда,Кроссовки,1.0,6481.88,6481.88,3213.65,3268.23,50.4,2025,3
2025-08-04,S09,Ростов-на-Дону,Бытовая техника,Пылесос,1.0,12975.77,12975.77,8799.86,4175.91,32.2,2025,8
2025-09-16,S01,Москва,Бытовая техника,Пылесос,2.0,11076.85,22153.7,15827.64,6326.060000000001,28.6,2025,9
2025-03-07,S05,Санкт-Петербург,Одежда,Футболка,1.0,1631.58,1631.58,808.29,823.29,50.5,2025,3
2023-05-14,S03,Москва,Бытовая техника,Пылесос,1.0,11042.76,11042.76,8354.57,2688.1900000000005,24.3,2023,5
2025-06-28,S04,Санкт-Петербург,Бытовая техника,Чайник,1.0,3649.88,3649.88,2663.61,986.27,27.0,2025,6
2025-10-28,S04,Санкт-Петербург,Одежда,Футболка,2.0,2018.1,4036.2,2271.69,1764.5099999999998,43.7,2025,10
2023-09-22,S05,Санкт-Петербург,Продукты,Чай 100п,1.0,508.41,508.41,365.52,142.89000000000004,28.1,2023,9
2024-07-14,S06,Казань,Бытовая техника,Чайник,2.0,3105.85,6211.7,4641.89,1569.8099999999995,25.3,2024,7
2024-01-21,S09,Ростов-на-Дону,Одежда,Футболка,1.0,1794.21,1794.21,1094.62,699.5900000000001,39.0,2024,1
2023-01-29,S10,Самара,Электроника,Наушники,1.0,3214.42,3214.42,2553.11,661.31,20.6,2023,1
2024-04-25,S07,Екатеринбург,Одежда,Куртка,1.0,8415.29,8415.29,3966.53,4448.76,52.9,2024,4
2023-11-02,S05,Санкт-Петербург,Электроника,Колонка,1.0,6073.07,6073.07,4805.97,1267.0999999999995,20.9,2023,11
2025-01-05,S03,Москва,Одежда,Кроссовки,2.0,6898.66,13797.32,6983.57,6813.75,49.4,2025,1
2024-06-05,S08,Новосибирск,Канцтовары,Набор ручек,3.0,342.69,1028.07,606.14,421.92999999999995,41.0,2024,6
2023-06-22,S09,Ростов-на-Дону,Электроника,Колонка,2.0,5826.49,11652.98,9590.38,2062.6000000000004,17.7,2023,6
2023-02-04,S09,Ростов-на-Дону,Электроника,Колонка,1.0,5056.54,5056.54,3993.92,1062.62,21.0,2023,2
2025-11-02,S06,Казань,Бытовая техника,Пылесос,1.0,12628.71,12628.71,9129.56,3499.1499999999996,27.7,2025,11
2024-07-28,S07,Екатеринбург,Канцтовары,Набор ручек,1.0,378.45,378.45,151.6,226.85,59.9,2024,7
2025-07-04,S09,Ростов-на-Дону,Бытовая техника,Пылесос,1.0,13105.2,13105.2,9859.7,3245.5,24.8,2025,7
2024-04-09,S08,Новосибирск,Бытовая техника,Чайник,1.0,2950.07,2950.07,2225.4,724.6700000000001,24.6,2024,4
2025-09-07,S02,Москва,Канцтовары,Степлер,2.0,478.81,957.62,442.99,514.63,53.7,2025,9
2024-10-06,S09,Ростов-на-Дону,Бытовая техника,Блендер,1.0,5054.99,5054.99,3810.2,1244.79,24.6,2024,10
2025-01-07,S10,Самара,Одежда,Футболка,8.0,1988.37,15906.96,7941.58,7965.379999999999,50.1,2025,1
2023-09-25,S01,Москва,Бытовая техника,Чайник,4.0,2950.73,11802.92,8379.19,3423.7299999999996,29.0,2023,9
2023-06-22,S07,Екатеринбург,Канцтовары,Ежедневник,4.0,724.55,4829.82,1488.92,3340.8999999999996,69.2,2023,6
2023-05-24,S08,Новосибирск,Электроника,Колонка,1.0,6043.2,6043.2,4572.67,1470.5299999999997,24.3,2023,5
2023-02-22,S10,Самара,Электроника,Колонка,6.0,5998.36,35990.16,27550.32,8439.840000000004,23.5,2023,2
2025-07-27,S06,Казань,Продукты,Чай 100п,1.0,474.01,474.01,303.87,170.14,35.9,2025,7
2023-10-31,S02,Москва,Бытовая техника,Блендер,2.0,5410.15,10820.3,7510.37,3309.9299999999994,30.6,2023,10
2025-01-29,S08,Новосибирск,Канцтовары,Набор ручек,4.0,336.51,1346.04,606.32,739.7199999999999,55.0,2025,1
2024-05-16,S09,Ростов-на-Дону,Продукты,Чай 100п,4.0,512.34,2049.36,1359.88,689.48,33.6,2024,5
2024-11-28,S06,Казань,Электроника,Наушники,4.0,3907.86,15631.44,11574.93,4056.51,26.0,2024,11
2024-05-03,S05,Санкт-Петербург,Канцтовары,Степлер,1.0,408.88,408.88,182.49,226.39,55.4,2024,5
2024-11-24,S01,Москва,Канцтовары,Калькулятор,2.0,1282.68,2565.36,1097.23,1468.13,57.2,2024,11
2025-03-16,S02,Москва,Бытовая техника,Чайник,2.0,3373.99,6747.98,5231.09,1516.8899999999994,22.5,2025,3
2025-08-07,S08,Новосибирск,Одежда,Кроссовки,1.0,5898.41,5898.41,3695.22,2203.19,37.4,2025,8
2023-06-04,S09,Ростов-на-Дону,Одежда,Джинсы,6.0,4118.57,24711.42,12287.96,12423.46,50.3,2023,6
2024-09-15,S04,Санкт-Петербург,Продукты,Чай 100п,1.0,437.07,437.07,285.14,151.93,34.8,2024,9
2025-10-21,S09,Ростов-на-Дону,Продукты,Кофе 1кг,1.0,899.96,899.96,595.3,304.6600000000001,33.9,2025,10
2023-09-05,S05,Санкт-Петербург,Одежда,Джинсы,1.0,4548.36,4548.36,2623.29,1925.0699999999997,42.3,2023,9
2023-09-08,S07,Екатеринбург,Канцтовары,Набор ручек,8.0,348.6,2788.8,1634.22,1154.5800000000002,41.4,2023,9
2024-03-18,S05,Санкт-Петербург,Канцтовары,Калькулятор,7.0,1267.98,8875.86,5291.58,3584.2800000000007,40.4,2024,3
2025-10-29,S01,Москва,Электроника,Планшет,1.0,18908.22,18908.22,13962.17,4946.050000000001,26.2,2025,10
2023-01-25,S05,Санкт-Петербург,Электроника,Планшет,5.0,16842.83,84214.15,63694.09,20520.059999999998,24.4,2023,1
2023-05-28,S09,Ростов-на-Дону,Канцтовары,Степлер,7.0,502.14,3514.98,1408.24,2106.74,59.9,2023,5
2025-05-08,S05,Санкт-Петербург,Бытовая техника,Чайник,2.0,2896.27,8688.81,6707.92,1980.8899999999994,22.8,2025,5
2024-02-02,S08,Новосибирск,Канцтовары,Набор ручек,1.0,320.98,320.98,189.63,131.35000000000002,40.9,2024,2
2023-05-28,S03,Москва,Электроника,Смартфон,1.0,25424.14,25424.14,20410.15,5013.989999999998,19.7,2023,5
2024-11-10,S03,Москва,Одежда,Футболка,2.0,1971.1,3942.2,2337.69,1604.5099999999998,40.7,2024,11
2024-03-31,S09,Ростов-на-Дону,Электроника,Планшет,9.0,18825.16,169426.44,134018.24,35408.20000000001,20.9,2024,3
2023-06-10,S09,Ростов-на-Дону,Продукты,Шоколад,1.0,258.42,258.42,191.48,66.94000000000003,25.9,2023,6
2024-06-17,S02,Москва,Одежда,Кроссовки,1.0,6593.98,6593.98,3543.19,3050.7899999999995,46.3,2024,6
2024-06-19,S06,Казань,Продукты,Чай 100п,1.0,449.05,449.05,303.79,145.26,32.3,2024,6
2025-08-12,S02,Москва,Бытовая техника,Пылесос,5.0,12873.91,64369.55,43819.69,20549.86,31.9,2025,8
2023-05-16,S06,Казань,Одежда,Футболка,1.0,1778.05,1778.05,918.97,859.0799999999999,48.3,2023,5
2024-01-17,S09,Ростов-на-Дону,Электроника,Колонка,3.0,5069.75,15209.25,12380.06,2829.1900000000005,18.6,2024,1
2023-11-23,S09,Ростов-на-Дону,Канцтовары,Калькулятор,12.0,1242.23,14906.76,8183.27,6723.49,45.1,2023,11
2023-12-08,S05,Санкт-Петербург,Продукты,Кофе 1кг,6.0,869.96,5219.76,3809.97,1409.7900000000004,27.0,2023,12
2023-11-22,S07,Екатеринбург,Канцтовары,Степлер,1.0,419.54,419.54,247.13,172.41000000000003,41.1,2023,11
2025-02-03,S02,Москва,Электроника,Смартфон,2.0,24216.08,48432.16,38996.0,9436.160000000003,19.5,2025,2
2023-10-16,S02,Москва,Одежда,Джинсы,3.0,3800.67,11402.01,6297.75,5104.26,44.8,2023,10
2025-01-16,S05,Санкт-Петербург,Одежда,Джинсы,2.0,4553.67,9107.34,4889.76,4217.58,46.3,2025,1
2024-02-08,S07,Екатеринбург,Продукты,Шоколад,3.0,269.36,808.08,557.22,250.86,31.0,2024,2
2024-05-11,S10,Самара,Канцтовары,Степлер,3.0,429.67,1289.01,571.64,717.37,55.7,2024,5
2025-05-23,S02,Москва,Продукты,Кофе 1кг,3.0,934.89,2804.67,1924.23,880.44,31.4,2025,5
2024-11-30,S02,Москва,Бытовая техника,Чайник,1.0,3391.36,3391.36,2360.62,1030.7400000000002,30.4,2024,11
2025-10-15,S05,Санкт-Петербург,Электроника,Планшет,1.0,17143.99,17143.99,13425.53,3718.460000000001,21.7,2025,10
2025-03-03,S04,Санкт-Петербург,Бытовая техника,Утюг,8.0,4461.49,35691.92,26381.44,9310.48,26.1,2025,3
2023-02-16,S02,Москва,Одежда,Куртка,1.0,9441.26,9441.26,4838.22,4603.04,48.8,2023,2
2024-03-06,S06,Казань,Бытовая техника,Пылесос,1.0,13466.36,13466.36,9812.11,3654.25,27.1,2024,3
2025-09-15,S02,Москва,Электроника,Планшет,2.0,19517.49,39034.98,30544.5,8490.480000000003,21.8,2025,9
2024-08-24,S01,Москва,Электроника,Колонка,4.0,5612.93,22451.72,18063.1,4388.620000000003,19.5,2024,8
2023-05-20,S07,Екатеринбург,Бытовая техника,Утюг,1.0,4695.11,4695.11,3407.15,1287.9599999999996,27.4,2023,5
2024-04-19,S08,Новосибирск,Бытовая техника,Блендер,1.0,4925.14,4925.14,3499.25,1425.8900000000003,29.0,2024,4
2025-06-03,S03,Москва,Канцтовары,Ежедневник,1.0,670.37,670.37,372.66,297.71,44.4,2025,6
2024-01-08,S09,Ростов-на-Дону,Бытовая техника,Блендер,8.0,5173.12,41384.96,27879.18,13505.779999999999,32.6,2024,1
2025-12-03,S01,Москва,Одежда,Кроссовки,2.0,7147.31,14294.62,7986.33,6308.290000000001,44.1,2025,12
2025-12-06,S05,Санкт-Петербург,Бытовая техника,Блендер,3.0,5597.31,4829.82,11796.46,-6966.639999999999,-144.2,2025,12
2024-06-08,S05,Санкт-Петербург,Продукты,Мёд 500г,2.0,589.54,1179.08,772.69,406.3899999999999,34.5,2024,6
2023-02-01,S07,Екатеринбург,Электроника,Смартфон,3.0,25192.26,75576.78,59852.46,15724.32,20.8,2023,2
2025-06-02,S02,Москва,Бытовая техника,Пылесос,5.0,11194.01,55970.05,37394.57,18575.480000000003,33.2,2025,6
2025-05-13,S04,Санкт-Петербург,Одежда,Куртка,4.0,9593.19,38372.76,18111.65,20261.11,52.8,2025,5
2024-04-20,S09,Ростов-на-Дону,Одежда,Футболка,3.0,1712.27,5136.81,2505.32,2631.4900000000002,51.2,2024,4
2024-06-13,S01,Москва,Одежда,Футболка,2.0,1941.87,3883.74,1888.07,1995.6699999999998,51.4,2024,6
2023-06-09,S06,Казань,Одежда,Кроссовки,1.0,6429.13,6429.13,4087.86,2341.27,36.4,2023,6
2024-06-13,S02,Москва,Электроника,Наушники,1.0,3847.58,3847.58,2883.43,964.1500000000001,25.1,2024,6
2025-06-04,S04,Санкт-Петербург,Канцтовары,Калькулятор,1.0,1199.48,1199.48,594.12,605.36,50.5,2025,6
2023-01-16,S10,Самара,Бытовая техника,Пылесос,2.0,12052.52,24105.04,16031.82,8073.220000000001,33.5,2023,1
2025-11-16,S02,Москва,Бытовая техника,Утюг,1.0,4354.38,4354.38,2919.57,1434.81,33.0,2025,11
2023-08-31,S05,Санкт-Петербург,Продукты,Мёд 500г,1.0,640.05,640.05,448.83,191.21999999999997,29.9,2023,8
2025-08-19,S08,Новосибирск,Электроника,Планшет,1.0,19103.18,19103.18,14126.57,4976.610000000001,26.1,2025,8
2024-02-04,S03,Москва,Бытовая техника,Пылесос,2.0,11081.95,22163.9,17109.96,5053.940000000002,22.8,2024,2
2025-09-06,S04,Санкт-Петербург,Канцтовары,Ежедневник,9.0,790.72,7116.48,3448.47,3668.0099999999998,51.5,2025,9
2024-06-15,S01,Москва,Электроника,Колонка,3.0,5402.03,16206.09,12435.71,3770.380000000001,23.3,2024,6
2024-10-10,S03,Москва,Одежда,Кроссовки,5.0,6092.47,30462.35,14653.59,15808.759999999998,51.9,2024,10
2025-05-21,S01,Москва,Канцтовары,Степлер,4.0,485.51,1942.04,1030.79,911.25,46.9,2025,5
2025-12-06,S06,Казань,Бытовая техника,Утюг,14.0,4882.48,68354.72,51489.64,16865.08,24.7,2025,12
2025-08-12,S02,Москва,Бытовая техника,Утюг,2.0,4055.72,12167.16,9375.24,2791.92,22.9,2025,8
2024-08-19,S08,Новосибирск,Продукты,Мёд 500г,1.0,637.36,637.36,414.25,223.11,35.0,2024,8
2025-01-10,S06,Казань,Электроника,Наушники,3.0,3910.46,11731.38,9212.93,2518.449999999999,21.5,2025,1
2025-08-26,S04,Санкт-Петербург,Канцтовары,Калькулятор,8.0,1266.57,10132.56,5887.2,4245.36,41.9,2025,8
2025-03-03,S04,Санкт-Петербург,Бытовая техника,Чайник,3.0,3122.11,9366.33,7102.23,2264.1000000000004,24.2,2025,3
2023-11-26,S09,Ростов-на-Дону,Продукты,Шоколад,9.0,262.06,2358.54,1600.56,757.98,32.1,2023,11
2025-03-11,S02,Москва,Бытовая техника,Чайник,5.0,3245.45,16227.25,12384.73,3842.5200000000004,23.7,2025,3
2025-09-30,S10,Самара,Продукты,Кофе 1кг,1.0,907.31,907.31,680.98,226.32999999999993,24.9,2025,9
2025-04-13,S08,Новосибирск,Продукты,Шоколад,1.0,260.87,260.87,197.29,63.58000000000001,24.4,2025,4
2024-06-24,S05,Санкт-Петербург,Продукты,Мёд 500г,5.0,647.2,3236.0,2175.38,1060.62,32.8,2024,6
2025-12-14,S09,Ростов-на-Дону,Канцтовары,Степлер,2.0,495.25,990.5,456.84,533.6600000000001,53.9,2025,12
2025-04-27,S07,Екатеринбург,Канцтовары,Ежедневник,2.0,764.39,1528.78,723.64,805.14,52.7,2025,4
2023-04-23,S03,Москва,Продукты,Шоколад,2.0,246.19,492.38,356.99,135.39,27.5,2023,4
2024-10-27,S08,Новосибирск,Электроника,Планшет,1.0,19865.54,19865.54,16018.47,3847.0700000000015,19.4,2024,10
2025-09-20,S10,Самара,Бытовая техника,Чайник,1.0,3641.24,3641.24,2460.11,1181.1299999999997,32.4,2025,9
2023-03-04,S08,Новосибирск,Бытовая техника,Чайник,2.0,3403.82,3403.82,2567.2,836.6200000000003,24.6,2023,3
2023-10-02,S07,Екатеринбург,Бытовая техника,Блендер,5.0,5204.52,26022.6,18017.77,8004.829999999998,30.8,2023,10
2024-12-18,S04,Санкт-Петербург,Продукты,Чай 100п,2.0,476.08,952.16,690.14,262.02,27.5,2024,12
2024-10-19,S03,Москва,Электроника,Планшет,2.0,17432.95,34865.9,27228.45,7637.450000000001,21.9,2024,10
2024-07-28,S04,Санкт-Петербург,Электроника,Наушники,1.0,3448.46,3448.46,2625.56,822.9000000000001,23.9,2024,7
2023-01-11,S02,Москва,Продукты,Шоколад,14.0,281.62,3942.68,2830.81,1111.87,28.2,2023,1
2024-01-13,S03,Москва,Бытовая техника,Пылесос,1.0,12186.29,12186.29,8639.93,3546.3600000000006,29.1,2024,1
2024-09-20,S04,Санкт-Петербург,Бытовая техника,Чайник,3.0,3353.08,10059.24,6966.36,3092.88,30.7,2024,9
2024-07-13,S06,Казань,Канцтовары,Степлер,1.0,508.86,508.86,231.03,277.83000000000004,54.6,2024,7
2024-05-22,S09,Ростов-на-Дону,Продукты,Кофе 1кг,1.0,986.89,986.89,738.15,248.74,25.2,2024,5
2024-01-06,S08,Новосибирск,Продукты,Чай 100п,1.0,415.41,415.41,305.79,109.62,26.4,2024,1
2023-08-22,S06,Казань,Бытовая техника,Утюг,1.0,4207.8,4207.8,2985.74,1222.0600000000004,29.0,2023,8
2024-01-14,S02,Москва,Продукты,Шоколад,1.0,252.57,252.57,186.29,66.28,26.2,2024,1
2025-12-19,S03,Москва,Канцтовары,Калькулятор,8.0,1296.74,10373.92,5396.22,4977.7,48.0,2025,12
2024-01-27,S01,Москва,Бытовая техника,Чайник,1.0,3105.46,3105.46,2396.15,709.31,22.8,2024,1
2025-12-21,S10,Самара,Бытовая техника,Блендер,1.0,5263.41,5263.41,3915.08,1348.33,25.6,2025,12
2023-12-14,S04,Санкт-Петербург,Бытовая техника,Чайник,1.0,3656.61,3656.61,2726.31,930.3000000000002,25.4,2023,12
2024-10-21,S08,Новосибирск,Канцтовары,Степлер,7.0,430.96,3016.72,1438.18,1578.5399999999997,52.3,2024,10
2023-04-15,S03,Москва,Продукты,Мёд 500г,2.0,575.31,1150.62,748.16,402.4599999999999,35.0,2023,4
2023-01-09,S06,Казань,Электроника,Планшет,1.0,18958.25,18958.25,14061.38,4896.870000000001,25.8,2023,1
2023-04-02,S02,Москва,Одежда,Футболка,1.0,1751.57,1751.57,1114.1,637.47,36.4,2023,4
2025-08-05,S09,Ростов-на-Дону,Канцтовары,Калькулятор,1.0,1260.68,1260.68,560.53,700.1500000000001,55.5,2025,8
2023-09-28,S08,Новосибирск,Бытовая техника,Чайник,4.0,3291.09,13164.36,9717.22,3447.1400000000012,26.2,2023,9
2025-04-14,S02,Москва,Бытовая техника,Пылесос,1.0,12816.45,12816.45,9754.33,3062.120000000001,23.9,2025,4
2025-10-14,S06,Казань,Продукты,Чай 100п,1.0,479.63,479.63,348.38,131.25,27.4,2025,10
2024-08-07,S04,Санкт-Петербург,Одежда,Кроссовки,1.0,6072.57,6072.57,3603.46,2469.1099999999997,40.7,2024,8
2025-04-16,S03,Москва,Электроника,Колонка,1.0,3252.58,5966.53,4751.07,1215.46,20.4,2025,4
2023-10-08,S03,Москва,Продукты,Шоколад,1.0,266.72,266.72,196.55,70.17000000000002,26.3,2023,10
2023-03-28,S09,Ростов-на-Дону,Продукты,Кофе 1кг,1.0,875.77,875.77,593.96,281.80999999999995,32.2,2023,3
2025-04-10,S07,Екатеринбург,Канцтовары,Набор ручек,8.0,381.95,3055.6,1823.69,1231.9099999999999,40.3,2025,4
2023-05-26,S02,Москва,Одежда,Куртка,1.0,9239.73,9239.73,5547.66,3692.0699999999997,40.0,2023,5
2024-02-03,S10,Самара,Продукты,Мёд 500г,1.0,679.2,679.2,445.3,233.90000000000003,34.4,2024,2
2024-10-10,S08,Новосибирск,Продукты,Кофе 1кг,9.0,810.01,7290.09,4828.19,2461.9000000000005,33.8,2024,10
2025-01-26,S07,Екатеринбург,Бытовая техника,Утюг,1.0,4083.19,4083.19,3161.32,921.8699999999999,22.6,2025,1
2025-12-29,S03,Москва,Канцтовары,Степлер,2.0,467.82,935.64,391.78,543.86,58.1,2025,12
2023-03-02,S08,Новосибирск,Продукты,Мёд 500г,1.0,631.64,631.64,419.87,211.76999999999998,33.5,2023,3
2023-09-03,S03,Москва,Канцтовары,Степлер,2.0,504.24,1008.48,524.81,483.6700000000001,48.0,2023,9
2024-03-29,S03,Москва,Канцтовары,Калькулятор,1.0,1127.97,1127.97,545.94,582.03,51.6,2024,3
2023-07-29,S10,Самара,Канцтовары,Калькулятор,2.0,1093.17,1093.17,558.49,534.6800000000001,48.9,2023,7
2025-04-18,S06,Казань,Одежда,Куртка,2.0,9568.37,19136.74,10693.33,8443.410000000002,44.1,2025,4
2025-01-02,S02,Москва,Бытовая техника,Чайник,2.0,3489.21,10467.63,8004.33,2463.2999999999993,23.5,2025,1
2024-11-05,S10,Самара,Одежда,Джинсы,7.0,3812.37,26686.59,17016.92,9669.670000000002,36.2,2024,11
2023-05-09,S03,Москва,Канцтовары,Ежедневник,1.0,666.82,4829.82,280.5,4549.32,94.2,2023,5
2024-07-05,S03,Москва,Электроника,Планшет,1.0,17809.9,17809.9,14558.86,3251.040000000001,18.3,2024,7
2025-11-21,S01,Москва,Продукты,Чай 100п,3.0,425.61,1276.83,920.17,356.65999999999997,27.9,2025,11
2024-11-21,S10,Самара,Бытовая техника,Чайник,4.0,3263.92,13055.68,10105.79,2949.8899999999994,22.6,2024,11
2025-05-14,S10,Самара,Канцтовары,Набор ручек,2.0,365.05,4829.82,395.2,4434.62,91.8,2025,5
2025-03-14,S09,Ростов-на-Дону,Бытовая техника,Пылесос,1.0,13205.52,13205.52,8961.43,4244.09,32.1,2025,3
2025-06-24,S07,Екатеринбург,Канцтовары,Набор ручек,1.0,391.61,391.61,213.16,178.45000000000002,45.6,2025,6
2023-04-11,S05,Санкт-Петербург,Одежда,Куртка,7.0,9675.8,67730.6,34646.43,33084.170000000006,48.8,2023,4
2023-01-16,S05,Санкт-Петербург,Бытовая техника,Утюг,4.0,4383.07,17532.28,13272.55,4259.73,24.3,2023,1
2023-09-15,S03,Москва,Канцтовары,Степлер,2.0,475.59,951.18,454.26,496.91999999999996,52.2,2023,9
2025-12-11,S01,Москва,Продукты,Чай 100п,1.0,434.7,434.7,308.83,125.87,29.0,2025,12
2025-05-04,S03,Москва,Одежда,Кроссовки,2.0,6418.76,12837.52,7695.04,5142.4800000000005,40.1,2025,5
2023-05-19,S07,Екатеринбург,Одежда,Куртка,1.0,9306.09,9306.09,4310.03,4996.06,53.7,2023,5
2023-04-02,S01,Москва,Одежда,Кроссовки,2.0,6644.7,6644.7,3164.75,3479.95,52.4,2023,4
2024-12-18,S02,Москва,Канцтовары,Калькулятор,1.0,1121.76,1121.76,618.02,503.74,44.9,2024,12
2024-02-08,S05,Санкт-Петербург,Бытовая техника,Блендер,13.0,4963.8,64529.4,49784.93,14744.470000000001,22.8,2024,2
2025-10-21,S08,Новосибирск,Продукты,Мёд 500г,1.0,662.75,662.75,457.99,204.76,30.9,2025,10
2024-01-28,S10,Самара,Одежда,Кроссовки,1.0,6025.32,6025.32,3165.98,2859.3399999999997,47.5,2024,1
2025-02-13,S01,Москва,Канцтовары,Калькулятор,1.0,1305.0,1305.0,683.37,621.63,47.6,2025,2
2024-11-25,S01,Москва,Бытовая техника,Утюг,5.0,4351.25,21756.25,15485.77,6270.48,28.8,2024,11
2025-11-09,S09,Ростов-на-Дону,Одежда,Куртка,2.0,7766.27,15532.54,7324.6,8207.94,52.8,2025,11
2024-12-03,S10,Самара,Одежда,Футболка,1.0,1861.89,1861.89,1105.27,756.6200000000001,40.6,2024,12
2023-02-05,S03,Москва,Продукты,Кофе 1кг,1.0,846.36,846.36,591.55,254.81000000000006,30.1,2023,2
2024-08-28,S06,Казань,Бытовая техника,Утюг,3.0,4443.1,13329.3,9541.33,3787.9699999999993,28.4,2024,8
2024-07-14,S09,Ростов-на-Дону,Электроника,Смартфон,1.0,22614.82,22614.82,17033.12,5581.700000000001,24.7,2024,7
2024-05-30,S08,Новосибирск,Канцтовары,Калькулятор,7.0,1223.86,8567.02,3479.11,5087.91,59.4,2024,5
2025-05-13,S05,Санкт-Петербург,Бытовая техника,Блендер,5.0,4518.51,22592.55,16232.48,6360.07,28.2,2025,5
2025-02-28,S09,Ростов-на-Дону,Бытовая техника,Утюг,12.0,4566.16,54793.92,40111.68,14682.239999999998,26.8,2025,2
2023-06-05,S03,Москва,Продукты,Мёд 500г,1.0,593.32,593.32,401.46,191.86000000000007,32.3,2023,6
2023-11-29,S09,Ростов-на-Дону,Одежда,Куртка,15.0,8177.61,122664.15,69907.51,52756.64,43.0,2023,11
2024-03-04,S03,Москва,Продукты,Кофе 1кг,3.0,902.19,2706.57,2051.96,654.6100000000001,24.2,2024,3
2025-10-21,S04,Санкт-Петербург,Одежда,Футболка,3.0,1991.16,5973.48,3229.57,2743.9099999999994,45.9,2025,10
2023-01-12,S08,Новосибирск,Электроника,Колонка,3.0,4988.29,14964.87,11268.63,3696.2400000000016,24.7,2023,1
2024-04-20,S05,Санкт-Петербург,Электроника,Колонка,6.0,5329.18,31975.08,23691.11,8283.970000000001,25.9,2024,4
2025-07-26,S10,Самара,Канцтовары,Набор ручек,1.0,377.37,377.37,182.01,195.36,51.8,2025,7
2025-08-04,S03,Москва,Одежда,Футболка,1.0,1982.21,1982.21,925.09,1057.12,53.3,2025,8
2025-03-17,S10,Самара,Бытовая техника,Чайник,1.0,2891.7,2891.7,2012.96,878.7399999999998,30.4,2025,3
2024-05-05,S08,Новосибирск,Одежда,Куртка,1.0,9688.05,9688.05,4949.36,4738.69,48.9,2024,5
2024-06-27,S09,Ростов-на-Дону,Бытовая техника,Пылесос,2.0,13594.23,27188.46,20299.03,6889.43,25.3,2024,6
2023-06-24,S03,Москва,Электроника,Наушники,1.0,3390.44,3390.44,2596.86,793.5799999999999,23.4,2023,6
2025-04-05,S10,Самара,Одежда,Футболка,3.0,1984.14,5952.42,3276.8,2675.62,45.0,2025,4
2023-03-03,S06,Казань,Одежда,Куртка,1.0,9608.05,9608.05,5667.06,3940.989999999999,41.0,2023,3
2025-11-08,S07,Екатеринбург,Одежда,Футболка,2.0,2001.28,4002.56,2548.7,1453.8600000000001,36.3,2025,11
2024-05-08,S01,Москва,Бытовая техника,Пылесос,3.0,11092.1,33276.3,24534.45,8741.850000000002,26.3,2024,5
2025-09-19,S01,Москва,Продукты,Чай 100п,9.0,414.95,3734.55,2425.37,1309.1800000000003,35.1,2025,9
2023-09-05,S07,Екатеринбург,Электроника,Колонка,5.0,5262.37,26311.85,21034.32,5277.529999999999,20.1,2023,9
2023-02-22,S10,Самара,Одежда,Футболка,3.0,3252.58,4917.84,2780.33,2137.51,43.5,2023,2
2023-07-13,S02,Москва,Продукты,Мёд 500г,1.0,578.93,578.93,390.99,187.93999999999994,32.5,2023,7
2023-05-18,S04,Санкт-Петербург,Электроника,Наушники,9.0,3624.64,32621.76,26288.91,6332.8499999999985,19.4,2023,5
2025-07-27,S03,Москва,Продукты,Мёд 500г,2.0,689.01,4829.82,1008.96,3820.8599999999997,79.1,2025,7
2025-05-25,S03,Москва,Одежда,Куртка,1.0,8988.37,8988.37,4535.25,4453.120000000001,49.5,2025,5
2023-11-30,S04,Санкт-Петербург,Канцтовары,Калькулятор,8.0,1111.89,8895.12,3562.23,5332.890000000001,60.0,2023,11
2024-05-28,S02,Москва,Бытовая техника,Утюг,3.0,4974.56,14923.68,10249.9,4673.780000000001,31.3,2024,5
2024-04-09,S07,Екатеринбург,Электроника,Колонка,2.0,6093.16,6093.16,4894.26,1198.8999999999996,19.7,2024,4
2024-11-15,S09,Ростов-на-Дону,Бытовая техника,Блендер,5.0,5115.07,25575.35,19180.37,6394.98,25.0,2024,11
2025-07-21,S06,Казань,Продукты,Мёд 500г,3.0,673.46,2020.38,1486.59,533.7900000000002,26.4,2025,7
2024-04-03,S09,Ростов-на-Дону,Электроника,Смартфон,2.0,26746.3,53492.6,42024.14,11468.46,21.4,2024,4
2024-08-21,S01,Москва,Одежда,Куртка,1.0,8297.05,8297.05,5212.0,3085.0499999999993,37.2,2024,8
2023-08-10,S08,Новосибирск,Бытовая техника,Пылесос,2.0,12827.43,25654.86,17639.17,8015.690000000002,31.2,2023,8
2023-11-18,S02,Москва,Одежда,Куртка,1.0,9067.07,9067.07,4393.79,4673.28,51.5,2023,11
2025-10-13,S10,Самара,Бытовая техника,Блендер,1.0,5190.83,5190.83,3643.41,1547.42,29.8,2025,10
2025-01-24,S06,Казань,Бытовая техника,Утюг,1.0,4166.43,4166.43,2804.32,1362.1100000000001,32.7,2025,1
2025-09-27,S08,Новосибирск,Одежда,Кроссовки,1.0,7104.52,7104.52,4463.51,2641.01,37.2,2025,9
2025-08-11,S03,Москва,Продукты,Шоколад,1.0,278.87,278.87,207.67,71.20000000000002,25.5,2025,8
2024-12-24,S10,Самара,Одежда,Куртка,7.0,9353.41,65473.87,30381.09,35092.78,53.6,2024,12
2023-06-23,S09,Ростов-на-Дону,Одежда,Кроссовки,1.0,6668.32,6668.32,3215.9,3452.4199999999996,51.8,2023,6
2024-11-03,S01,Москва,Бытовая техника,Чайник,1.0,3420.5,3420.5,2416.8,1003.6999999999998,29.3,2024,11
2025-10-14,S01,Москва,Одежда,Куртка,8.0,7949.0,4829.82,30018.16,-25188.34,-521.5,2025,10
2023-01-24,S10,Самара,Канцтовары,Ежедневник,4.0,775.69,3102.76,1408.5,1694.2600000000002,54.6,2023,1
2024-08-12,S07,Екатеринбург,Электроника,Колонка,1.0,6108.24,6108.24,4723.86,1384.38,22.7,2024,8
2025-09-11,S09,Ростов-на-Дону,Канцтовары,Степлер,3.0,451.54,1354.62,748.62,605.9999999999999,44.7,2025,9
2024-12-28,S05,Санкт-Петербург,Канцтовары,Набор ручек,5.0,342.7,1713.5,1017.32,696.18,40.6,2024,12
2024-03-18,S08,Новосибирск,Канцтовары,Набор ручек,1.0,341.48,341.48,186.26,155.22000000000003,45.5,2024,3
2023-03-08,S04,Санкт-Петербург,Электроника,Колонка,1.0,6037.9,6037.9,4794.23,1243.67,20.6,2023,3
2023-12-07,S07,Екатеринбург,Электроника,Колонка,7.0,5830.88,40816.16,31340.54,9475.620000000003,23.2,2023,12
2023-12-27,S09,Ростов-на-Дону,Одежда,Джинсы,1.0,4324.64,4324.64,2012.16,2312.4800000000005,53.5,2023,12
2024-11-30,S02,Москва,Одежда,Куртка,1.0,9387.07,9387.07,5569.38,3817.6899999999996,40.7,2024,11
2025-07-09,S02,Москва,Продукты,Шоколад,1.0,268.45,268.45,190.23,78.22,29.1,2025,7
2025-08-24,S07,Екатеринбург,Электроника,Планшет,2.0,19963.99,4829.82,32235.89,-27406.07,-567.4,2025,8
2023-08-19,S10,Самара,Электроника,Колонка,2.0,6136.77,12273.54,9756.0,2517.540000000001,20.5,2023,8
2023-09-27,S02,Москва,Канцтовары,Калькулятор,2.0,1122.78,2245.56,1203.95,1041.61,46.4,2023,9
2023-06-27,S05,Санкт-Петербург,Бытовая техника,Блендер,1.0,4896.11,4896.11,3614.37,1281.7399999999998,26.2,2023,6
2024-06-14,S04,Санкт-Петербург,Бытовая техника,Утюг,6.0,4401.0,26406.0,17916.87,8489.130000000001,32.1,2024,6
2025-06-20,S02,Москва,Одежда,Куртка,11.0,7784.67,85631.37,49835.43,35795.939999999995,41.8,2025,6
2024-11-27,S02,Москва,Электроника,Планшет,5.0,17620.75,88103.75,67321.01,20782.740000000005,23.6,2024,11
2023-04-26,S05,Санкт-Петербург,Одежда,Куртка,13.0,8887.54,115538.02,55498.94,60039.08,52.0,2023,4
2025-04-01,S07,Екатеринбург,Электроника,Смартфон,1.0,3252.58,24528.66,19356.47,5172.189999999999,21.1,2025,4
2023-02-07,S05,Санкт-Петербург,Канцтовары,Ежедневник,1.0,675.54,675.54,401.47,274.06999999999994,40.6,2023,2
2025-07-11,S02,Москва,Электроника,Наушники,4.0,3498.15,4829.82,10800.92,-5971.1,-123.6,2025,7
2024-09-21,S10,Самара,Канцтовары,Набор ручек,8.0,326.98,2615.84,1069.53,1546.3100000000002,59.1,2024,9
2024-03-17,S01,Москва,Канцтовары,Набор ручек,1.0,329.26,329.26,155.25,174.01,52.8,2024,3
2025-10-28,S02,Москва,Канцтовары,Калькулятор,1.0,1262.51,1262.51,519.15,743.36,58.9,2025,10
2023-08-15,S09,Ростов-на-Дону,Бытовая техника,Утюг,1.0,4913.51,4913.51,3360.43,1553.0800000000004,31.6,2023,8
2024-12-19,S02,Москва,Электроника,Колонка,4.0,5364.09,21456.36,16739.49,4716.869999999999,22.0,2024,12
2023-08-07,S04,Санкт-Петербург,Канцтовары,Калькулятор,1.0,1185.95,1185.95,478.76,707.19,59.6,2023,8
2025-03-31,S07,Екатеринбург,Одежда,Куртка,1.0,9430.98,9430.98,4727.15,4703.83,49.9,2025,3
2023-09-22,S05,Санкт-Петербург,Канцтовары,Ежедневник,2.0,636.24,1272.48,608.37,664.11,52.2,2023,9
2025-05-16,S01,Москва,Бытовая техника,Пылесос,1.0,11700.2,11700.2,8706.31,2993.8900000000012,25.6,2025,5
2025-04-05,S05,Санкт-Петербург,Одежда,Куртка,1.0,9640.38,9640.38,5444.59,4195.789999999999,43.5,2025,4
2024-10-02,S09,Ростов-на-Дону,Электроника,Наушники,6.0,3959.11,23754.66,19034.64,4720.02,19.9,2024,10
2025-06-13,S01,Москва,Электроника,Колонка,1.0,5373.09,5373.09,4392.91,980.1800000000003,18.2,2025,6
2025-03-11,S05,Санкт-Петербург,Бытовая техника,Блендер,5.0,5312.04,26560.2,18654.49,7905.709999999999,29.8,2025,3
2025-01-13,S06,Казань,Одежда,Футболка,1.0,1867.69,1867.69,1157.43,710.26,38.0,2025,1
2025-11-06,S10,Самара,Канцтовары,Ежедневник,3.0,776.71,2330.13,1269.72,1060.41,45.5,2025,11
2025-12-10,S01,Москва,Бытовая техника,Утюг,9.0,3252.58,45090.09,31088.6,14001.489999999998,31.1,2025,12
2025-01-21,S08,Новосибирск,Бытовая техника,Пылесос,2.0,12121.12,24242.24,16649.96,7592.2800000000025,31.3,2025,1
2024-07-04,S09,Ростов-на-Дону,Продукты,Мёд 500г,1.0,639.75,639.75,416.56,223.19,34.9,2024,7
2025-06-18,S04,Санкт-Петербург,Одежда,Футболка,2.0,2042.42,8169.68,3977.78,4191.9,51.3,2025,6
2023-08-03,S03,Москва,Канцтовары,Степлер,1.0,516.42,516.42,212.63,303.78999999999996,58.8,2023,8
2025-03-13,S04,Санкт-Петербург,Канцтовары,Набор ручек,1.0,342.11,342.11,170.03,172.08,50.3,2025,3
2024-07-21,S06,Казань,Канцтовары,Калькулятор,1.0,1094.57,1094.57,559.19,535.3799999999999,48.9,2024,7
2024-02-23,S08,Новосибирск,Бытовая техника,Утюг,6.0,5117.93,30707.58,20709.54,9998.04,32.6,2024,2
2023-01-08,S05,Санкт-Петербург,Продукты,Шоколад,1.0,287.05,287.05,216.57,70.48000000000002,24.6,2023,1
2025-09-06,S03,Москва,Канцтовары,Калькулятор,1.0,1199.79,1199.79,481.72,718.0699999999999,59.8,2025,9
2024-02-17,S04,Санкт-Петербург,Бытовая техника,Блендер,1.0,5005.14,5005.14,3596.96,1408.1800000000003,28.1,2024,2
2024-01-02,S08,Новосибирск,Продукты,Чай 100п,3.0,464.6,1393.8,920.2,473.5999999999999,34.0,2024,1
2024-01-19,S07,Екатеринбург,Одежда,Джинсы,1.0,4120.04,4120.04,1916.56,2203.48,53.5,2024,1
2025-09-13,S06,Казань,Продукты,Кофе 1кг,1.0,889.01,889.01,584.73,304.28,34.2,2025,9
2024-02-09,S02,Москва,Бытовая техника,Чайник,1.0,3240.21,3240.21,2402.75,837.46,25.8,2024,2
2024-08-14,S07,Екатеринбург,Продукты,Чай 100п,2.0,443.95,887.9,599.23,288.66999999999996,32.5,2024,8
2024-03-10,S07,Екатеринбург,Бытовая техника,Блендер,1.0,5483.71,5483.71,4036.73,1446.98,26.4,2024,3
2024-12-19,S09,Ростов-на-Дону,Бытовая техника,Блендер,3.0,5032.59,15097.77,10834.76,4263.01,28.2,2024,12
2023-10-10,S03,Москва,Бытовая техника,Пылесос,2.0,13327.43,26654.86,18521.41,8133.450000000001,30.5,2023,10
2025-10-14,S03,Москва,Одежда,Джинсы,1.0,4368.25,4368.25,2589.24,1779.0100000000002,40.7,2025,10
2023-07-15,S03,Москва,Канцтовары,Ежедневник,2.0,645.85,1291.7,740.58,551.12,42.7,2023,7
2025-04-08,S10,Самара,Электроника,Смартфон,2.0,22656.41,45312.82,33812.01,11500.809999999998,25.4,2025,4
2025-11-11,S03,Москва,Электроника,Смартфон,1.0,22943.07,22943.07,17016.73,5926.34,25.8,2025,11
2025-08-02,S01,Москва,Одежда,Джинсы,2.0,4101.35,8202.7,4084.18,4118.52,50.2,2025,8
2023-09-05,S04,Санкт-Петербург,Продукты,Чай 100п,8.0,469.19,3753.52,2653.17,1100.35,29.3,2023,9
2025-04-15,S03,Москва,Электроника,Смартфон,4.0,24487.56,97950.24,76989.62,20960.62000000001,21.4,2025,4
2024-02-05,S10,Самара,Одежда,Куртка,3.0,8473.75,25421.25,13048.87,12372.38,48.7,2024,2
2025-09-12,S07,Екатеринбург,Одежда,Джинсы,8.0,3898.24,31185.92,18928.47,12257.449999999997,39.3,2025,9
2024-04-11,S09,Ростов-на-Дону,Электроника,Колонка,3.0,5125.19,15375.57,12567.8,2807.7700000000004,18.3,2024,4
2025-03-11,S06,Казань,Бытовая техника,Утюг,13.0,4386.9,57029.7,40213.6,16816.1,29.5,2025,3
2023-05-02,S10,Самара,Электроника,Наушники,1.0,3437.31,3437.31,2810.15,627.1599999999999,18.2,2023,5
2023-04-21,S07,Екатеринбург,Продукты,Мёд 500г,2.0,3252.58,1245.9,829.69,416.21000000000004,33.4,2023,4
2024-11-15,S10,Самара,Бытовая техника,Блендер,17.0,5248.9,89231.3,68347.9,20883.40000000001,23.4,2024,11
2023-08-12,S06,Казань,Одежда,Кроссовки,1.0,3252.58,6606.08,3916.02,2690.06,40.7,2023,8
2023-10-02,S04,Санкт-Петербург,Одежда,Куртка,1.0,8004.51,8004.51,3999.73,4004.78,50.0,2023,10
2025-03-25,S05,Санкт-Петербург,Канцтовары,Калькулятор,1.0,1355.73,1355.73,624.88,730.85,53.9,2025,3
2025-07-19,S01,Москва,Одежда,Кроссовки,7.0,7301.17,51108.19,27977.76,23130.430000000004,45.3,2025,7
2024-03-14,S03,Москва,Канцтовары,Набор ручек,6.0,402.34,2414.04,1425.09,988.95,41.0,2024,3
2024-10-31,S09,Ростов-на-Дону,Электроника,Планшет,2.0,17151.84,34303.68,25890.33,8413.349999999999,24.5,2024,10
2025-01-07,S07,Екатеринбург,Бытовая техника,Утюг,2.0,3252.58,4462.56,3148.96,1313.6000000000004,29.4,2025,1
2024-04-04,S10,Самара,Одежда,Джинсы,2.0,4244.74,8489.48,5256.45,3233.0299999999997,38.1,2024,4
2025-10-11,S05,Санкт-Петербург,Бытовая техника,Утюг,7.0,4323.92,30267.44,23283.23,6984.209999999999,23.1,2025,10
2023-05-13,S02,Москва,Канцтовары,Ежедневник,1.0,775.74,775.74,358.28,417.46000000000004,53.8,2023,5
2025-11-29,S03,Москва,Одежда,Футболка,4.0,1776.51,7106.04,3824.25,3281.79,46.2,2025,11
2023-07-06,S04,Санкт-Петербург,Одежда,Джинсы,2.0,4429.71,8859.42,4871.55,3987.87,45.0,2023,7
2024-04-10,S03,Москва,Одежда,Джинсы,1.0,4088.45,4088.45,2248.48,1839.9699999999998,45.0,2024,4
2023-02-11,S09,Ростов-на-Дону,Продукты,Кофе 1кг,4.0,984.98,3939.92,2572.15,1367.77,34.7,2023,2
2025-10-18,S06,Казань,Одежда,Кроссовки,10.0,6150.39,61503.9,30781.23,30722.670000000002,50.0,2025,10
2025-02-22,S08,Новосибирск,Одежда,Кроссовки,1.0,6473.36,6473.36,3310.18,3163.18,48.9,2025,2
2024-06-07,S07,Екатеринбург,Канцтовары,Степлер,1.0,514.54,514.54,229.19,285.34999999999997,55.5,2024,6
2023-01-22,S06,Казань,Продукты,Кофе 1кг,1.0,988.63,988.63,745.22,243.40999999999997,24.6,2023,1
2023-01-01,S09,Ростов-на-Дону,Канцтовары,Степлер,2.0,455.56,1822.24,1067.94,754.3,41.4,2023,1
2024-09-05,S01,Москва,Продукты,Мёд 500г,4.0,548.1,2192.4,1481.14,711.26,32.4,2024,9
2024-10-25,S06,Казань,Одежда,Джинсы,3.0,4333.96,13001.88,7775.47,5226.409999999999,40.2,2024,10
2024-02-08,S08,Новосибирск,Электроника,Колонка,8.0,6120.03,48960.24,36959.6,12000.64,24.5,2024,2
2024-07-28,S04,Санкт-Петербург,Электроника,Наушники,1.0,3954.87,3954.87,3138.06,816.81,20.7,2024,7
2023-12-20,S07,Екатеринбург,Канцтовары,Ежедневник,2.0,683.11,1366.22,733.14,633.08,46.3,2023,12
2023-02-02,S07,Екатеринбург,Одежда,Футболка,1.0,1776.64,1776.64,1136.62,640.0200000000002,36.0,2023,2
2025-10-30,S03,Москва,Одежда,Куртка,5.0,8366.13,41830.65,23527.24,18303.41,43.8,2025,10
2023-06-20,S05,Санкт-Петербург,Одежда,Кроссовки,1.0,6139.07,6139.07,3035.83,3103.24,50.5,2023,6
2023-01-15,S10,Самара,Канцтовары,Ежедневник,1.0,643.34,643.34,282.17,361.17,56.1,2023,1
2023-03-23,S01,Москва,Электроника,Планшет,1.0,17998.37,17998.37,13628.53,4369.839999999998,24.3,2023,3
2023-03-17,S09,Ростов-на-Дону,Продукты,Кофе 1кг,2.0,1009.94,4829.82,1393.7,3436.12,71.1,2023,3
2023-07-19,S08,Новосибирск,Одежда,Кроссовки,1.0,6737.65,6737.65,3805.17,2932.4799999999996,43.5,2023,7
2025-03-24,S08,Новосибирск,Бытовая техника,Пылесос,1.0,13368.44,13368.44,10098.82,3269.620000000001,24.5,2025,3
2025-01-31,S04,Санкт-Петербург,Бытовая техника,Блендер,1.0,5380.36,5380.36,3717.92,1662.4399999999996,30.9,2025,1
2025-12-28,S07,Екатеринбург,Канцтовары,Степлер,10.0,3252.58,4958.7,2165.88,2792.8199999999997,56.3,2025,12
2023-10-01,S06,Казань,Одежда,Куртка,3.0,8367.01,25101.03,11884.22,13216.81,52.7,2023,10
2023-05-27,S06,Казань,Бытовая техника,Блендер,2.0,5270.38,10540.76,7688.78,2851.9800000000005,27.1,2023,5
2023-04-12,S10,Самара,Продукты,Шоколад,3.0,235.53,706.59,472.62,233.97000000000003,33.1,2023,4
2023-12-07,S05,Санкт-Петербург,Бытовая техника,Утюг,2.0,4677.42,9354.84,6651.18,2703.66,28.9,2023,12
2024-10-13,S05,Санкт-Петербург,Электроника,Колонка,1.0,5240.77,5240.77,4094.78,1145.9900000000002,21.9,2024,10
2025-10-23,S05,Санкт-Петербург,Одежда,Кроссовки,1.0,6693.51,6693.51,4252.95,2440.5600000000004,36.5,2025,10
2025-01-18,S04,Санкт-Петербург,Электроника,Планшет,3.0,17552.95,52658.85,41648.8,11010.049999999996,20.9,2025,1
2024-02-10,S04,Санкт-Петербург,Продукты,Мёд 500г,5.0,595.72,2978.6,2195.54,783.06,26.3,2024,2
2024-03-30,S10,Самара,Продукты,Кофе 1кг,4.0,921.34,3685.36,2460.16,1225.2000000000003,33.2,2024,3
2025-09-06,S02,Москва,Продукты,Шоколад,4.0,260.08,1040.32,765.05,275.27,26.5,2025,9
2024-08-13,S01,Москва,Бытовая техника,Утюг,5.0,4112.0,20560.0,14335.77,6224.23,30.3,2024,8
2024-07-05,S01,Москва,Электроника,Колонка,1.0,5710.14,5710.14,4401.71,1308.4300000000003,22.9,2024,7
2023-03-10,S07,Екатеринбург,Канцтовары,Степлер,1.0,442.82,442.82,217.76,225.06,50.8,2023,3
2024-10-11,S07,Екатеринбург,Одежда,Кроссовки,1.0,6719.88,6719.88,4286.06,2433.8199999999997,36.2,2024,10
2025-01-02,S04,Санкт-Петербург,Канцтовары,Степлер,3.0,454.12,1362.36,676.63,685.7299999999999,50.3,2025,1
2024-01-15,S10,Самара,Продукты,Чай 100п,4.0,463.09,1852.36,1397.14,455.2199999999998,24.6,2024,1
2023-09-20,S10,Самара,Бытовая техника,Блендер,3.0,5348.03,16044.09,12067.61,3976.4799999999996,24.8,2023,9
2023-05-08,S05,Санкт-Петербург,Одежда,Куртка,20.0,8515.59,170311.8,91242.91,79068.88999999998,46.4,2023,5
2025-05-24,S02,Москва,Одежда,Джинсы,2.0,4549.25,9098.5,5485.11,3613.3900000000003,39.7,2025,5
2025-05-25,S09,Ростов-на-Дону,Канцтовары,Набор ручек,14.0,315.49,4416.86,2488.55,1928.3099999999995,43.7,2025,5
2025-10-06,S05,Санкт-Петербург,Канцтовары,Калькулятор,1.0,1171.47,1171.47,672.64,498.83000000000004,42.6,2025,10
2025-05-14,S10,Самара,Одежда,Джинсы,4.0,4827.06,19308.24,11347.42,7960.8200000000015,41.2,2025,5
2025-11-17,S02,Москва,Канцтовары,Калькулятор,1.0,1231.9,1231.9,514.21,717.69,58.3,2025,11
2024-03-15,S07,Екатеринбург,Электроника,Планшет,1.0,16624.0,16624.0,12417.85,4206.15,25.3,2024,3
2023-09-16,S03,Москва,Одежда,Джинсы,3.0,3941.03,11823.09,7565.9,4257.1900000000005,36.0,2023,9
2025-04-29,S08,Новосибирск,Одежда,Футболка,4.0,1644.45,6577.8,3833.77,2744.03,41.7,2025,4
2023-05-02,S03,Москва,Одежда,Куртка,4.0,9757.33,39029.32,23499.74,15529.579999999998,39.8,2023,5
2025-06-17,S08,Новосибирск,Электроника,Смартфон,2.0,25057.48,50114.96,38897.96,11217.0,22.4,2025,6
2024-05-16,S09,Ростов-на-Дону,Продукты,Мёд 500г,1.0,545.2,545.2,354.51,190.69000000000005,35.0,2024,5
2025-04-07,S10,Самара,Продукты,Чай 100п,1.0,480.85,480.85,363.44,117.41000000000003,24.4,2025,4
2025-11-20,S06,Казань,Продукты,Шоколад,3.0,250.62,751.86,569.24,182.62,24.3,2025,11
2023-10-05,S05,Санкт-Петербург,Электроника,Смартфон,3.0,28028.1,84084.3,66762.88,17321.42,20.6,2023,10
2024-03-15,S06,Казань,Одежда,Кроссовки,1.0,5986.18,5986.18,3277.23,2708.9500000000003,45.3,2024,3
2025-05-18,S09,Ростов-на-Дону,Электроника,Колонка,4.0,6233.26,24933.04,19024.37,5908.670000000002,23.7,2025,5
2024-09-02,S06,Казань,Канцтовары,Степлер,1.0,423.47,423.47,212.26,211.21000000000004,49.9,2024,9
2024-02-05,S05,Санкт-Петербург,Канцтовары,Набор ручек,1.0,354.1,354.1,209.07,145.03000000000003,41.0,2024,2
2025-02-26,S07,Екатеринбург,Бытовая техника,Пылесос,2.0,12079.2,24158.4,18274.37,5884.0300000000025,24.4,2025,2
2025-02-02,S07,Екатеринбург,Одежда,Джинсы,3.0,3798.6,11395.8,7248.8,4146.999999999999,36.4,2025,2
2025-02-15,S08,Новосибирск,Бытовая техника,Блендер,1.0,5488.44,5488.44,4216.86,1271.58,23.2,2025,2
2024-03-24,S08,Новосибирск,Одежда,Футболка,1.0,2059.24,2059.24,1240.78,818.4599999999998,39.7,2024,3
2024-01-14,S02,Москва,Одежда,Кроссовки,1.0,6334.34,6334.34,3713.82,2620.52,41.4,2024,1
2023-07-01,S09,Ростов-на-Дону,Канцтовары,Ежедневник,3.0,697.77,2093.31,1049.63,1043.6799999999998,49.9,2023,7
2025-07-16,S07,Екатеринбург,Одежда,Куртка,1.0,8199.61,8199.61,4903.78,3295.830000000001,40.2,2025,7
2025-11-02,S02,Москва,Продукты,Кофе 1кг,6.0,897.15,5382.9,3949.3,1433.5999999999995,26.6,2025,11
2024-10-18,S08,Новосибирск,Продукты,Мёд 500г,1.0,651.61,651.61,480.81,170.8,26.2,2024,10
2024-09-23,S08,Новосибирск,Электроника,Смартфон,5.0,27633.68,138168.4,107952.58,30215.819999999992,21.9,2024,9
2024-04-12,S04,Санкт-Петербург,Электроника,Наушники,3.0,3299.53,9898.59,7346.88,2551.71,25.8,2024,4
2024-01-03,S06,Казань,Канцтовары,Степлер,1.0,430.86,430.86,196.88,233.98000000000002,54.3,2024,1
2023-02-15,S10,Самара,Электроника,Наушники,1.0,3157.28,3157.28,2575.86,581.4200000000001,18.4,2023,2
2024-06-08,S10,Самара,Электроника,Колонка,2.0,6047.66,12095.32,9219.38,2875.9400000000005,23.8,2024,6
2023-02-06,S04,Санкт-Петербург,Канцтовары,Набор ручек,6.0,330.56,1983.36,1014.72,968.6399999999999,48.8,2023,2
2024-06-25,S07,Екатеринбург,Одежда,Футболка,2.0,1696.23,3392.46,1732.13,1660.33,48.9,2024,6
2025-11-25,S03,Москва,Одежда,Кроссовки,1.0,6401.73,6401.73,3513.46,2888.2699999999995,45.1,2025,11
2025-03-26,S04,Санкт-Петербург,Канцтовары,Ежедневник,1.0,751.36,751.36,324.68,426.68,56.8,2025,3
2025-08-29,S08,Новосибирск,Бытовая техника,Чайник,1.0,3101.9,3101.9,2245.98,855.9200000000001,27.6,2025,8
2025-08-26,S01,Москва,Продукты,Шоколад,1.0,249.81,249.81,171.85,77.96000000000001,31.2,2025,8
2024-11-07,S05,Санкт-Петербург,Электроника,Смартфон,6.0,28172.6,169035.6,131989.88,37045.72,21.9,2024,11
2025-12-30,S03,Москва,Бытовая техника,Утюг,1.0,5007.83,5007.83,3686.35,1321.48,26.4,2025,12
2024-02-09,S10,Самара,Бытовая техника,Блендер,1.0,5492.75,5492.75,3900.52,1592.23,29.0,2024,2
2023-09-16,S05,Санкт-Петербург,Одежда,Куртка,2.0,3252.58,19303.1,9465.5,9837.599999999999,51.0,2023,9
2023-08-31,S08,Новосибирск,Электроника,Планшет,1.0,17976.49,17976.49,13419.5,4556.990000000002,25.3,2023,8
2023-02-23,S07,Екатеринбург,Продукты,Чай 100п,2.0,454.07,454.07,300.63,153.44,33.8,2023,2
2023-06-11,S03,Москва,Продукты,Кофе 1кг,1.0,920.7,920.7,679.65,241.05000000000007,26.2,2023,6
2023-05-12,S09,Ростов-на-Дону,Электроника,Смартфон,2.0,25307.18,25307.18,20650.15,4657.029999999999,18.4,2023,5
2023-11-24,S04,Санкт-Петербург,Продукты,Шоколад,1.0,254.14,254.14,171.75,82.38999999999999,32.4,2023,11
2025-12-27,S04,Санкт-Петербург,Канцтовары,Калькулятор,9.0,1343.87,12094.83,6679.26,5415.57,44.8,2025,12
2025-01-09,S09,Ростов-на-Дону,Продукты,Чай 100п,1.0,516.74,516.74,345.53,171.21000000000004,33.1,2025,1
2025-07-28,S05,Санкт-Петербург,Продукты,Чай 100п,1.0,466.15,466.15,306.67,159.47999999999996,34.2,2025,7
2025-12-22,S09,Ростов-на-Дону,Продукты,Мёд 500г,1.0,664.41,664.41,435.37,229.03999999999996,34.5,2025,12
2023-09-10,S05,Санкт-Петербург,Бытовая техника,Утюг,3.0,5007.61,15022.83,10148.05,4874.780000000001,32.4,2023,9
2024-05-10,S03,Москва,Электроника,Колонка,2.0,5266.77,10533.54,7939.77,2593.7700000000004,24.6,2024,5
2024-12-30,S09,Ростов-на-Дону,Канцтовары,Степлер,7.0,431.28,3018.96,1443.93,1575.03,52.2,2024,12
2023-10-25,S10,Самара,Канцтовары,Ежедневник,1.0,658.55,658.55,350.1,308.44999999999993,46.8,2023,10
2023-09-01,S06,Казань,Продукты,Чай 100п,1.0,497.64,497.64,358.25,139.39,28.0,2023,9
2025-06-05,S07,Екатеринбург,Продукты,Чай 100п,1.0,473.11,473.11,321.37,151.74,32.1,2025,6
2025-06-29,S08,Новосибирск,Одежда,Джинсы,4.0,4036.67,16146.68,8548.15,7598.530000000001,47.1,2025,6
2024-01-15,S08,Новосибирск,Продукты,Шоколад,9.0,280.87,2527.83,1892.38,635.4499999999998,25.1,2024,1
2024-11-11,S06,Казань,Бытовая техника,Пылесос,8.0,11754.79,94038.32,66181.43,27856.890000000014,29.6,2024,11
2024-08-16,S03,Москва,Продукты,Кофе 1кг,1.0,833.83,833.83,553.2,280.63,33.7,2024,8
2025-03-21,S10,Самара,Одежда,Джинсы,4.0,4086.51,16346.04,9041.51,7304.530000000001,44.7,2025,3
2025-03-20,S04,Санкт-Петербург,Канцтовары,Набор ручек,1.0,378.53,378.53,164.37,214.15999999999997,56.6,2025,3
2025-12-24,S02,Москва,Электроника,Планшет,2.0,18873.59,37747.18,27881.86,9865.32,26.1,2025,12
2025-09-25,S04,Санкт-Петербург,Канцтовары,Набор ручек,1.0,321.34,321.34,180.37,140.96999999999997,43.9,2025,9
2024-04-12,S04,Санкт-Петербург,Канцтовары,Калькулятор,1.0,1259.02,1259.02,689.31,569.71,45.3,2024,4
2024-08-23,S10,Самара,Бытовая техника,Чайник,5.0,2942.81,14714.05,11289.76,3424.289999999999,23.3,2024,8
2025-03-16,S04,Санкт-Петербург,Бытовая техника,Чайник,1.0,3086.13,3086.13,2244.76,841.3699999999999,27.3,2025,3
2024-03-30,S08,Новосибирск,Бытовая техника,Блендер,7.0,5216.75,36517.25,24949.38,11567.869999999999,31.7,2024,3
2023-07-07,S04,Санкт-Петербург,Продукты,Шоколад,1.0,277.31,277.31,204.54,72.77000000000001,26.2,2023,7
2025-07-11,S10,Самара,Одежда,Футболка,1.0,1737.02,1737.02,816.86,920.16,53.0,2025,7
2025-10-20,S06,Казань,Электроника,Смартфон,2.0,24141.46,48282.92,36623.74,11659.18,24.1,2025,10
2023-03-09,S06,Казань,Канцтовары,Ежедневник,2.0,796.95,1593.9,665.03,928.8700000000001,58.3,2023,3
2025-05-16,S07,Екатеринбург,Бытовая техника,Утюг,3.0,4717.9,14153.7,10197.71,3955.9900000000016,28.0,2025,5
2025-05-05,S03,Москва,Продукты,Мёд 500г,1.0,622.59,622.59,443.45,179.14000000000004,28.8,2025,5
2024-08-06,S01,Москва,Канцтовары,Ежедневник,1.0,749.08,749.08,303.42,445.66,59.5,2024,8
2023-09-07,S09,Ростов-на-Дону,Канцтовары,Степлер,4.0,440.46,1761.84,1026.65,735.1899999999998,41.7,2023,9
2023-02-10,S08,Новосибирск,Электроника,Смартфон,5.0,23947.49,119737.45,94477.65,25259.800000000003,21.1,2023,2
2024-09-17,S08,Новосибирск,Продукты,Кофе 1кг,3.0,820.59,2461.77,1616.07,845.7,34.4,2024,9
2023-12-29,S06,Казань,Канцтовары,Набор ручек,1.0,361.38,361.38,199.0,162.38,44.9,2023,12
2023-09-17,S10,Самара,Электроника,Наушники,1.0,3221.22,3221.22,2533.12,688.0999999999999,21.4,2023,9
2023-03-28,S01,Москва,Бытовая техника,Утюг,1.0,4569.57,4569.57,3539.2,1030.37,22.5,2023,3
2024-04-14,S09,Ростов-на-Дону,Канцтовары,Ежедневник,1.0,786.07,786.07,375.14,410.93000000000006,52.3,2024,4
2023-08-27,S10,Самара,Бытовая техника,Блендер,9.0,4997.11,44973.99,32158.64,12815.349999999999,28.5,2023,8
2024-11-14,S06,Казань,Канцтовары,Набор ручек,1.0,339.64,339.64,167.02,172.61999999999998,50.8,2024,11
2024-07-13,S05,Санкт-Петербург,Продукты,Чай 100п,1.0,500.24,500.24,378.28,121.96000000000004,24.4,2024,7
2024-03-22,S09,Ростов-на-Дону,Продукты,Кофе 1кг,5.0,958.41,4792.05,3598.46,1193.5900000000001,24.9,2024,3
2023-07-16,S02,Москва,Одежда,Куртка,1.0,8596.21,8596.21,4243.51,4352.699999999999,50.6,2023,7
2024-10-25,S06,Казань,Одежда,Футболка,4.0,1918.37,7673.48,4302.07,3371.41,43.9,2024,10
2024-04-10,S03,Москва,Бытовая техника,Пылесос,2.0,12537.8,25075.6,18877.59,6198.009999999998,24.7,2024,4
2024-04-02,S03,Москва,Канцтовары,Калькулятор,2.0,1355.48,2710.96,1191.17,1519.79,56.1,2024,4
2023-11-05,S10,Самара,Бытовая техника,Чайник,12.0,3653.02,43836.24,29769.72,14066.519999999997,32.1,2023,11
2024-09-28,S03,Москва,Продукты,Шоколад,1.0,226.55,226.55,161.09,65.46000000000001,28.9,2024,9
2023-03-21,S08,Новосибирск,Бытовая техника,Блендер,6.0,5184.13,31104.78,23222.06,7882.7199999999975,25.3,2023,3
2024-05-29,S01,Москва,Электроника,Планшет,1.0,16952.86,16952.86,12966.72,3986.1400000000012,23.5,2024,5
2025-06-13,S03,Москва,Электроника,Колонка,2.0,5955.94,5955.94,4876.06,1079.8799999999992,18.1,2025,6
2023-10-09,S03,Москва,Продукты,Кофе 1кг,6.0,889.44,5336.64,3449.74,1886.9000000000005,35.4,2023,10
2025-03-16,S06,Казань,Бытовая техника,Утюг,1.0,4156.68,4156.68,3208.56,948.1200000000003,22.8,2025,3
2025-11-18,S08,Новосибирск,Электроника,Наушники,1.0,3946.85,3946.85,3170.27,776.5799999999999,19.7,2025,11
2025-02-08,S06,Казань,Продукты,Шоколад,3.0,243.94,731.82,525.45,206.37,28.2,2025,2
2025-12-24,S04,Санкт-Петербург,Канцтовары,Степлер,5.0,409.84,2049.2,892.09,1157.1099999999997,56.5,2025,12
2024-10-29,S02,Москва,Канцтовары,Набор ручек,1.0,367.78,367.78,170.42,197.35999999999999,53.7,2024,10
2024-10-26,S05,Санкт-Петербург,Канцтовары,Степлер,2.0,470.23,940.46,389.21,551.25,58.6,2024,10
2023-02-09,S04,Санкт-Петербург,Одежда,Куртка,3.0,9288.64,27865.92,17073.81,10792.109999999997,38.7,2023,2
2023-08-30,S05,Санкт-Петербург,Продукты,Кофе 1кг,1.0,848.88,848.88,638.88,210.0,24.7,2023,8
2023-11-20,S09,Ростов-на-Дону,Канцтовары,Степлер,1.0,485.62,485.62,265.36,220.26,45.4,2023,11
2023-09-12,S04,Санкт-Петербург,Канцтовары,Ежедневник,1.0,712.98,712.98,339.86,373.12,52.3,2023,9
2025-06-02,S03,Москва,Электроника,Смартфон,1.0,28130.42,28130.42,21758.14,6372.279999999999,22.7,2025,6
2024-12-02,S09,Ростов-на-Дону,Канцтовары,Калькулятор,1.0,1298.85,1298.85,681.37,617.4799999999999,47.5,2024,12
2025-09-19,S08,Новосибирск,Бытовая техника,Утюг,2.0,5098.63,10197.26,7117.43,3079.83,30.2,2025,9
2024-04-01,S07,Екатеринбург,Бытовая техника,Утюг,1.0,4170.55,4170.55,2961.1,1209.4500000000003,29.0,2024,4
2025-03-16,S03,Москва,Продукты,Шоколад,4.0,231.55,926.2,683.65,242.55000000000007,26.2,2025,3
2025-10-25,S10,Самара,Бытовая техника,Пылесос,3.0,11283.66,33850.98,22586.43,11264.550000000003,33.3,2025,10
2023-06-14,S07,Екатеринбург,Электроника,Смартфон,2.0,26852.27,53704.54,43115.08,10589.46,19.7,2023,6
2025-03-12,S07,Екатеринбург,Одежда,Джинсы,2.0,3252.58,8136.46,5088.46,3048.0,37.5,2025,3
2025-08-18,S02,Москва,Бытовая техника,Чайник,6.0,3362.91,20177.46,15544.66,4632.799999999999,23.0,2025,8
2025-09-12,S02,Москва,Канцтовары,Степлер,1.0,415.53,415.53,176.72,238.80999999999997,57.5,2025,9
2024-10-09,S08,Новосибирск,Продукты,Мёд 500г,10.0,676.83,6768.3,4610.99,2157.3100000000004,31.9,2024,10
2023-12-29,S01,Москва,Канцтовары,Калькулятор,5.0,1201.69,6008.45,3524.44,2484.0099999999998,41.3,2023,12
2025-02-16,S07,Екатеринбург,Электроника,Планшет,1.0,18701.13,18701.13,14894.87,3806.26,20.4,2025,2
2025-02-22,S05,Санкт-Петербург,Одежда,Джинсы,1.0,4694.37,4694.37,2676.46,2017.9099999999999,43.0,2025,2
2025-12-15,S02,Москва,Продукты,Кофе 1кг,1.0,960.15,960.15,692.08,268.06999999999994,27.9,2025,12
2023-06-20,S10,Самара,Продукты,Шоколад,4.0,278.89,1115.56,716.11,399.44999999999993,35.8,2023,6
2025-08-27,S10,Самара,Одежда,Кроссовки,1.0,6924.13,6924.13,3503.95,3420.1800000000003,49.4,2025,8
2025-10-18,S05,Санкт-Петербург,Продукты,Кофе 1кг,1.0,885.79,885.79,575.6,310.18999999999994,35.0,2025,10
2023-01-09,S04,Санкт-Петербург,Канцтовары,Степлер,3.0,449.68,1349.04,744.25,604.79,44.8,2023,1
2025-01-18,S02,Москва,Электроника,Наушники,1.0,3793.75,3793.75,3077.55,716.1999999999998,18.9,2025,1
2024-08-27,S06,Казань,Канцтовары,Калькулятор,3.0,1213.57,3640.71,1718.7,1922.01,52.8,2024,8
2023-09-01,S07,Екатеринбург,Продукты,Шоколад,4.0,255.56,1022.24,707.11,315.13,30.8,2023,9
2023-09-01,S06,Казань,Канцтовары,Набор ручек,3.0,317.69,953.07,399.25,553.82,58.1,2023,9
2023-04-17,S08,Новосибирск,Бытовая техника,Утюг,4.0,4050.89,16203.56,12415.03,3788.529999999999,23.4,2023,4
2025-12-24,S03,Москва,Одежда,Куртка,13.0,7979.01,103727.13,52633.6,51093.530000000006,49.3,2025,12
2023-11-15,S07,Екатеринбург,Электроника,Наушники,4.0,3635.76,14543.04,11301.5,3241.540000000001,22.3,2023,11
2025-01-21,S07,Екатеринбург,Бытовая техника,Утюг,9.0,4524.76,40722.84,27591.0,13131.839999999997,32.2,2025,1
2025-04-16,S08,Новосибирск,Продукты,Шоколад,1.0,285.25,285.25,215.46,69.78999999999999,24.5,2025,4
2024-07-26,S05,Санкт-Петербург,Одежда,Куртка,1.0,7810.78,7810.78,4869.32,2941.46,37.7,2024,7
2023-07-30,S07,Екатеринбург,Продукты,Мёд 500г,1.0,611.12,611.12,460.92,150.2,24.6,2023,7
2025-10-22,S09,Ростов-на-Дону,Бытовая техника,Блендер,8.0,5066.1,40528.8,28378.11,12150.690000000002,30.0,2025,10
2023-09-27,S01,Москва,Продукты,Чай 100п,1.0,477.18,4829.82,317.54,4512.28,93.4,2023,9
2024-08-06,S07,Екатеринбург,Одежда,Кроссовки,8.0,6558.99,52471.92,25703.63,26768.289999999997,51.0,2024,8
2023-10-29,S08,Новосибирск,Канцтовары,Калькулятор,3.0,1087.63,4829.82,1375.15,3454.6699999999996,71.5,2023,10
2024-12-27,S02,Москва,Электроника,Планшет,3.0,19487.93,58463.79,47864.74,10599.050000000003,18.1,2024,12
2023-09-13,S01,Москва,Бытовая техника,Блендер,1.0,4896.57,4896.57,3508.61,1387.9599999999996,28.3,2023,9
2023-04-06,S08,Новосибирск,Канцтовары,Калькулятор,1.0,1326.07,1326.07,770.32,555.7499999999999,41.9,2023,4
2024-04-21,S05,Санкт-Петербург,Канцтовары,Степлер,1.0,484.72,484.72,287.42,197.3,40.7,2024,4
2025-08-11,S07,Екатеринбург,Продукты,Чай 100п,1.0,424.1,424.1,300.99,123.11000000000001,29.0,2025,8
2023-02-28,S01,Москва,Бытовая техника,Пылесос,2.0,3252.58,11131.81,7398.59,3733.2199999999993,33.5,2023,2
2023-08-03,S08,Новосибирск,Электроника,Наушники,13.0,3853.1,50090.3,40160.68,9929.620000000003,19.8,2023,8
2025-10-24,S07,Екатеринбург,Одежда,Джинсы,2.0,4041.98,8083.96,4774.47,3309.49,40.9,2025,10
2024-03-19,S05,Санкт-Петербург,Продукты,Чай 100п,1.0,463.95,463.95,351.16,112.78999999999996,24.3,2024,3
2024-05-26,S06,Казань,Бытовая техника,Пылесос,2.0,12537.34,25074.68,18320.12,6754.560000000001,26.9,2024,5
2025-02-05,S04,Санкт-Петербург,Канцтовары,Степлер,1.0,453.89,453.89,203.32,250.57,55.2,2025,2
2023-01-03,S04,Санкт-Петербург,Продукты,Мёд 500г,4.0,610.32,2441.28,1585.21,856.0700000000002,35.1,2023,1
2024-04-26,S04,Санкт-Петербург,Одежда,Джинсы,1.0,4090.15,4090.15,1922.57,2167.58,53.0,2024,4
2024-07-13,S09,Ростов-на-Дону,Канцтовары,Набор ручек,1.0,370.85,370.85,173.77,197.08,53.1,2024,7
2025-03-20,S02,Москва,Электроника,Планшет,8.0,19238.96,153911.68,123614.22,30297.459999999992,19.7,2025,3
2024-10-20,S10,Самара,Электроника,Колонка,2.0,5881.08,11762.16,9364.37,2397.789999999999,20.4,2024,10
2023-06-05,S09,Ростов-на-Дону,Канцтовары,Степлер,3.0,474.22,4829.82,707.65,4122.17,85.3,2023,6
2025-05-03,S10,Самара,Электроника,Наушники,1.0,3619.88,3619.88,2838.0,781.8800000000001,21.6,2025,5
2024-08-02,S08,Новосибирск,Канцтовары,Степлер,4.0,500.17,2000.68,1009.75,990.9300000000001,49.5,2024,8
2024-02-19,S03,Москва,Продукты,Шоколад,1.0,254.8,254.8,192.76,62.04000000000002,24.3,2024,2
2025-11-17,S04,Санкт-Петербург,Бытовая техника,Блендер,1.0,5508.47,5508.47,4265.3,1243.17,22.6,2025,11
2024-07-15,S07,Екатеринбург,Электроника,Смартфон,1.0,26932.02,26932.02,20434.36,6497.66,24.1,2024,7
2023-01-31,S07,Екатеринбург,Электроника,Наушники,1.0,3763.69,3763.69,3084.88,678.81,18.0,2023,1
2024-02-07,S10,Самара,Электроника,Колонка,1.0,5520.84,5520.84,4458.07,1062.7700000000004,19.3,2024,2
2024-07-12,S07,Екатеринбург,Канцтовары,Калькулятор,1.0,1305.56,1305.56,692.4,613.16,47.0,2024,7
2025-12-28,S09,Ростов-на-Дону,Одежда,Джинсы,35.0,4470.74,156475.9,98786.65,57689.25,36.9,2025,12
2025-10-25,S02,Москва,Бытовая техника,Пылесос,1.0,11331.03,11331.03,8639.78,2691.25,23.8,2025,10
2024-08-15,S07,Екатеринбург,Электроника,Смартфон,2.0,24122.52,24122.52,19077.91,5044.610000000001,20.9,2024,8
2025-11-10,S05,Санкт-Петербург,Одежда,Кроссовки,1.0,7326.49,7326.49,3502.82,3823.6699999999996,52.2,2025,11
2025-04-26,S08,Новосибирск,Одежда,Футболка,1.0,1997.36,1997.36,930.29,1067.07,53.4,2025,4
2024-07-19,S08,Новосибирск,Одежда,Куртка,2.0,8842.44,17684.88,10282.43,7402.450000000001,41.9,2024,7
2024-09-26,S09,Ростов-на-Дону,Продукты,Кофе 1кг,1.0,3252.58,1001.74,721.77,279.97,27.9,2024,9
2023-04-23,S09,Ростов-на-Дону,Продукты,Кофе 1кг,1.0,968.6,968.6,632.14,336.46000000000004,34.7,2023,4
2025-02-07,S07,Екатеринбург,Продукты,Шоколад,2.0,258.12,516.24,362.46,153.78000000000003,29.8,2025,2
2023-03-24,S10,Самара,Бытовая техника,Утюг,1.0,4210.04,4210.04,2866.41,1343.63,31.9,2023,3
2025-08-31,S02,Москва,Продукты,Шоколад,1.0,252.06,252.06,166.68,85.38,33.9,2025,8
2023-10-17,S04,Санкт-Петербург,Продукты,Кофе 1кг,2.0,930.8,1861.6,1329.05,532.55,28.6,2023,10
2025-02-08,S06,Казань,Канцтовары,Калькулятор,2.0,1357.31,2714.62,1312.25,1402.37,51.7,2025,2
2023-01-27,S02,Москва,Электроника,Колонка,1.0,5733.73,5733.73,4720.14,1013.5899999999992,17.7,2023,1
2025-06-27,S03,Москва,Канцтовары,Ежедневник,3.0,796.21,2388.63,1140.13,1248.5,52.3,2025,6
2025-09-03,S10,Самара,Электроника,Смартфон,1.0,26259.71,26259.71,19987.07,6272.639999999999,23.9,2025,9
2024-04-29,S10,Самара,Канцтовары,Набор ручек,1.0,398.64,398.64,168.35,230.29,57.8,2024,4
2023-08-13,S09,Ростов-на-Дону,Канцтовары,Калькулятор,7.0,1156.05,8092.35,3389.17,4703.18,58.1,2023,8
2025-04-23,S07,Екатеринбург,Канцтовары,Набор ручек,2.0,352.31,704.62,419.6,285.02,40.5,2025,4
2025-03-30,S08,Новосибирск,Электроника,Смартфон,4.0,28009.22,112036.88,86862.94,25173.940000000002,22.5,2025,3
2024-01-07,S09,Ростов-на-Дону,Продукты,Шоколад,4.0,266.76,1067.04,736.53,330.51,31.0,2024,1
2024-09-14,S01,Москва,Продукты,Кофе 1кг,5.0,852.02,4829.82,2845.69,1984.1299999999997,41.1,2024,9
2023-11-09,S04,Санкт-Петербург,Бытовая техника,Утюг,2.0,5072.28,10144.56,7787.03,2357.5299999999997,23.2,2023,11
2023-04-07,S06,Казань,Продукты,Шоколад,1.0,241.0,241.0,174.58,66.41999999999999,27.6,2023,4
2024-08-15,S02,Москва,Одежда,Кроссовки,1.0,5889.69,5889.69,3416.43,2473.2599999999998,42.0,2024,8
2023-02-03,S08,Новосибирск,Одежда,Джинсы,4.0,4326.32,4829.82,9455.1,-4625.280000000001,-95.8,2023,2
2024-10-20,S04,Санкт-Петербург,Продукты,Мёд 500г,1.0,636.82,636.82,412.11,224.71000000000004,35.3,2024,10
2023-10-02,S02,Москва,Продукты,Кофе 1кг,1.0,3252.58,949.94,634.38,315.56000000000006,33.2,2023,10
2025-02-24,S03,Москва,Продукты,Мёд 500г,8.0,597.44,4779.52,3294.33,1485.1900000000005,31.1,2025,2
2025-05-06,S09,Ростов-на-Дону,Одежда,Джинсы,3.0,3944.02,11832.06,6296.14,5535.919999999999,46.8,2025,5
2024-07-13,S02,Москва,Продукты,Чай 100п,1.0,419.23,419.23,274.45,144.78000000000003,34.5,2024,7
2025-08-27,S04,Санкт-Петербург,Канцтовары,Степлер,2.0,422.33,844.66,475.94,368.71999999999997,43.7,2025,8
2024-05-16,S04,Санкт-Петербург,Бытовая техника,Чайник,1.0,3027.4,3027.4,2149.96,877.44,29.0,2024,5
2025-09-13,S03,Москва,Канцтовары,Ежедневник,1.0,633.31,633.31,264.11,369.19999999999993,58.3,2025,9
2025-12-29,S09,Ростов-на-Дону,Бытовая техника,Чайник,1.0,3295.25,3295.25,2261.73,1033.52,31.4,2025,12
2025-03-08,S02,Москва,Бытовая техника,Утюг,1.0,4073.52,4073.52,3135.27,938.25,23.0,2025,3
2024-04-27,S06,Казань,Продукты,Чай 100п,1.0,503.35,503.35,356.82,146.53000000000003,29.1,2024,4
2023-10-26,S02,Москва,Продукты,Кофе 1кг,1.0,905.57,905.57,623.35,282.22,31.2,2023,10
2024-04-28,S06,Казань,Канцтовары,Степлер,8.0,496.78,3974.24,1716.14,2258.0999999999995,56.8,2024,4
2024-06-18,S10,Самара,Электроника,Смартфон,7.0,27558.01,192906.07,156567.71,36338.360000000015,18.8,2024,6
2024-04-25,S01,Москва,Канцтовары,Набор ручек,1.0,340.72,340.72,139.8,200.92000000000002,59.0,2024,4
2023-07-10,S03,Москва,Бытовая техника,Пылесос,1.0,12337.96,12337.96,9280.41,3057.5499999999993,24.8,2023,7
2025-01-02,S05,Санкт-Петербург,Канцтовары,Степлер,1.0,509.53,509.53,298.98,210.54999999999995,41.3,2025,1
2024-11-10,S01,Москва,Канцтовары,Набор ручек,13.0,372.63,4844.19,2061.54,2782.6499999999996,57.4,2024,11
2024-11-18,S09,Ростов-на-Дону,Канцтовары,Набор ручек,1.0,340.26,340.26,159.89,180.37,53.0,2024,11
2025-04-28,S07,Екатеринбург,Канцтовары,Калькулятор,3.0,1145.04,3435.12,1394.2,2040.9199999999998,59.4,2025,4
2024-09-25,S06,Казань,Продукты,Мёд 500г,1.0,591.55,591.55,430.76,160.78999999999996,27.2,2024,9
2024-11-20,S01,Москва,Бытовая техника,Пылесос,2.0,11718.18,11718.18,8663.88,3054.300000000001,26.1,2024,11
2023-05-12,S09,Ростов-на-Дону,Канцтовары,Ежедневник,5.0,698.68,3493.4,1789.23,1704.17,48.8,2023,5
2024-11-22,S09,Ростов-на-Дону,Канцтовары,Калькулятор,1.0,1136.68,1136.68,669.88,466.80000000000007,41.1,2024,11
2024-10-18,S02,Москва,Продукты,Шоколад,2.0,261.66,523.32,346.19,177.13000000000005,33.8,2024,10
2025-08-26,S05,Санкт-Петербург,Продукты,Мёд 500г,2.0,588.3,1176.6,854.9,321.69999999999993,27.3,2025,8
2024-09-12,S09,Ростов-на-Дону,Одежда,Кроссовки,1.0,6282.25,6282.25,3390.32,2891.93,46.0,2024,9
2025-11-19,S06,Казань,Электроника,Колонка,1.0,5849.67,5849.67,4695.38,1154.29,19.7,2025,11
2024-07-26,S06,Казань,Одежда,Футболка,1.0,1683.01,1683.01,782.81,900.2,53.5,2024,7
2024-09-29,S04,Санкт-Петербург,Одежда,Джинсы,2.0,4480.98,8961.96,4697.51,4264.449999999999,47.6,2024,9
2025-08-25,S06,Казань,Одежда,Футболка,1.0,1727.42,1727.42,982.68,744.7400000000001,43.1,2025,8
2023-05-13,S07,Екатеринбург,Электроника,Наушники,2.0,3260.37,6520.74,5218.81,1301.9299999999994,20.0,2023,5
2023-03-02,S06,Казань,Канцтовары,Калькулятор,1.0,1276.43,1276.43,695.91,580.5200000000001,45.5,2023,3
2024-08-14,S01,Москва,Бытовая техника,Утюг,1.0,5172.97,5172.97,3928.44,1244.5300000000002,24.1,2024,8
2023-04-03,S06,Казань,Бытовая техника,Чайник,4.0,3548.33,14193.32,10414.74,3778.58,26.6,2023,4
2023-06-05,S07,Екатеринбург,Продукты,Чай 100п,1.0,494.72,494.72,338.87,155.85000000000002,31.5,2023,6
2024-06-30,S07,Екатеринбург,Электроника,Колонка,1.0,5970.77,5970.77,4448.25,1522.5200000000004,25.5,2024,6
2023-11-25,S10,Самара,Электроника,Планшет,4.0,18929.98,75719.92,62252.9,13467.019999999997,17.8,2023,11
2025-07-04,S01,Москва,Продукты,Чай 100п,1.0,463.98,463.98,335.38,128.60000000000002,27.7,2025,7
2025-09-18,S04,Санкт-Петербург,Бытовая техника,Чайник,13.0,2897.77,37671.01,29057.91,8613.100000000002,22.9,2025,9
2024-08-26,S03,Москва,Бытовая техника,Утюг,1.0,5125.55,5125.55,3914.7,1210.8500000000004,23.6,2024,8
2024-10-06,S02,Москва,Одежда,Кроссовки,1.0,5851.04,5851.04,3232.22,2618.82,44.8,2024,10
2025-05-19,S08,Новосибирск,Продукты,Кофе 1кг,9.0,1003.13,9028.17,6320.76,2707.41,30.0,2025,5
2024-06-02,S09,Ростов-на-Дону,Бытовая техника,Чайник,3.0,3203.46,9610.38,6580.56,3029.819999999999,31.5,2024,6
2024-02-12,S01,Москва,Канцтовары,Калькулятор,3.0,1275.5,3826.5,1769.35,2057.15,53.8,2024,2
2024-10-18,S07,Екатеринбург,Одежда,Кроссовки,1.0,6575.87,6575.87,3231.88,3343.99,50.9,2024,10
2024-09-23,S04,Санкт-Петербург,Канцтовары,Степлер,2.0,509.13,1018.26,476.12,542.14,53.2,2024,9
2023-09-16,S01,Москва,Продукты,Шоколад,1.0,283.61,283.61,196.19,87.42000000000002,30.8,2023,9
2025-11-12,S08,Новосибирск,Электроника,Колонка,1.0,5092.33,5092.33,4150.75,941.5799999999999,18.5,2025,11
2024-04-16,S08,Новосибирск,Продукты,Шоколад,7.0,256.37,1794.59,1209.43,585.1599999999999,32.6,2024,4
2025-06-16,S08,Новосибирск,Канцтовары,Степлер,5.0,430.7,2153.5,1277.75,875.75,40.7,2025,6
2024-02-29,S06,Казань,Продукты,Шоколад,1.0,243.06,243.06,180.16,62.900000000000006,25.9,2024,2
2025-05-08,S07,Екатеринбург,Канцтовары,Калькулятор,2.0,1097.86,2195.72,1015.92,1179.7999999999997,53.7,2025,5
2023-12-14,S01,Москва,Одежда,Футболка,17.0,1710.01,29070.17,16773.5,12296.669999999998,42.3,2023,12
2023-02-15,S06,Казань,Канцтовары,Ежедневник,1.0,714.58,714.58,406.67,307.91,43.1,2023,2
2023-07-17,S07,Екатеринбург,Продукты,Мёд 500г,1.0,580.94,580.94,412.53,168.41000000000008,29.0,2023,7
2025-08-04,S06,Казань,Электроника,Планшет,1.0,18230.82,18230.82,13650.55,4580.27,25.1,2025,8
2024-12-05,S10,Самара,Канцтовары,Набор ручек,9.0,369.69,3327.21,1462.34,1864.8700000000001,56.0,2024,12
2023-12-05,S02,Москва,Канцтовары,Степлер,1.0,453.3,453.3,256.7,196.60000000000002,43.4,2023,12
2024-08-27,S10,Самара,Одежда,Джинсы,1.0,3252.58,4829.82,2278.66,2551.16,52.8,2024,8
2023-07-16,S03,Москва,Продукты,Шоколад,1.0,238.73,238.73,159.03,79.69999999999999,33.4,2023,7
2024-11-05,S07,Екатеринбург,Канцтовары,Набор ручек,4.0,384.41,1537.64,716.59,821.0500000000001,53.4,2024,11
2025-06-09,S01,Москва,Канцтовары,Ежедневник,2.0,776.41,1552.82,740.95,811.8699999999999,52.3,2025,6
2024-07-10,S09,Ростов-на-Дону,Канцтовары,Ежедневник,3.0,648.52,1945.56,1093.71,851.8499999999999,43.8,2024,7
2025-08-23,S03,Москва,Одежда,Футболка,1.0,1774.23,1774.23,931.29,842.94,47.5,2025,8
2024-11-04,S10,Самара,Бытовая техника,Пылесос,4.0,11229.84,44919.36,33381.57,11537.79,25.7,2024,11
2025-11-05,S05,Санкт-Петербург,Одежда,Кроссовки,4.0,7227.3,28909.2,13651.55,15257.650000000001,52.8,2025,11
2024-09-15,S05,Санкт-Петербург,Продукты,Чай 100п,1.0,508.76,508.76,326.49,182.26999999999998,35.8,2024,9
2024-01-11,S10,Самара,Канцтовары,Степлер,1.0,405.01,405.01,211.45,193.56,47.8,2024,1
2023-07-30,S06,Казань,Канцтовары,Степлер,2.0,493.3,1479.9,654.53,825.3700000000001,55.8,2023,7
2023-11-05,S07,Екатеринбург,Электроника,Смартфон,10.0,27919.25,279192.5,220107.64,59084.859999999986,21.2,2023,11
2024-04-24,S01,Москва,Канцтовары,Калькулятор,5.0,1113.15,5565.75,2405.3,3160.45,56.8,2024,4
2024-04-22,S07,Екатеринбург,Продукты,Мёд 500г,4.0,689.65,2758.6,1862.5,896.0999999999999,32.5,2024,4
2023-04-06,S07,Екатеринбург,Одежда,Футболка,1.0,1900.58,1900.58,927.5,973.0799999999999,51.2,2023,4
2023-08-19,S05,Санкт-Петербург,Одежда,Джинсы,1.0,4047.49,4047.49,2076.32,1971.1699999999996,48.7,2023,8
2023-07-14,S04,Санкт-Петербург,Бытовая техника,Утюг,1.0,4293.28,4293.28,3189.07,1104.2099999999996,25.7,2023,7
2024-12-21,S10,Самара,Продукты,Чай 100п,4.0,418.67,1674.68,1155.77,518.9100000000001,31.0,2024,12
2025-05-06,S02,Москва,Продукты,Мёд 500г,1.0,562.46,562.46,417.14,145.32000000000005,25.8,2025,5
2025-10-01,S07,Екатеринбург,Бытовая техника,Чайник,1.0,3252.58,3252.58,2352.86,899.7199999999998,27.7,2025,10
2025-08-22,S06,Казань,Бытовая техника,Пылесос,3.0,11975.73,35927.19,27101.15,8826.04,24.6,2025,8
2023-06-15,S01,Москва,Одежда,Футболка,2.0,2032.41,4064.82,1986.64,2078.1800000000003,51.1,2023,6
2025-03-07,S01,Москва,Продукты,Чай 100п,1.0,425.25,425.25,317.92,107.32999999999998,25.2,2025,3
2024-05-29,S06,Казань,Одежда,Футболка,1.0,1652.7,1652.7,954.26,698.44,42.3,2024,5
2024-04-19,S10,Самара,Электроника,Наушники,2.0,3263.72,6527.44,5144.62,1382.8199999999997,21.2,2024,4
2025-06-12,S02,Москва,Бытовая техника,Утюг,1.0,4249.27,4249.27,3085.46,1163.8100000000004,27.4,2025,6
2023-07-29,S08,Новосибирск,Электроника,Наушники,1.0,3555.81,3555.81,2883.33,672.48,18.9,2023,7
2025-05-04,S09,Ростов-на-Дону,Одежда,Футболка,1.0,1778.32,1778.32,940.66,837.66,47.1,2025,5
2023-05-07,S01,Москва,Бытовая техника,Утюг,7.0,4512.4,31586.8,21985.31,9601.489999999998,30.4,2023,5
2024-08-10,S04,Санкт-Петербург,Канцтовары,Степлер,6.0,406.24,2437.44,1168.36,1269.0800000000002,52.1,2024,8
2024-03-04,S02,Москва,Бытовая техника,Пылесос,1.0,13572.93,13572.93,10092.89,3480.040000000001,25.6,2024,3
2023-03-11,S06,Казань,Электроника,Колонка,1.0,5206.55,5206.55,3923.35,1283.2000000000003,24.6,2023,3
2023-09-05,S02,Москва,Одежда,Футболка,1.0,1959.56,1959.56,1064.22,895.3399999999999,45.7,2023,9
2024-06-09,S10,Самара,Бытовая техника,Утюг,3.0,4647.67,13943.01,10722.42,3220.59,23.1,2024,6
2023-11-20,S03,Москва,Продукты,Шоколад,4.0,282.35,1129.4,724.07,405.33000000000004,35.9,2023,11
2025-05-21,S06,Казань,Канцтовары,Калькулятор,1.0,1275.57,1275.57,718.55,557.02,43.7,2025,5
2023-10-29,S01,Москва,Продукты,Чай 100п,1.0,494.22,4829.82,317.34,4512.48,93.4,2023,10
2025-02-25,S04,Санкт-Петербург,Продукты,Чай 100п,6.0,457.71,2746.26,1807.45,938.8100000000002,34.2,2025,2
2024-02-07,S07,Екатеринбург,Канцтовары,Степлер,6.0,478.68,2872.08,1600.34,1271.74,44.3,2024,2
2023-05-27,S04,Санкт-Петербург,Одежда,Куртка,2.0,7887.86,15775.72,8482.32,7293.4,46.2,2023,5
2024-05-18,S01,Москва,Электроника,Колонка,1.0,5080.97,5080.97,3836.58,1244.3900000000003,24.5,2024,5
2025-04-24,S08,Новосибирск,Электроника,Наушники,1.0,3341.37,3341.37,2714.78,626.5899999999997,18.8,2025,4
2023-05-18,S03,Москва,Электроника,Колонка,2.0,6312.18,25248.72,19822.22,5426.5,21.5,2023,5
2024-07-25,S01,Москва,Одежда,Джинсы,5.0,3820.35,19101.75,10638.42,8463.33,44.3,2024,7
2023-03-20,S07,Екатеринбург,Одежда,Футболка,1.0,1782.39,1782.39,1079.01,703.3800000000001,39.5,2023,3
2025-03-10,S09,Ростов-на-Дону,Бытовая техника,Чайник,2.0,3004.62,6009.24,4604.32,1404.92,23.4,2025,3
2024-10-06,S01,Москва,Одежда,Кроссовки,6.0,6929.36,4829.82,20516.06,-15686.240000000002,-324.8,2024,10
2025-05-19,S05,Санкт-Петербург,Электроника,Планшет,4.0,18876.81,75507.24,62002.39,13504.850000000006,17.9,2025,5
2025-10-11,S03,Москва,Продукты,Чай 100п,1.0,432.84,432.84,319.25,113.58999999999997,26.2,2025,10
2024-03-29,S03,Москва,Канцтовары,Набор ручек,8.0,382.79,3062.32,1775.88,1286.44,42.0,2024,3
2024-07-30,S02,Москва,Одежда,Кроссовки,1.0,6158.4,6158.4,3302.25,2856.1499999999996,46.4,2024,7
2025-04-04,S05,Санкт-Петербург,Продукты,Мёд 500г,1.0,659.08,659.08,458.39,200.69000000000005,30.5,2025,4
2023-04-08,S07,Екатеринбург,Канцтовары,Степлер,1.0,429.18,429.18,235.0,194.18,45.2,2023,4
2024-06-19,S07,Екатеринбург,Продукты,Чай 100п,1.0,467.5,467.5,331.88,135.62,29.0,2024,6
2024-07-26,S03,Москва,Продукты,Кофе 1кг,1.0,972.9,972.9,633.22,339.67999999999995,34.9,2024,7
2023-07-26,S01,Москва,Канцтовары,Ежедневник,1.0,776.23,776.23,341.2,435.03000000000003,56.0,2023,7
2023-11-30,S09,Ростов-на-Дону,Бытовая техника,Утюг,6.0,5065.76,30394.56,21312.84,9081.720000000001,29.9,2023,11
2024-12-30,S10,Самара,Бытовая техника,Пылесос,3.0,10951.73,32855.19,24406.44,8448.750000000004,25.7,2024,12
2024-11-17,S05,Санкт-Петербург,Бытовая техника,Чайник,4.0,3505.43,14021.72,10179.86,3841.8599999999988,27.4,2024,11
2024-02-20,S04,Санкт-Петербург,Электроника,Наушники,1.0,3375.84,3375.84,2742.1,633.7400000000002,18.8,2024,2
2023-07-20,S01,Москва,Бытовая техника,Утюг,1.0,4740.3,4740.3,3419.58,1320.7200000000003,27.9,2023,7
2024-02-21,S06,Казань,Продукты,Шоколад,1.0,259.84,259.84,177.19,82.64999999999998,31.8,2024,2
2023-12-09,S04,Санкт-Петербург,Канцтовары,Ежедневник,4.0,703.34,2813.36,1398.97,1414.39,50.3,2023,12
2024-11-28,S02,Москва,Бытовая техника,Блендер,1.0,4950.43,4950.43,3590.24,1360.1900000000005,27.5,2024,11
2025-05-29,S03,Москва,Продукты,Кофе 1кг,1.0,955.3,955.3,707.44,247.8599999999999,25.9,2025,5
2023-12-05,S05,Санкт-Петербург,Электроника,Смартфон,9.0,26990.34,242913.06,196328.53,46584.53,19.2,2023,12
2023-11-26,S02,Москва,Продукты,Шоколад,2.0,244.53,489.06,337.13,151.93,31.1,2023,11
2024-12-19,S02,Москва,Бытовая техника,Утюг,5.0,4070.65,20353.25,14384.02,5969.23,29.3,2024,12
2024-02-14,S03,Москва,Продукты,Кофе 1кг,2.0,985.97,1971.94,1350.82,621.1200000000001,31.5,2024,2
2024-11-11,S01,Москва,Электроника,Смартфон,11.0,26403.49,290438.39,218068.38,72370.01000000001,24.9,2024,11
2023-06-16,S09,Ростов-на-Дону,Бытовая техника,Утюг,2.0,4243.17,4243.17,3154.89,1088.2800000000002,25.6,2023,6
2023-03-19,S03,Москва,Одежда,Кроссовки,1.0,6903.75,6903.75,3303.23,3600.52,52.2,2023,3
2025-01-08,S10,Самара,Электроника,Смартфон,5.0,27455.64,137278.2,110615.55,26662.65000000001,19.4,2025,1
2023-08-09,S10,Самара,Бытовая техника,Утюг,1.0,4346.33,4346.33,3131.57,1214.7599999999998,27.9,2023,8
2023-04-22,S10,Самара,Электроника,Колонка,2.0,6277.07,12554.14,10221.28,2332.8599999999988,18.6,2023,4
2023-10-20,S04,Санкт-Петербург,Одежда,Джинсы,1.0,4370.08,4370.08,2528.71,1841.37,42.1,2023,10
2023-11-20,S01,Москва,Электроника,Наушники,1.0,3796.01,3796.01,2872.33,923.6800000000003,24.3,2023,11
2024-03-10,S01,Москва,Одежда,Футболка,1.0,2067.98,4829.82,1191.31,3638.5099999999998,75.3,2024,3
2023-06-28,S01,Москва,Бытовая техника,Чайник,3.0,3389.82,10169.46,7094.48,3074.9799999999996,30.2,2023,6
2023-09-27,S06,Казань,Электроника,Смартфон,3.0,27674.59,83023.77,64908.46,18115.310000000005,21.8,2023,9
2023-05-24,S07,Екатеринбург,Бытовая техника,Блендер,2.0,4775.61,9551.22,6800.28,2750.9399999999996,28.8,2023,5
2023-08-14,S06,Казань,Продукты,Мёд 500г,1.0,3252.58,4829.82,408.23,4421.59,91.5,2023,8
2024-04-24,S06,Казань,Канцтовары,Ежедневник,3.0,756.47,2269.41,1300.63,968.7799999999997,42.7,2024,4
2023-07-06,S09,Ростов-на-Дону,Канцтовары,Набор ручек,1.0,398.25,398.25,193.73,204.52,51.4,2023,7
2024-12-27,S02,Москва,Электроника,Смартфон,10.0,26467.73,264677.3,208166.48,56510.81999999998,21.4,2024,12
2025-04-27,S10,Самара,Одежда,Кроссовки,6.0,5879.69,35278.14,21338.01,13940.130000000001,39.5,2025,4
2024-07-14,S08,Новосибирск,Бытовая техника,Блендер,1.0,4802.09,4802.09,3425.25,1376.8400000000001,28.7,2024,7
2023-03-27,S10,Самара,Продукты,Кофе 1кг,12.0,854.43,10253.16,6886.53,3366.63,32.8,2023,3
2024-05-18,S03,Москва,Одежда,Куртка,1.0,7990.73,7990.73,4565.62,3425.1099999999997,42.9,2024,5
2023-09-12,S05,Санкт-Петербург,Одежда,Кроссовки,1.0,6976.47,6976.47,4227.15,2749.3200000000006,39.4,2023,9
2025-10-28,S08,Новосибирск,Бытовая техника,Блендер,1.0,5659.54,5659.54,4040.2,1619.3400000000001,28.6,2025,10
2025-03-04,S05,Санкт-Петербург,Бытовая техника,Утюг,1.0,5128.96,5128.96,3849.47,1279.4900000000002,24.9,2025,3
2024-11-06,S01,Москва,Канцтовары,Набор ручек,1.0,402.14,402.14,162.27,239.86999999999998,59.6,2024,11
2025-11-15,S03,Москва,Бытовая техника,Блендер,1.0,4843.22,4843.22,3313.07,1530.15,31.6,2025,11
2023-02-07,S09,Ростов-на-Дону,Бытовая техника,Чайник,5.0,3326.95,16634.75,11052.94,5581.8099999999995,33.6,2023,2
2023-04-14,S06,Казань,Электроника,Колонка,1.0,5803.41,5803.41,4580.21,1223.1999999999998,21.1,2023,4
2024-09-23,S07,Екатеринбург,Электроника,Наушники,1.0,3169.66,3169.66,2460.72,708.94,22.4,2024,9
2025-08-23,S06,Казань,Продукты,Мёд 500г,3.0,557.65,1672.95,1207.27,465.68000000000006,27.8,2025,8
2025-06-29,S01,Москва,Одежда,Кроссовки,2.0,6526.96,13053.92,7627.43,5426.49,41.6,2025,6
2024-11-27,S02,Москва,Бытовая техника,Утюг,2.0,5066.98,10133.96,7028.7,3105.2599999999993,30.6,2024,11
2025-05-28,S08,Новосибирск,Одежда,Футболка,4.0,1912.66,7650.64,3864.23,3786.4100000000003,49.5,2025,5
2024-07-29,S05,Санкт-Петербург,Одежда,Кроссовки,11.0,6204.08,68244.88,38099.73,30145.15,44.2,2024,7
2025-09-04,S01,Москва,Канцтовары,Степлер,4.0,453.26,1813.04,814.22,998.8199999999999,55.1,2025,9
2024-05-05,S05,Санкт-Петербург,Бытовая техника,Утюг,1.0,4607.45,4607.45,3397.05,1210.3999999999996,26.3,2024,5
2023-01-02,S01,Москва,Электроника,Смартфон,1.0,24691.42,24691.42,20174.99,4516.429999999997,18.3,2023,1
2025-11-01,S05,Санкт-Петербург,Продукты,Кофе 1кг,3.0,889.42,2668.26,1920.92,747.3400000000001,28.0,2025,11
2023-06-05,S08,Новосибирск,Одежда,Джинсы,2.0,4535.03,4535.03,2163.37,2371.66,52.3,2023,6
2023-04-21,S09,Ростов-на-Дону,Продукты,Чай 100п,2.0,483.49,483.49,327.04,156.45,32.4,2023,4
2023-12-04,S01,Москва,Продукты,Чай 100п,1.0,501.47,501.47,359.31,142.16000000000003,28.3,2023,12
2024-01-10,S08,Новосибирск,Продукты,Кофе 1кг,1.0,1032.11,1032.11,718.52,313.5899999999999,30.4,2024,1
2023-01-20,S01,Москва,Продукты,Мёд 500г,1.0,589.36,589.36,411.7,177.66000000000003,30.1,2023,1
2025-05-07,S08,Новосибирск,Бытовая техника,Чайник,4.0,3075.69,12302.76,8829.31,3473.4500000000007,28.2,2025,5
2024-09-17,S10,Самара,Канцтовары,Ежедневник,1.0,789.17,789.17,344.13,445.03999999999996,56.4,2024,9
2025-01-28,S03,Москва,Продукты,Шоколад,1.0,226.23,226.23,150.22,76.00999999999999,33.6,2025,1
2024-02-23,S02,Москва,Продукты,Кофе 1кг,1.0,852.66,852.66,579.03,273.63,32.1,2024,2
2024-04-12,S02,Москва,Одежда,Джинсы,3.0,4440.68,13322.04,6820.86,6501.180000000001,48.8,2024,4
2023-02-19,S04,Санкт-Петербург,Продукты,Чай 100п,1.0,506.77,506.77,371.53,135.24,26.7,2023,2
2024-05-07,S03,Москва,Продукты,Мёд 500г,2.0,543.14,1086.28,738.14,348.14,32.0,2024,5
2023-04-28,S02,Москва,Электроника,Планшет,4.0,16515.16,66060.64,50935.2,15125.440000000002,22.9,2023,4
2023-08-15,S04,Санкт-Петербург,Одежда,Кроссовки,1.0,6240.52,6240.52,2966.5,3274.0200000000004,52.5,2023,8
2023-12-27,S04,Санкт-Петербург,Канцтовары,Набор ручек,3.0,344.14,1032.42,536.1,496.32000000000005,48.1,2023,12
2023-03-08,S07,Екатеринбург,Канцтовары,Набор ручек,2.0,329.9,329.9,183.9,145.99999999999997,44.3,2023,3
2025-09-10,S04,Санкт-Петербург,Бытовая техника,Чайник,1.0,3300.29,3300.29,2194.46,1105.83,33.5,2025,9
2023-04-24,S02,Москва,Электроника,Наушники,2.0,3910.29,7820.58,6423.25,1397.33,17.9,2023,4
2023-06-23,S04,Санкт-Петербург,Одежда,Куртка,3.0,9096.28,27288.84,13460.57,13828.27,50.7,2023,6
2024-04-22,S07,Екатеринбург,Одежда,Кроссовки,2.0,6455.88,12911.76,7303.59,5608.17,43.4,2024,4
2023-12-24,S03,Москва,Продукты,Мёд 500г,3.0,577.48,1732.44,1170.82,561.6200000000001,32.4,2023,12
2023-08-08,S01,Москва,Канцтовары,Степлер,1.0,478.61,478.61,245.02,233.59,48.8,2023,8
2025-03-10,S03,Москва,Канцтовары,Ежедневник,1.0,724.46,724.46,351.0,373.46000000000004,51.6,2025,3
2024-03-12,S02,Москва,Одежда,Футболка,3.0,1901.99,5705.97,2954.11,2751.86,48.2,2024,3
2025-02-28,S09,Ростов-на-Дону,Одежда,Футболка,3.0,2066.3,6198.9,3744.98,2453.9199999999996,39.6,2025,2
2024-02-09,S03,Москва,Канцтовары,Степлер,3.0,409.39,1228.17,657.56,570.6100000000001,46.5,2024,2
2024-02-29,S01,Москва,Одежда,Куртка,1.0,8128.8,8128.8,3957.82,4170.98,51.3,2024,2
2024-12-18,S01,Москва,Канцтовары,Степлер,1.0,512.46,512.46,274.32,238.14000000000004,46.5,2024,12
2024-08-30,S07,Екатеринбург,Электроника,Наушники,4.0,3578.16,14312.64,11669.23,2643.41,18.5,2024,8
2024-07-25,S05,Санкт-Петербург,Канцтовары,Ежедневник,2.0,794.01,1588.02,931.27,656.75,41.4,2024,7
2024-05-31,S06,Казань,Одежда,Куртка,8.0,9430.99,75447.92,39007.73,36440.189999999995,48.3,2024,5
2024-11-20,S02,Москва,Электроника,Колонка,2.0,6183.97,12367.94,9513.19,2854.75,23.1,2024,11
2025-01-01,S10,Самара,Электроника,Планшет,2.0,20563.76,41127.52,32631.33,8496.189999999995,20.7,2025,1
2023-10-04,S06,Казань,Продукты,Чай 100п,1.0,450.44,450.44,313.01,137.43,30.5,2023,10
2025-03-21,S10,Самара,Электроника,Наушники,3.0,3861.91,11585.73,9292.98,2292.75,19.8,2025,3
2024-08-09,S08,Новосибирск,Продукты,Чай 100п,1.0,516.36,516.36,366.54,149.82,29.0,2024,8
2023-05-24,S03,Москва,Продукты,Чай 100п,5.0,430.7,2153.5,1560.27,593.23,27.5,2023,5
2023-01-16,S07,Екатеринбург,Канцтовары,Калькулятор,6.0,1286.73,7720.38,3773.43,3946.9500000000003,51.1,2023,1
2025-08-30,S10,Самара,Одежда,Кроссовки,1.0,6604.11,6604.11,3532.7,3071.41,46.5,2025,8
2023-08-19,S09,Ростов-на-Дону,Электроника,Колонка,3.0,5358.3,16074.9,13104.98,2969.92,18.5,2023,8
2023-07-12,S10,Самара,Канцтовары,Калькулятор,1.0,1175.49,1175.49,503.21,672.28,57.2,2023,7
2023-11-28,S06,Казань,Бытовая техника,Пылесос,3.0,13121.64,39364.92,26612.16,12752.759999999998,32.4,2023,11
2024-04-21,S01,Москва,Бытовая техника,Пылесос,2.0,13782.86,27565.72,20865.71,6700.010000000002,24.3,2024,4
2025-06-17,S05,Санкт-Петербург,Канцтовары,Набор ручек,1.0,318.55,4829.82,140.74,4689.08,97.1,2025,6
2024-12-31,S10,Самара,Бытовая техника,Утюг,4.0,4922.34,19689.36,13601.43,6087.93,30.9,2024,12
2025-09-10,S01,Москва,Продукты,Шоколад,2.0,285.75,571.5,410.37,161.13,28.2,2025,9
2023-07-29,S08,Новосибирск,Электроника,Планшет,7.0,20631.81,144422.67,113249.38,31173.290000000008,21.6,2023,7
2025-11-29,S07,Екатеринбург,Продукты,Чай 100п,1.0,508.97,508.97,351.31,157.66000000000003,31.0,2025,11
2023-04-10,S05,Санкт-Петербург,Электроника,Смартфон,2.0,24174.64,48349.28,37432.72,10916.559999999998,22.6,2023,4
2023-12-30,S01,Москва,Электроника,Наушники,4.0,3605.84,14423.36,11771.73,2651.630000000001,18.4,2023,12
2024-02-03,S03,Москва,Канцтовары,Набор ручек,4.0,363.03,1452.12,858.56,593.56,40.9,2024,2
2024-09-08,S04,Санкт-Петербург,Одежда,Футболка,5.0,1778.5,8892.5,5057.26,3835.24,43.1,2024,9
2025-11-09,S01,Москва,Электроника,Смартфон,2.0,25257.15,50514.3,40287.4,10226.900000000001,20.2,2025,11
2023-08-09,S10,Самара,Канцтовары,Калькулятор,1.0,1146.03,1146.03,602.23,543.8,47.5,2023,8
2023-01-19,S08,Новосибирск,Бытовая техника,Блендер,1.0,5304.21,5304.21,4084.97,1219.2400000000002,23.0,2023,1
2025-11-19,S02,Москва,Бытовая техника,Блендер,1.0,5437.69,5437.69,3711.44,1726.2499999999995,31.7,2025,11
2024-06-08,S08,Новосибирск,Одежда,Джинсы,2.0,3796.34,7592.68,4265.08,3327.6000000000004,43.8,2024,6
2024-12-04,S05,Санкт-Петербург,Электроника,Смартфон,4.0,26917.96,107671.84,87315.98,20355.86,18.9,2024,12
2025-08-24,S09,Ростов-на-Дону,Электроника,Планшет,3.0,20671.98,62015.94,45903.01,16112.93,26.0,2025,8
2023-01-25,S04,Санкт-Петербург,Одежда,Футболка,2.0,1911.97,3823.94,2045.21,1778.73,46.5,2023,1
2023-09-04,S09,Ростов-на-Дону,Электроника,Смартфон,10.0,23570.57,235705.7,183291.18,52414.52000000002,22.2,2023,9
2024-04-22,S01,Москва,Канцтовары,Степлер,9.0,449.21,4042.89,2089.54,1953.35,48.3,2024,4
2023-01-23,S10,Самара,Продукты,Мёд 500г,1.0,676.78,676.78,506.17,170.60999999999996,25.2,2023,1
2024-01-20,S01,Москва,Электроника,Планшет,8.0,19299.43,154395.44,117097.24,37298.2,24.2,2024,1
2023-07-14,S07,Екатеринбург,Канцтовары,Калькулятор,6.0,1104.5,6627.0,3544.35,3082.65,46.5,2023,7
2023-07-09,S01,Москва,Электроника,Смартфон,1.0,26548.06,26548.06,21051.92,5496.140000000003,20.7,2023,7
2025-12-03,S10,Самара,Канцтовары,Степлер,17.0,411.14,6989.38,3477.06,3512.32,50.3,2025,12
2025-07-05,S03,Москва,Бытовая техника,Чайник,1.0,3238.95,3238.95,2378.02,860.9299999999998,26.6,2025,7
2025-03-01,S09,Ростов-на-Дону,Бытовая техника,Чайник,7.0,2926.55,20485.85,14882.08,5603.769999999999,27.4,2025,3
2025-09-17,S03,Москва,Одежда,Куртка,2.0,7957.98,7957.98,3783.11,4174.869999999999,52.5,2025,9
2025-12-11,S01,Москва,Одежда,Футболка,8.0,1733.31,13866.48,8661.72,5204.76,37.5,2025,12
2025-05-17,S10,Самара,Продукты,Кофе 1кг,1.0,975.65,975.65,635.41,340.24,34.9,2025,5
2024-05-12,S09,Ростов-на-Дону,Электроника,Смартфон,7.0,24532.63,171728.41,135197.21,36531.20000000001,21.3,2024,5
2024-05-16,S10,Самара,Бытовая техника,Чайник,1.0,2913.57,2913.57,2228.76,684.81,23.5,2024,5
2023-12-13,S05,Санкт-Петербург,Канцтовары,Калькулятор,1.0,1172.93,1172.93,575.18,597.7500000000001,51.0,2023,12
2025-08-30,S09,Ростов-на-Дону,Одежда,Кроссовки,2.0,6232.4,12464.8,5830.54,6634.259999999999,53.2,2025,8
2025-07-12,S04,Санкт-Петербург,Одежда,Джинсы,1.0,4806.15,4806.15,2502.1,2304.0499999999997,47.9,2025,7
2025-02-28,S04,Санкт-Петербург,Бытовая техника,Чайник,2.0,3252.58,6841.58,5299.32,1542.2600000000002,22.5,2025,2
2023-03-20,S05,Санкт-Петербург,Продукты,Шоколад,1.0,236.76,236.76,152.38,84.38,35.6,2023,3
2025-03-24,S04,Санкт-Петербург,Канцтовары,Ежедневник,1.0,645.5,645.5,325.36,320.14,49.6,2025,3
2023-04-10,S05,Санкт-Петербург,Канцтовары,Степлер,2.0,486.08,972.16,563.92,408.24,42.0,2023,4
2023-07-20,S09,Ростов-на-Дону,Продукты,Мёд 500г,4.0,661.57,2646.28,1880.48,765.8000000000002,28.9,2023,7
2025-01-23,S08,Новосибирск,Бытовая техника,Блендер,4.0,5076.15,20304.6,13514.53,6790.069999999998,33.4,2025,1
2024-05-24,S07,Екатеринбург,Одежда,Джинсы,1.0,4285.41,4285.41,2542.25,1743.1599999999999,40.7,2024,5
2023-01-08,S08,Новосибирск,Одежда,Футболка,8.0,1688.47,13507.76,6474.23,7033.530000000001,52.1,2023,1
2023-09-25,S09,Ростов-на-Дону,Продукты,Шоколад,3.0,246.71,740.13,529.38,210.75,28.5,2023,9
2023-06-05,S02,Москва,Канцтовары,Набор ручек,1.0,398.04,398.04,164.52,233.52,58.7,2023,6
2025-01-07,S05,Санкт-Петербург,Одежда,Кроссовки,4.0,6032.82,24131.28,14249.09,9882.189999999999,41.0,2025,1
2024-12-06,S03,Москва,Продукты,Чай 100п,10.0,405.92,4059.2,2631.44,1427.7599999999998,35.2,2024,12
2023-02-09,S08,Новосибирск,Электроника,Планшет,8.0,16298.79,130390.32,97083.27,33307.05,25.5,2023,2
2024-08-29,S03,Москва,Канцтовары,Калькулятор,4.0,1358.29,5433.16,3015.66,2417.5,44.5,2024,8
2023-08-10,S07,Екатеринбург,Канцтовары,Ежедневник,1.0,717.9,717.9,329.46,388.44,54.1,2023,8
2024-12-26,S07,Екатеринбург,Продукты,Чай 100п,1.0,496.18,496.18,333.54,162.64,32.8,2024,12
2025-08-15,S09,Ростов-на-Дону,Бытовая техника,Блендер,7.0,4540.78,31785.46,21369.91,10415.55,32.8,2025,8
2025-03-07,S05,Санкт-Петербург,Электроника,Колонка,2.0,5497.59,10995.18,8414.25,2580.9300000000003,23.5,2025,3
2025-04-27,S03,Москва,Канцтовары,Калькулятор,1.0,1349.16,1349.16,672.68,676.4800000000001,50.1,2025,4
2023-01-19,S07,Екатеринбург,Канцтовары,Ежедневник,3.0,782.83,2348.49,1051.6,1296.8899999999999,55.2,2023,1
2024-07-26,S10,Самара,Электроника,Наушники,2.0,3206.33,3206.33,2523.79,682.54,21.3,2024,7
2024-08-21,S03,Москва,Продукты,Шоколад,8.0,266.94,2135.52,1425.77,709.75,33.2,2024,8
2024-01-07,S01,Москва,Одежда,Футболка,6.0,1946.4,11678.4,5425.8,6252.599999999999,53.5,2024,1
2023-08-28,S10,Самара,Электроника,Смартфон,1.0,23524.5,23524.5,19092.57,4431.93,18.8,2023,8
2023-08-19,S03,Москва,Электроника,Колонка,1.0,5337.66,5337.66,4317.86,1019.8000000000002,19.1,2023,8
2024-04-21,S08,Новосибирск,Бытовая техника,Утюг,1.0,4387.15,4387.15,3011.54,1375.6099999999997,31.4,2024,4
2024-08-16,S04,Санкт-Петербург,Продукты,Чай 100п,2.0,463.77,4829.82,632.56,4197.26,86.9,2024,8
2025-06-22,S07,Екатеринбург,Продукты,Чай 100п,1.0,441.17,441.17,323.32,117.85000000000002,26.7,2025,6
2023-09-18,S01,Москва,Бытовая техника,Блендер,1.0,4995.82,4995.82,3745.45,1250.37,25.0,2023,9
2023-05-10,S05,Санкт-Петербург,Одежда,Куртка,2.0,8993.85,17987.7,11121.2,6866.5,38.2,2023,5
2024-10-09,S08,Новосибирск,Продукты,Шоколад,3.0,269.18,807.54,538.99,268.54999999999995,33.3,2024,10
2024-03-17,S09,Ростов-на-Дону,Бытовая техника,Утюг,5.0,4232.98,21164.9,14796.0,6368.9000000000015,30.1,2024,3
2025-10-30,S03,Москва,Продукты,Мёд 500г,4.0,662.61,2650.44,1996.65,653.79,24.7,2025,10
2024-12-03,S01,Москва,Электроника,Смартфон,2.0,26227.46,52454.92,39497.22,12957.699999999997,24.7,2024,12
2025-02-05,S07,Екатеринбург,Канцтовары,Набор ручек,4.0,370.94,1483.76,622.24,861.52,58.1,2025,2
2023-02-27,S04,Санкт-Петербург,Одежда,Кроссовки,1.0,6732.41,6732.41,3780.81,2951.6,43.8,2023,2
2024-10-16,S04,Санкт-Петербург,Продукты,Кофе 1кг,1.0,1004.66,1004.66,693.46,311.19999999999993,31.0,2024,10
2023-03-18,S09,Ростов-на-Дону,Бытовая техника,Чайник,1.0,2908.47,2908.47,2008.09,900.3799999999999,31.0,2023,3
2023-12-19,S09,Ростов-на-Дону,Бытовая техника,Чайник,2.0,3610.58,7221.16,4932.69,2288.4700000000003,31.7,2023,12
2025-02-19,S01,Москва,Электроника,Наушники,5.0,3654.59,18272.95,14988.53,3284.42,18.0,2025,2
2023-03-10,S10,Самара,Электроника,Наушники,2.0,3559.26,7118.52,5597.33,1521.1900000000005,21.4,2023,3
2024-04-28,S08,Новосибирск,Продукты,Шоколад,1.0,286.62,286.62,213.35,73.27000000000001,25.6,2024,4
2024-03-31,S07,Екатеринбург,Продукты,Мёд 500г,12.0,670.0,8040.0,5601.15,2438.8500000000004,30.3,2024,3
2023-12-06,S05,Санкт-Петербург,Канцтовары,Набор ручек,10.0,386.54,3865.4,1659.62,2205.78,57.1,2023,12
2023-05-12,S08,Новосибирск,Канцтовары,Ежедневник,1.0,726.42,726.42,291.82,434.59999999999997,59.8,2023,5
2024-06-17,S02,Москва,Одежда,Куртка,1.0,9106.26,9106.26,4246.04,4860.22,53.4,2024,6
2023-02-20,S09,Ростов-на-Дону,Электроника,Колонка,1.0,5688.66,5688.66,4301.05,1387.6099999999997,24.4,2023,2
2024-04-05,S07,Екатеринбург,Продукты,Мёд 500г,12.0,591.28,7095.36,4678.45,2416.91,34.1,2024,4
2023-12-10,S09,Ростов-на-Дону,Продукты,Кофе 1кг,2.0,955.14,1910.28,1382.11,528.1700000000001,27.6,2023,12
2023-05-27,S04,Санкт-Петербург,Бытовая техника,Чайник,1.0,3432.75,3432.75,2303.67,1129.08,32.9,2023,5
2024-12-18,S03,Москва,Электроника,Смартфон,5.0,23512.29,117561.45,87282.44,30279.009999999995,25.8,2024,12
2025-01-25,S06,Казань,Продукты,Чай 100п,2.0,504.18,1008.36,672.62,335.74,33.3,2025,1
2024-03-26,S01,Москва,Бытовая техника,Чайник,16.0,3136.39,50182.24,34189.07,15993.169999999998,31.9,2024,3
2025-03-26,S10,Самара,Канцтовары,Степлер,11.0,484.59,5330.49,2949.79,2380.7,44.7,2025,3
2025-04-11,S02,Москва,Канцтовары,Набор ручек,2.0,393.11,786.22,370.19,416.03000000000003,52.9,2025,4
2024-01-04,S03,Москва,Продукты,Мёд 500г,5.0,3252.58,2793.3,1916.46,876.8400000000001,31.4,2024,1
2023-06-15,S01,Москва,Бытовая техника,Чайник,1.0,3141.95,3141.95,2354.78,787.1699999999996,25.1,2023,6
2025-04-03,S01,Москва,Канцтовары,Ежедневник,11.0,770.37,8474.07,4142.12,4331.95,51.1,2025,4
2023-12-04,S07,Екатеринбург,Одежда,Джинсы,8.0,4625.34,37002.72,17469.43,19533.29,52.8,2023,12
2024-03-04,S04,Санкт-Петербург,Электроника,Планшет,1.0,19404.32,19404.32,15853.26,3551.0599999999995,18.3,2024,3
2023-03-29,S04,Санкт-Петербург,Канцтовары,Набор ручек,1.0,318.54,318.54,178.19,140.35000000000002,44.1,2023,3
2023-09-30,S10,Самара,Одежда,Джинсы,1.0,3252.58,4503.06,2491.73,2011.3300000000004,44.7,2023,9
2024-03-09,S06,Казань,Электроника,Колонка,1.0,5761.48,5761.48,4645.61,1115.87,19.4,2024,3
2023-11-27,S01,Москва,Канцтовары,Степлер,6.0,513.82,3082.92,1292.92,1790.0,58.1,2023,11
2025-01-22,S10,Самара,Продукты,Мёд 500г,1.0,592.52,592.52,381.41,211.10999999999996,35.6,2025,1
2025-01-28,S03,Москва,Продукты,Шоколад,14.0,250.65,3509.1,2619.74,889.3600000000001,25.3,2025,1
2025-03-19,S05,Санкт-Петербург,Канцтовары,Ежедневник,1.0,703.7,703.7,350.34,353.36000000000007,50.2,2025,3
2023-08-17,S04,Санкт-Петербург,Продукты,Кофе 1кг,4.0,862.17,3448.68,2387.95,1060.73,30.8,2023,8
2023-11-14,S02,Москва,Канцтовары,Степлер,1.0,516.48,4829.82,270.72,4559.099999999999,94.4,2023,11
2025-10-28,S08,Новосибирск,Электроника,Планшет,1.0,19423.46,19423.46,15883.13,3540.33,18.2,2025,10
2024-09-19,S10,Самара,Электроника,Наушники,1.0,3527.07,3527.07,2770.35,756.7200000000003,21.5,2024,9
2023-08-07,S01,Москва,Бытовая техника,Утюг,4.0,4790.19,19160.76,13479.17,5681.589999999998,29.7,2023,8
2024-10-19,S02,Москва,Канцтовары,Набор ручек,3.0,352.49,1057.47,460.11,597.36,56.5,2024,10
2023-02-27,S02,Москва,Электроника,Планшет,7.0,17463.97,122247.79,97460.62,24787.17,20.3,2023,2
2025-06-10,S08,Новосибирск,Бытовая техника,Утюг,1.0,4738.51,4738.51,3504.01,1234.5,26.1,2025,6
2023-04-08,S02,Москва,Продукты,Чай 100п,1.0,431.39,431.39,298.1,133.28999999999996,30.9,2023,4
2023-06-15,S08,Новосибирск,Одежда,Футболка,2.0,3252.58,3512.18,1739.64,1772.5399999999997,50.5,2023,6
2023-07-30,S09,Ростов-на-Дону,Продукты,Мёд 500г,3.0,555.6,1666.8,1202.74,464.05999999999995,27.8,2023,7
2024-12-12,S08,Новосибирск,Канцтовары,Набор ручек,4.0,375.29,1501.16,695.46,805.7,53.7,2024,12
2024-09-11,S07,Екатеринбург,Бытовая техника,Пылесос,3.0,11777.12,35331.36,27121.69,8209.670000000002,23.2,2024,9
2023-09-07,S04,Санкт-Петербург,Электроника,Смартфон,1.0,26147.53,26147.53,20728.41,5419.119999999999,20.7,2023,9
2025-03-28,S04,Санкт-Петербург,Продукты,Мёд 500г,4.0,570.81,2283.24,1543.55,739.6899999999998,32.4,2025,3
2023-10-28,S10,Самара,Канцтовары,Ежедневник,2.0,740.59,1481.18,849.17,632.0100000000001,42.7,2023,10
2023-07-16,S02,Москва,Бытовая техника,Чайник,2.0,3393.39,6786.78,4785.93,2000.8499999999995,29.5,2023,7
2025-05-23,S04,Санкт-Петербург,Одежда,Футболка,3.0,1975.25,5925.75,3142.57,2783.18,47.0,2025,5
2024-12-15,S09,Ростов-на-Дону,Продукты,Чай 100п,10.0,486.64,4866.4,3432.19,1434.2099999999996,29.5,2024,12
2025-02-23,S09,Ростов-на-Дону,Канцтовары,Калькулятор,1.0,1205.3,1205.3,575.46,629.8399999999999,52.3,2025,2
2024-12-22,S08,Новосибирск,Продукты,Мёд 500г,5.0,683.57,3417.85,2353.11,1064.7399999999998,31.2,2024,12
2023-11-17,S05,Санкт-Петербург,Электроника,Смартфон,2.0,23229.35,46458.7,35804.0,10654.699999999997,22.9,2023,11
2024-07-17,S08,Новосибирск,Электроника,Наушники,1.0,3553.5,3553.5,2774.75,778.75,21.9,2024,7
2024-09-15,S02,Москва,Продукты,Кофе 1кг,5.0,948.17,4740.85,3379.81,1361.0400000000004,28.7,2024,9
2024-02-28,S04,Санкт-Петербург,Электроника,Смартфон,5.0,22860.88,114304.4,93592.85,20711.54999999999,18.1,2024,2
2025-10-20,S08,Новосибирск,Продукты,Мёд 500г,1.0,629.17,629.17,475.53,153.64,24.4,2025,10
2025-02-23,S01,Москва,Электроника,Наушники,1.0,3531.03,3531.03,2696.12,834.9100000000003,23.6,2025,2
2024-03-09,S02,Москва,Канцтовары,Степлер,1.0,474.21,474.21,224.52,249.68999999999997,52.7,2024,3
2023-04-28,S02,Москва,Продукты,Шоколад,3.0,244.9,734.7,533.01,201.69000000000005,27.5,2023,4
2024-09-02,S03,Москва,Электроника,Колонка,6.0,5417.19,4829.82,25224.17,-20394.35,-422.3,2024,9
2025-06-15,S07,Екатеринбург,Канцтовары,Калькулятор,1.0,1105.17,1105.17,613.36,491.81000000000006,44.5,2025,6
2025-03-06,S09,Ростов-на-Дону,Электроника,Колонка,3.0,5856.17,17568.51,13028.62,4539.889999999998,25.8,2025,3
2025-11-15,S09,Ростов-на-Дону,Одежда,Джинсы,6.0,3972.74,23836.44,13415.17,10421.269999999999,43.7,2025,11
2023-02-16,S04,Санкт-Петербург,Бытовая техника,Утюг,4.0,5100.59,20402.36,13919.13,6483.230000000001,31.8,2023,2
2024-07-28,S06,Казань,Одежда,Джинсы,1.0,3812.03,3812.03,1875.26,1936.7700000000002,50.8,2024,7
2024-06-11,S06,Казань,Продукты,Кофе 1кг,1.0,3252.58,938.73,683.16,255.57000000000005,27.2,2024,6
2024-12-24,S09,Ростов-на-Дону,Бытовая техника,Пылесос,1.0,13093.69,13093.69,9610.04,3483.6499999999996,26.6,2024,12
2025-02-10,S10,Самара,Канцтовары,Ежедневник,1.0,666.47,666.47,314.78,351.69000000000005,52.8,2025,2
2024-05-09,S01,Москва,Продукты,Шоколад,9.0,273.83,2464.47,1647.18,817.2899999999997,33.2,2024,5
2024-07-16,S01,Москва,Бытовая техника,Утюг,4.0,4143.8,16575.2,11724.34,4850.860000000001,29.3,2024,7
2024-08-18,S10,Самара,Бытовая техника,Пылесос,1.0,13721.81,13721.81,9384.63,4337.18,31.6,2024,8
2023-07-14,S10,Самара,Продукты,Кофе 1кг,3.0,1022.38,3067.14,2329.04,738.0999999999999,24.1,2023,7
2023-02-01,S08,Новосибирск,Продукты,Мёд 500г,3.0,657.84,1973.52,1333.75,639.77,32.4,2023,2
2024-04-22,S09,Ростов-на-Дону,Одежда,Кроссовки,1.0,6055.03,6055.03,3317.17,2737.8599999999997,45.2,2024,4
2023-11-21,S10,Самара,Бытовая техника,Блендер,1.0,5301.97,5301.97,3858.88,1443.0900000000001,27.2,2023,11
2023-10-07,S08,Новосибирск,Электроника,Колонка,1.0,5392.29,5392.29,4264.64,1127.6499999999996,20.9,2023,10
2025-03-05,S03,Москва,Продукты,Мёд 500г,4.0,3252.58,2482.72,1793.11,689.6099999999999,27.8,2025,3
2025-11-03,S02,Москва,Бытовая техника,Пылесос,5.0,13267.6,66338.0,47373.29,18964.71,28.6,2025,11
2023-07-07,S09,Ростов-на-Дону,Бытовая техника,Блендер,1.0,5090.08,5090.08,3788.71,1301.37,25.6,2023,7
2024-04-04,S09,Ростов-на-Дону,Электроника,Наушники,1.0,3330.77,3330.77,2501.42,829.3499999999999,24.9,2024,4
2025-10-07,S03,Москва,Бытовая техника,Утюг,1.0,4939.34,4939.34,3531.11,1408.23,28.5,2025,10
2024-10-07,S03,Москва,Бытовая техника,Блендер,6.0,5735.08,34410.48,24191.02,10219.460000000003,29.7,2024,10
2023-11-27,S08,Новосибирск,Электроника,Планшет,2.0,19711.69,39423.38,31104.08,8319.299999999996,21.1,2023,11
2025-02-11,S03,Москва,Канцтовары,Степлер,7.0,437.04,3059.28,1376.11,1683.1700000000003,55.0,2025,2
2024-03-19,S01,Москва,Бытовая техника,Утюг,2.0,4980.23,9960.46,6879.04,3081.419999999999,30.9,2024,3
2025-03-16,S10,Самара,Электроника,Смартфон,2.0,28663.63,143318.15,112608.19,30709.959999999992,21.4,2025,3
2023-06-18,S09,Ростов-на-Дону,Электроника,Наушники,1.0,3393.87,3393.87,2738.11,655.7599999999998,19.3,2023,6
2025-02-04,S07,Екатеринбург,Канцтовары,Степлер,2.0,496.15,992.3,540.17,452.13,45.6,2025,2
2024-10-29,S02,Москва,Одежда,Кроссовки,2.0,6106.12,12212.24,6182.56,6029.679999999999,49.4,2024,10
2023-01-22,S02,Москва,Бытовая техника,Утюг,5.0,4760.39,23801.95,16874.65,6927.299999999999,29.1,2023,1
2024-09-15,S02,Москва,Электроника,Колонка,1.0,6199.0,4829.82,4852.6,-22.780000000000655,-0.5,2024,9
2024-01-22,S08,Новосибирск,Одежда,Куртка,2.0,9126.63,18253.26,10207.34,8045.919999999998,44.1,2024,1
2025-11-18,S10,Самара,Канцтовары,Набор ручек,1.0,371.81,371.81,220.58,151.23,40.7,2025,11
2024-05-01,S06,Казань,Одежда,Джинсы,1.0,4310.28,4310.28,2656.31,1653.9699999999998,38.4,2024,5
2023-04-07,S07,Екатеринбург,Одежда,Кроссовки,5.0,7286.9,36434.5,20410.69,16023.810000000001,44.0,2023,4
2023-07-10,S09,Ростов-на-Дону,Канцтовары,Калькулятор,1.0,1146.2,4829.82,490.78,4339.04,89.8,2023,7
2025-12-22,S08,Новосибирск,Электроника,Планшет,1.0,18879.23,18879.23,14310.52,4568.709999999999,24.2,2025,12
2023-12-28,S09,Ростов-на-Дону,Одежда,Куртка,4.0,9310.31,37241.24,22849.24,14391.999999999996,38.6,2023,12
2023-05-04,S10,Самара,Электроника,Планшет,1.0,17723.49,17723.49,13647.81,4075.680000000002,23.0,2023,5
2024-08-23,S06,Казань,Электроника,Колонка,1.0,5879.04,5879.04,4453.08,1425.96,24.3,2024,8
2023-05-26,S01,Москва,Одежда,Футболка,1.0,1719.51,1719.51,930.99,788.52,45.9,2023,5
2023-02-26,S08,Новосибирск,Канцтовары,Калькулятор,1.0,1240.07,1240.07,684.21,555.8599999999999,44.8,2023,2
2025-06-09,S10,Самара,Электроника,Колонка,1.0,6260.48,6260.48,5063.63,1196.8499999999995,19.1,2025,6
2023-08-17,S02,Москва,Продукты,Кофе 1кг,1.0,857.45,857.45,557.24,300.21000000000004,35.0,2023,8
2025-02-11,S08,Новосибирск,Канцтовары,Ежедневник,2.0,688.94,4829.82,668.19,4161.629999999999,86.2,2025,2
2024-06-05,S10,Самара,Электроника,Смартфон,4.0,27449.32,109797.28,85813.15,23984.130000000005,21.8,2024,6
2023-05-13,S01,Москва,Одежда,Кроссовки,1.0,6568.01,6568.01,3321.04,3246.9700000000003,49.4,2023,5
2023-12-23,S05,Санкт-Петербург,Бытовая техника,Блендер,1.0,4608.48,4608.48,3491.05,1117.4299999999994,24.2,2023,12
2024-03-14,S02,Москва,Одежда,Футболка,1.0,2067.11,2067.11,1072.67,994.44,48.1,2024,3
2025-01-02,S10,Самара,Бытовая техника,Пылесос,3.0,10852.7,32558.1,23595.32,8962.779999999999,27.5,2025,1
2025-02-23,S09,Ростов-на-Дону,Канцтовары,Набор ручек,1.0,330.69,330.69,196.75,133.94,40.5,2025,2
2023-12-29,S10,Самара,Продукты,Чай 100п,1.0,440.24,440.24,308.81,131.43,29.9,2023,12
2023-06-24,S08,Новосибирск,Электроника,Планшет,1.0,3252.58,17137.62,12748.5,4389.119999999999,25.6,2023,6
2024-08-18,S02,Москва,Бытовая техника,Чайник,2.0,3348.68,6697.36,4593.87,2103.49,31.4,2024,8
2023-03-10,S09,Ростов-на-Дону,Канцтовары,Ежедневник,1.0,676.11,676.11,383.66,292.45,43.3,2023,3
2023-10-10,S04,Санкт-Петербург,Продукты,Кофе 1кг,1.0,889.07,889.07,672.13,216.94000000000005,24.4,2023,10
2024-08-28,S03,Москва,Одежда,Джинсы,2.0,3984.36,7968.72,3686.22,4282.5,53.7,2024,8
2023-08-16,S01,Москва,Продукты,Кофе 1кг,1.0,918.69,918.69,590.4,328.2900000000001,35.7,2023,8
2023-04-06,S02,Москва,Продукты,Чай 100п,1.0,447.91,447.91,320.4,127.51000000000005,28.5,2023,4
2024-04-10,S07,Екатеринбург,Одежда,Джинсы,2.0,4361.83,8723.66,4383.52,4340.139999999999,49.8,2024,4
2023-01-07,S03,Москва,Одежда,Куртка,1.0,8327.45,8327.45,4736.48,3590.970000000001,43.1,2023,1
2024-05-31,S02,Москва,Электроника,Наушники,4.0,3926.07,15704.28,12423.04,3281.24,20.9,2024,5
2024-08-05,S08,Новосибирск,Одежда,Футболка,4.0,1705.4,6821.6,3502.74,3318.8600000000006,48.7,2024,8
2024-12-10,S08,Новосибирск,Продукты,Кофе 1кг,5.0,919.09,4595.45,3343.97,1251.48,27.2,2024,12
2023-06-12,S04,Санкт-Петербург,Канцтовары,Ежедневник,5.0,714.53,3572.65,1441.44,2131.21,59.7,2023,6
2024-11-18,S05,Санкт-Петербург,Продукты,Мёд 500г,1.0,670.69,670.69,446.69,224.00000000000006,33.4,2024,11
2024-03-15,S05,Санкт-Петербург,Бытовая техника,Чайник,1.0,3592.08,3592.08,2725.31,866.77,24.1,2024,3
2023-03-31,S09,Ростов-на-Дону,Продукты,Шоколад,1.0,267.57,267.57,186.49,81.07999999999998,30.3,2023,3
2023-02-16,S08,Новосибирск,Продукты,Чай 100п,2.0,463.23,926.46,620.8,305.6600000000001,33.0,2023,2
2024-09-13,S04,Санкт-Петербург,Одежда,Футболка,1.0,1621.58,1621.58,979.19,642.3899999999999,39.6,2024,9
2024-01-27,S01,Москва,Бытовая техника,Утюг,1.0,3252.58,4762.97,3459.77,1303.2000000000003,27.4,2024,1
2023-07-11,S03,Москва,Электроника,Планшет,2.0,18198.78,36397.56,27786.07,8611.489999999998,23.7,2023,7
2025-09-18,S01,Москва,Бытовая техника,Чайник,1.0,3492.29,3492.29,2371.46,1120.83,32.1,2025,9
2025-04-05,S03,Москва,Одежда,Куртка,6.0,8554.01,51324.06,28878.92,22445.14,43.7,2025,4
2024-06-20,S08,Новосибирск,Канцтовары,Ежедневник,3.0,710.27,2130.81,1026.34,1104.47,51.8,2024,6
2025-07-31,S08,Новосибирск,Электроника,Колонка,2.0,6116.25,12232.5,9767.36,2465.1399999999994,20.2,2025,7
2025-05-07,S03,Москва,Одежда,Футболка,2.0,1883.5,3767.0,2352.55,1414.4499999999998,37.5,2025,5
2025-08-18,S09,Ростов-на-Дону,Продукты,Шоколад,1.0,228.59,228.59,151.91,76.68,33.5,2025,8
2024-07-16,S05,Санкт-Петербург,Электроника,Планшет,1.0,16230.55,16230.55,13275.44,2955.1099999999988,18.2,2024,7
2025-05-27,S03,Москва,Одежда,Футболка,2.0,1821.98,3643.96,2285.08,1358.88,37.3,2025,5
2024-07-19,S03,Москва,Электроника,Колонка,1.0,6047.93,6047.93,4679.01,1368.92,22.6,2024,7
2023-08-20,S10,Самара,Электроника,Наушники,2.0,3721.95,26053.65,21461.28,4592.370000000003,17.6,2023,8
2025-10-13,S02,Москва,Бытовая техника,Чайник,1.0,2968.92,2968.92,2062.18,906.7400000000002,30.5,2025,10
2024-05-23,S04,Санкт-Петербург,Электроника,Планшет,1.0,18331.06,18331.06,13604.67,4726.390000000001,25.8,2024,5
2025-09-24,S02,Москва,Электроника,Наушники,1.0,3310.62,3310.62,2613.76,696.8599999999997,21.0,2025,9
2024-04-23,S05,Санкт-Петербург,Бытовая техника,Пылесос,1.0,3252.58,12453.48,8493.42,3960.0599999999995,31.8,2024,4
2024-09-27,S05,Санкт-Петербург,Бытовая техника,Пылесос,1.0,13239.44,13239.44,9125.48,4113.960000000001,31.1,2024,9
2024-09-25,S05,Санкт-Петербург,Одежда,Джинсы,6.0,4049.24,24295.44,13401.55,10893.89,44.8,2024,9
2023-01-30,S07,Екатеринбург,Одежда,Куртка,1.0,8856.95,8856.95,4172.54,4684.410000000001,52.9,2023,1
2024-05-04,S03,Москва,Продукты,Шоколад,6.0,233.79,1402.74,952.31,450.43000000000006,32.1,2024,5
2025-10-24,S10,Самара,Электроника,Колонка,1.0,5243.62,5243.62,3995.88,1247.7399999999998,23.8,2025,10
2024-01-08,S09,Ростов-на-Дону,Одежда,Куртка,1.0,8800.55,8800.55,5534.18,3266.369999999999,37.1,2024,1
2024-10-01,S08,Новосибирск,Одежда,Куртка,1.0,8667.86,8667.86,4402.4,4265.460000000001,49.2,2024,10
2024-11-01,S05,Санкт-Петербург,Одежда,Куртка,1.0,7668.65,7668.65,4491.33,3177.3199999999997,41.4,2024,11
2023-12-05,S07,Екатеринбург,Бытовая техника,Утюг,4.0,4697.68,18790.72,13003.21,5787.510000000002,30.8,2023,12
2025-02-20,S10,Самара,Электроника,Планшет,4.0,20556.51,82226.04,67591.82,14634.219999999987,17.8,2025,2
2023-09-21,S02,Москва,Бытовая техника,Утюг,6.0,4557.56,27345.36,20758.06,6587.299999999999,24.1,2023,9
2024-11-25,S05,Санкт-Петербург,Канцтовары,Ежедневник,2.0,750.6,1501.2,840.63,660.57,44.0,2024,11
2024-01-01,S10,Самара,Продукты,Мёд 500г,1.0,680.21,680.21,507.13,173.08000000000004,25.4,2024,1
2023-08-22,S09,Ростов-на-Дону,Одежда,Кроссовки,1.0,6937.89,6937.89,3723.14,3214.7500000000005,46.3,2023,8
2025-03-24,S09,Ростов-на-Дону,Продукты,Кофе 1кг,4.0,883.05,3532.2,2318.97,1213.23,34.3,2025,3
2024-04-21,S10,Самара,Канцтовары,Степлер,7.0,492.8,3449.6,1858.54,1591.06,46.1,2024,4
2024-07-15,S06,Казань,Одежда,Джинсы,1.0,4235.93,4235.93,2503.09,1732.8400000000001,40.9,2024,7
2024-01-12,S02,Москва,Бытовая техника,Блендер,2.0,5598.46,11196.92,7597.86,3599.0600000000004,32.1,2024,1
2024-10-05,S08,Новосибирск,Продукты,Кофе 1кг,1.0,861.35,861.35,604.59,256.76,29.8,2024,10
2024-12-10,S01,Москва,Продукты,Кофе 1кг,1.0,986.08,986.08,648.52,337.56000000000006,34.2,2024,12
2024-08-12,S03,Москва,Электроника,Колонка,1.0,5246.0,5246.0,4211.43,1034.5699999999997,19.7,2024,8
2025-12-01,S06,Казань,Одежда,Футболка,2.0,1742.3,3484.6,1854.69,1629.9099999999999,46.8,2025,12
2024-11-28,S03,Москва,Продукты,Кофе 1кг,3.0,916.12,2748.36,2073.45,674.9100000000003,24.6,2024,11
2023-07-11,S03,Москва,Одежда,Джинсы,1.0,4123.13,4123.13,2025.37,2097.76,50.9,2023,7
2024-07-15,S07,Екатеринбург,Одежда,Джинсы,1.0,4715.91,4715.91,2551.47,2164.44,45.9,2024,7
2023-04-13,S01,Москва,Электроника,Смартфон,2.0,23781.12,95124.48,77944.95,17179.53,18.1,2023,4
2024-05-20,S04,Санкт-Петербург,Электроника,Колонка,1.0,5498.03,5498.03,4161.76,1336.2699999999995,24.3,2024,5
2025-12-25,S06,Казань,Бытовая техника,Пылесос,2.0,12807.46,25614.92,18526.8,7088.119999999999,27.7,2025,12
2023-03-31,S08,Новосибирск,Продукты,Чай 100п,1.0,462.91,462.91,350.92,111.99000000000001,24.2,2023,3
2023-10-27,S03,Москва,Бытовая техника,Пылесос,5.0,12344.84,61724.2,42905.64,18818.559999999998,30.5,2023,10
2024-12-09,S10,Самара,Электроника,Наушники,11.0,3150.2,34652.2,25980.09,8672.109999999997,25.0,2024,12
2025-10-21,S03,Москва,Продукты,Чай 100п,1.0,429.24,429.24,302.24,127.0,29.6,2025,10
2023-12-06,S05,Санкт-Петербург,Электроника,Наушники,3.0,3152.93,9458.79,7546.83,1911.960000000001,20.2,2023,12
2024-05-12,S01,Москва,Канцтовары,Степлер,14.0,490.91,4829.82,3217.77,1612.0499999999997,33.4,2024,5
2023-01-08,S01,Москва,Продукты,Кофе 1кг,2.0,1031.91,2063.82,1339.66,724.1600000000001,35.1,2023,1
2025-06-16,S07,Екатеринбург,Канцтовары,Калькулятор,2.0,1330.78,1330.78,677.06,653.72,49.1,2025,6
2024-10-10,S05,Санкт-Петербург,Канцтовары,Набор ручек,3.0,384.67,1154.01,551.59,602.42,52.2,2024,10
2024-02-27,S06,Казань,Электроника,Смартфон,1.0,26330.63,26330.63,19734.05,6596.580000000002,25.1,2024,2
2025-10-19,S06,Казань,Одежда,Куртка,6.0,9728.82,58372.92,33585.87,24787.049999999996,42.5,2025,10
2024-04-30,S06,Казань,Бытовая техника,Чайник,1.0,3102.91,3102.91,2344.32,758.5899999999997,24.4,2024,4
2024-05-30,S05,Санкт-Петербург,Канцтовары,Степлер,1.0,406.67,406.67,216.89,189.78000000000003,46.7,2024,5
2025-09-12,S07,Екатеринбург,Бытовая техника,Утюг,1.0,5076.55,5076.55,3676.64,1399.9100000000003,27.6,2025,9
2023-08-11,S09,Ростов-на-Дону,Канцтовары,Степлер,3.0,451.34,1354.02,703.0,651.02,48.1,2023,8
2023-10-30,S01,Москва,Продукты,Шоколад,1.0,269.78,269.78,198.19,71.58999999999997,26.5,2023,10
2023-11-13,S03,Москва,Продукты,Кофе 1кг,2.0,824.82,1649.64,1122.56,527.0800000000002,32.0,2023,11
2023-07-24,S06,Казань,Бытовая техника,Чайник,1.0,3270.06,3270.06,2514.62,755.44,23.1,2023,7
2025-03-04,S04,Санкт-Петербург,Электроника,Планшет,1.0,17706.86,17706.86,13145.73,4561.130000000001,25.8,2025,3
2025-03-18,S04,Санкт-Петербург,Канцтовары,Ежедневник,6.0,659.44,3956.64,1933.18,2023.4599999999998,51.1,2025,3
2025-06-22,S10,Самара,Продукты,Кофе 1кг,1.0,866.7,866.7,650.6,216.10000000000002,24.9,2025,6
2024-11-17,S02,Москва,Канцтовары,Калькулятор,1.0,1357.4,1357.4,788.68,568.7200000000001,41.9,2024,11
2024-10-25,S09,Ростов-на-Дону,Канцтовары,Набор ручек,9.0,325.05,2925.45,1539.8,1385.6499999999999,47.4,2024,10
2023-06-03,S06,Казань,Бытовая техника,Блендер,2.0,5490.74,32944.44,22082.84,10861.600000000002,33.0,2023,6
2023-09-30,S01,Москва,Бытовая техника,Пылесос,1.0,11608.32,11608.32,7794.5,3813.8199999999997,32.9,2023,9
2024-10-01,S04,Санкт-Петербург,Продукты,Кофе 1кг,2.0,821.94,1643.88,1198.05,445.83000000000015,27.1,2024,10
2023-10-30,S09,Ростов-на-Дону,Одежда,Джинсы,1.0,4119.35,4119.35,2303.8,1815.5500000000002,44.1,2023,10
2024-04-14,S02,Москва,Канцтовары,Калькулятор,3.0,1094.79,3284.37,1423.95,1860.4199999999998,56.6,2024,4
2023-02-14,S03,Москва,Продукты,Чай 100п,1.0,438.7,438.7,307.06,131.64,30.0,2023,2
2023-03-06,S06,Казань,Продукты,Мёд 500г,3.0,649.63,1948.89,1343.4,605.49,31.1,2023,3
2024-01-22,S03,Москва,Электроника,Наушники,1.0,4008.7,4008.7,2978.02,1030.6799999999998,25.7,2024,1
2024-11-19,S06,Казань,Бытовая техника,Блендер,3.0,4916.55,14749.65,11296.73,3452.92,23.4,2024,11
2024-07-04,S02,Москва,Электроника,Колонка,3.0,4983.66,14950.98,12303.95,2647.029999999999,17.7,2024,7
2024-07-22,S05,Санкт-Петербург,Продукты,Кофе 1кг,1.0,874.3,874.3,592.55,281.75,32.2,2024,7
2023-04-03,S01,Москва,Продукты,Мёд 500г,1.0,610.46,610.46,429.21,181.25000000000006,29.7,2023,4
2025-03-01,S01,Москва,Продукты,Чай 100п,2.0,427.98,855.96,613.68,242.2800000000001,28.3,2025,3
2024-01-09,S02,Москва,Электроника,Колонка,1.0,6254.76,6254.76,4861.05,1393.71,22.3,2024,1
2025-01-03,S02,Москва,Канцтовары,Калькулятор,1.0,1086.01,1086.01,504.16,581.8499999999999,53.6,2025,1
2024-05-31,S01,Москва,Канцтовары,Степлер,1.0,507.03,507.03,244.08,262.94999999999993,51.9,2024,5
2024-08-21,S05,Санкт-Петербург,Канцтовары,Набор ручек,2.0,365.02,1825.1,951.07,874.0299999999999,47.9,2024,8
2023-03-22,S05,Санкт-Петербург,Канцтовары,Степлер,5.0,456.68,2283.4,1018.89,1264.5100000000002,55.4,2023,3
2023-09-13,S06,Казань,Бытовая техника,Пылесос,1.0,11184.83,11184.83,7663.35,3521.4799999999996,31.5,2023,9
2023-09-03,S10,Самара,Продукты,Шоколад,7.0,258.47,1809.29,1226.18,583.1099999999999,32.2,2023,9
2025-12-28,S03,Москва,Одежда,Куртка,3.0,9151.53,27454.59,14431.28,13023.31,47.4,2025,12
2025-03-28,S08,Новосибирск,Электроника,Наушники,4.0,3365.97,13463.88,10719.51,2744.369999999999,20.4,2025,3
2024-09-22,S08,Новосибирск,Электроника,Смартфон,1.0,26710.7,26710.7,20892.42,5818.2800000000025,21.8,2024,9
2024-10-19,S04,Санкт-Петербург,Электроника,Колонка,10.0,5151.82,51518.2,39143.25,12374.949999999997,24.0,2024,10
2025-03-30,S04,Санкт-Петербург,Бытовая техника,Блендер,3.0,5560.02,16680.06,11463.96,5216.100000000002,31.3,2025,3
2025-06-23,S08,Новосибирск,Одежда,Джинсы,2.0,4249.98,8499.96,5185.94,3314.0199999999995,39.0,2025,6
2023-06-14,S01,Москва,Одежда,Джинсы,1.0,4134.23,4134.23,1930.36,2203.87,53.3,2023,6
2025-02-19,S07,Екатеринбург,Продукты,Чай 100п,1.0,413.41,413.41,270.0,143.41000000000003,34.7,2025,2
2023-01-08,S03,Москва,Электроника,Планшет,3.0,19523.28,58569.84,47645.31,10924.529999999999,18.7,2023,1
2025-05-10,S08,Новосибирск,Канцтовары,Набор ручек,1.0,328.65,328.65,193.37,135.27999999999997,41.2,2025,5
2023-04-24,S01,Москва,Продукты,Шоколад,1.0,228.84,228.84,163.48,65.36000000000001,28.6,2023,4
2023-11-13,S09,Ростов-на-Дону,Одежда,Футболка,8.0,1726.06,13808.48,8068.2,5740.28,41.6,2023,11
2024-07-28,S04,Санкт-Петербург,Продукты,Шоколад,1.0,276.76,276.76,180.53,96.22999999999999,34.8,2024,7
2023-03-08,S01,Москва,Бытовая техника,Чайник,5.0,3085.6,15428.0,11357.77,4070.2299999999996,26.4,2023,3
2023-04-10,S07,Екатеринбург,Электроника,Наушники,1.0,3217.04,3217.04,2423.78,793.2599999999998,24.7,2023,4
2025-04-02,S01,Москва,Бытовая техника,Пылесос,2.0,10851.98,21703.96,16325.93,5378.029999999999,24.8,2025,4
2023-02-22,S08,Новосибирск,Одежда,Джинсы,1.0,4161.49,4161.49,2583.88,1577.6099999999997,37.9,2023,2
2023-09-21,S01,Москва,Канцтовары,Набор ручек,2.0,374.12,748.24,414.07,334.17,44.7,2023,9
2024-05-15,S05,Санкт-Петербург,Одежда,Футболка,6.0,1930.5,11583.0,5751.61,5831.39,50.3,2024,5
2024-03-25,S07,Екатеринбург,Бытовая техника,Чайник,4.0,2997.66,11990.64,8305.26,3685.379999999999,30.7,2024,3
2023-01-09,S03,Москва,Бытовая техника,Чайник,6.0,3320.55,19923.3,13319.24,6604.0599999999995,33.1,2023,1
2025-08-01,S07,Екатеринбург,Одежда,Кроссовки,1.0,7402.73,7402.73,4476.87,2925.8599999999997,39.5,2025,8
2024-04-10,S07,Екатеринбург,Бытовая техника,Пылесос,1.0,13351.36,13351.36,10316.12,3035.24,22.7,2024,4
2024-03-22,S01,Москва,Электроника,Смартфон,2.0,24179.88,48359.76,37265.85,11093.910000000003,22.9,2024,3
2023-09-28,S01,Москва,Канцтовары,Калькулятор,6.0,1340.91,8045.46,4104.73,3940.7300000000005,49.0,2023,9
2023-06-13,S09,Ростов-на-Дону,Бытовая техника,Утюг,1.0,4807.68,4807.68,3261.0,1546.6800000000003,32.2,2023,6
2025-06-14,S03,Москва,Бытовая техника,Блендер,1.0,5400.52,5400.52,3620.08,1780.4400000000005,33.0,2025,6
2025-09-16,S10,Самара,Электроника,Наушники,1.0,3168.4,3168.4,2544.2,624.2000000000003,19.7,2025,9
2024-11-03,S08,Новосибирск,Бытовая техника,Чайник,1.0,3539.63,3539.63,2657.02,882.6100000000001,24.9,2024,11
2024-08-14,S06,Казань,Канцтовары,Ежедневник,14.0,720.93,10093.02,5782.86,4310.160000000001,42.7,2024,8
2025-06-02,S02,Москва,Продукты,Шоколад,4.0,230.64,922.56,665.63,256.92999999999995,27.8,2025,6
2023-12-01,S06,Казань,Продукты,Мёд 500г,3.0,635.66,1906.98,1285.18,621.8,32.6,2023,12
2023-05-05,S07,Екатеринбург,Канцтовары,Ежедневник,5.0,725.67,3628.35,2084.5,1543.85,42.5,2023,5
2024-06-28,S10,Самара,Бытовая техника,Утюг,1.0,5099.1,5099.1,3596.85,1502.2500000000005,29.5,2024,6
2025-05-06,S01,Москва,Продукты,Шоколад,1.0,249.99,249.99,160.78,89.21000000000001,35.7,2025,5
2023-03-27,S10,Самара,Одежда,Джинсы,4.0,4360.46,17441.84,9640.05,7801.790000000001,44.7,2023,3
2025-08-13,S07,Екатеринбург,Канцтовары,Калькулятор,11.0,1111.71,12228.81,6253.15,5975.66,48.9,2025,8
2024-10-13,S03,Москва,Канцтовары,Набор ручек,1.0,316.83,316.83,186.49,130.33999999999997,41.1,2024,10
2023-03-06,S04,Санкт-Петербург,Электроника,Планшет,1.0,16566.63,16566.63,12264.85,4301.780000000001,26.0,2023,3
2024-12-18,S01,Москва,Канцтовары,Набор ручек,4.0,321.78,1287.12,723.53,563.5899999999999,43.8,2024,12
2025-06-08,S06,Казань,Бытовая техника,Пылесос,1.0,11187.01,11187.01,7887.97,3299.04,29.5,2025,6
2024-03-18,S01,Москва,Электроника,Планшет,1.0,17437.36,17437.36,14184.6,3252.76,18.7,2024,3
2025-10-31,S08,Новосибирск,Электроника,Наушники,1.0,3791.51,3791.51,2806.77,984.7400000000002,26.0,2025,10
2024-12-06,S10,Самара,Канцтовары,Степлер,1.0,3252.58,420.34,247.55,172.78999999999996,41.1,2024,12
2025-12-24,S02,Москва,Бытовая техника,Пылесос,3.0,11393.01,34179.03,26078.67,8100.360000000001,23.7,2025,12
2025-04-28,S08,Новосибирск,Канцтовары,Ежедневник,1.0,668.51,668.51,285.36,383.15,57.3,2025,4
2024-10-22,S07,Екатеринбург,Электроника,Колонка,3.0,5261.77,15785.31,12356.53,3428.779999999999,21.7,2024,10
2025-08-22,S09,Ростов-на-Дону,Одежда,Куртка,1.0,8326.5,8326.5,3844.11,4482.389999999999,53.8,2025,8
2025-05-22,S01,Москва,Электроника,Наушники,1.0,3584.49,3584.49,2859.74,724.75,20.2,2025,5
2024-04-19,S02,Москва,Одежда,Джинсы,1.0,4759.17,4759.17,2495.44,2263.73,47.6,2024,4
2025-02-04,S02,Москва,Продукты,Кофе 1кг,3.0,848.2,4829.82,1747.0,3082.8199999999997,63.8,2025,2
2023-12-22,S01,Москва,Продукты,Мёд 500г,1.0,591.22,591.22,391.6,199.62,33.8,2023,12
2024-07-24,S09,Ростов-на-Дону,Электроника,Колонка,1.0,6109.54,6109.54,5028.7,1080.8400000000001,17.7,2024,7
2023-12-11,S04,Санкт-Петербург,Электроника,Смартфон,5.0,23847.97,119239.85,94120.78,25119.070000000007,21.1,2023,12
2023-05-05,S05,Санкт-Петербург,Бытовая техника,Блендер,4.0,5646.18,22584.72,17195.64,5389.080000000002,23.9,2023,5
2024-06-19,S10,Самара,Канцтовары,Набор ручек,1.0,323.4,323.4,132.12,191.27999999999997,59.1,2024,6
2025-04-15,S03,Москва,Бытовая техника,Чайник,2.0,3469.0,6938.0,4834.33,2103.67,30.3,2025,4
2025-04-10,S09,Ростов-на-Дону,Продукты,Шоколад,1.0,267.01,267.01,174.23,92.78,34.7,2025,4
2025-08-13,S01,Москва,Электроника,Наушники,2.0,3996.77,7993.54,6189.66,1803.88,22.6,2025,8
2025-11-09,S01,Москва,Электроника,Наушники,8.0,3417.16,27337.28,20982.93,6354.3499999999985,23.2,2025,11
2024-03-14,S07,Екатеринбург,Канцтовары,Калькулятор,1.0,1345.83,1345.83,609.01,736.8199999999999,54.7,2024,3
2025-06-21,S09,Ростов-на-Дону,Бытовая техника,Чайник,1.0,3256.47,3256.47,2331.3,925.1699999999996,28.4,2025,6
2023-02-16,S04,Санкт-Петербург,Бытовая техника,Чайник,3.0,3252.58,10368.09,7239.81,3128.2799999999997,30.2,2023,2
2023-08-27,S05,Санкт-Петербург,Электроника,Наушники,4.0,3613.66,14454.64,11611.77,2842.869999999999,19.7,2023,8
2025-04-21,S06,Казань,Одежда,Куртка,1.0,9057.81,9057.81,4743.74,4314.07,47.6,2025,4
2025-02-21,S05,Санкт-Петербург,Канцтовары,Набор ручек,3.0,331.8,4829.82,543.18,4286.639999999999,88.8,2025,2
2024-05-23,S08,Новосибирск,Продукты,Чай 100п,1.0,448.99,448.99,300.53,148.46000000000004,33.1,2024,5
2024-02-25,S07,Екатеринбург,Канцтовары,Набор ручек,1.0,356.0,356.0,143.49,212.51,59.7,2024,2
2025-09-08,S08,Новосибирск,Одежда,Куртка,1.0,8167.12,8167.12,3778.28,4388.84,53.7,2025,9
2024-05-03,S02,Москва,Электроника,Смартфон,2.0,27441.2,54882.4,44804.91,10077.489999999998,18.4,2024,5
2025-06-01,S03,Москва,Одежда,Кроссовки,3.0,6002.22,18006.66,9929.82,8076.84,44.9,2025,6
2023-02-10,S06,Казань,Одежда,Куртка,2.0,8511.15,17022.3,8687.56,8334.74,49.0,2023,2
2025-09-23,S08,Новосибирск,Электроника,Планшет,2.0,17621.08,4829.82,27037.61,-22207.79,-459.8,2025,9
2024-02-05,S07,Екатеринбург,Электроника,Планшет,2.0,20476.26,40952.52,32324.28,8628.239999999998,21.1,2024,2
2024-03-18,S04,Санкт-Петербург,Бытовая техника,Блендер,3.0,5375.97,16127.91,11189.98,4937.93,30.6,2024,3
2024-04-01,S07,Екатеринбург,Продукты,Кофе 1кг,1.0,842.01,842.01,609.28,232.73000000000002,27.6,2024,4
2025-03-31,S07,Екатеринбург,Продукты,Шоколад,1.0,243.9,243.9,179.67,64.23000000000002,26.3,2025,3
2023-03-17,S10,Самара,Канцтовары,Степлер,8.0,468.3,3746.4,2101.3,1645.1,43.9,2023,3
2024-07-19,S08,Новосибирск,Электроника,Смартфон,1.0,27869.56,27869.56,22424.69,5444.870000000003,19.5,2024,7
2024-04-27,S06,Казань,Канцтовары,Калькулятор,5.0,1144.54,4829.82,2303.86,2525.9599999999996,52.3,2024,4
2024-09-12,S03,Москва,Бытовая техника,Чайник,1.0,3179.63,3179.63,2329.47,850.1600000000003,26.7,2024,9
2024-08-04,S01,Москва,Канцтовары,Калькулятор,2.0,1121.41,2242.82,1078.29,1164.5300000000002,51.9,2024,8
2023-01-20,S09,Ростов-на-Дону,Бытовая техника,Блендер,1.0,5072.53,5072.53,3621.9,1450.6299999999997,28.6,2023,1
2025-11-27,S05,Санкт-Петербург,Бытовая техника,Пылесос,1.0,13360.44,13360.44,9915.22,3445.220000000001,25.8,2025,11
2024-12-17,S03,Москва,Канцтовары,Степлер,9.0,502.45,4522.05,2334.87,2187.1800000000003,48.4,2024,12
2025-08-12,S05,Санкт-Петербург,Электроника,Колонка,2.0,5216.82,10433.64,7812.36,2621.2799999999997,25.1,2025,8
2024-02-11,S09,Ростов-на-Дону,Бытовая техника,Пылесос,2.0,11823.31,23646.62,16561.59,7085.029999999999,30.0,2024,2
2024-07-24,S07,Екатеринбург,Бытовая техника,Чайник,1.0,3157.57,3157.57,2394.16,763.4100000000003,24.2,2024,7
2023-10-02,S07,Екатеринбург,Бытовая техника,Утюг,1.0,4284.06,4284.06,3019.01,1265.0500000000002,29.5,2023,10
2023-12-26,S05,Санкт-Петербург,Канцтовары,Набор ручек,1.0,335.13,335.13,157.42,177.71,53.0,2023,12
2025-12-04,S03,Москва,Продукты,Чай 100п,3.0,420.03,1260.09,844.76,415.3299999999999,33.0,2025,12
2023-12-16,S02,Москва,Одежда,Кроссовки,2.0,6948.65,13897.3,6564.0,7333.299999999999,52.8,2023,12
2024-02-01,S10,Самара,Продукты,Чай 100п,7.0,515.69,3609.83,2719.45,890.3800000000001,24.7,2024,2
2023-08-04,S03,Москва,Канцтовары,Набор ручек,3.0,372.64,1117.92,480.89,637.0300000000001,57.0,2023,8
2023-08-07,S06,Казань,Электроника,Смартфон,5.0,28655.45,143277.25,106774.6,36502.649999999994,25.5,2023,8
2023-04-22,S05,Санкт-Петербург,Бытовая техника,Чайник,3.0,3458.32,10374.96,7204.63,3170.329999999999,30.6,2023,4
2023-10-12,S08,Новосибирск,Одежда,Кроссовки,3.0,6440.44,19321.32,11327.0,7994.32,41.4,2023,10
2023-07-19,S05,Санкт-Петербург,Канцтовары,Калькулятор,4.0,1264.47,5057.88,2482.13,2575.75,50.9,2023,7
2024-07-12,S05,Санкт-Петербург,Электроника,Смартфон,2.0,24000.44,48000.88,39095.57,8905.309999999998,18.6,2024,7
2024-04-15,S10,Самара,Бытовая техника,Пылесос,1.0,13770.63,13770.63,9867.45,3903.1799999999985,28.3,2024,4
2024-06-19,S04,Санкт-Петербург,Электроника,Смартфон,8.0,24463.51,195708.08,160687.83,35020.25,17.9,2024,6
2024-03-09,S02,Москва,Бытовая техника,Утюг,3.0,5000.95,15002.85,10346.26,4656.59,31.0,2024,3
2025-07-01,S03,Москва,Продукты,Мёд 500г,1.0,582.02,582.02,422.14,159.88,27.5,2025,7
2025-12-10,S10,Самара,Электроника,Колонка,1.0,5239.49,5239.49,4058.36,1181.1299999999997,22.5,2025,12
2024-09-12,S07,Екатеринбург,Канцтовары,Набор ручек,1.0,340.84,340.84,160.08,180.75999999999996,53.0,2024,9
2023-06-07,S10,Самара,Продукты,Кофе 1кг,1.0,887.79,887.79,666.31,221.48000000000002,24.9,2023,6
2025-07-07,S06,Казань,Продукты,Чай 100п,1.0,492.53,492.53,315.88,176.64999999999998,35.9,2025,7
2024-08-02,S02,Москва,Одежда,Куртка,1.0,7665.18,7665.18,4451.47,3213.71,41.9,2024,8
2024-05-05,S02,Москва,Электроника,Смартфон,2.0,25448.37,50896.74,39384.65,11512.089999999997,22.6,2024,5
2023-01-17,S03,Москва,Продукты,Чай 100п,2.0,494.32,988.64,711.74,276.9,28.0,2023,1
2024-09-08,S05,Санкт-Петербург,Бытовая техника,Утюг,1.0,4463.81,4463.81,3047.94,1415.8700000000003,31.7,2024,9
2024-03-28,S06,Казань,Одежда,Кроссовки,1.0,6343.39,4829.82,4056.18,773.6399999999999,16.0,2024,3
2025-09-28,S01,Москва,Продукты,Шоколад,4.0,241.82,967.28,730.01,237.26999999999998,24.5,2025,9
2023-09-04,S05,Санкт-Петербург,Электроника,Планшет,3.0,18573.3,55719.9,41547.95,14171.950000000004,25.4,2023,9
2024-01-15,S07,Екатеринбург,Канцтовары,Ежедневник,1.0,721.3,721.3,322.09,399.21,55.3,2024,1
2023-11-02,S09,Ростов-на-Дону,Продукты,Мёд 500г,5.0,657.75,3288.75,2445.98,842.77,25.6,2023,11
2024-06-26,S02,Москва,Одежда,Джинсы,1.0,4699.44,4699.44,2337.92,2361.5199999999995,50.3,2024,6
2024-08-15,S06,Казань,Продукты,Шоколад,5.0,236.14,1180.7,849.06,331.6400000000001,28.1,2024,8
2024-03-09,S01,Москва,Продукты,Шоколад,1.0,253.35,253.35,171.7,81.65,32.2,2024,3
2025-08-16,S04,Санкт-Петербург,Электроника,Смартфон,4.0,23818.04,95272.16,71625.84,23646.320000000007,24.8,2025,8
2025-01-07,S06,Казань,Канцтовары,Ежедневник,3.0,799.74,2399.22,1370.91,1028.3099999999997,42.9,2025,1
2023-04-07,S03,Москва,Канцтовары,Ежедневник,1.0,630.22,630.22,310.75,319.47,50.7,2023,4
2023-09-26,S09,Ростов-на-Дону,Канцтовары,Степлер,5.0,437.11,2185.55,1122.33,1063.2200000000003,48.6,2023,9
2025-11-27,S03,Москва,Электроника,Планшет,1.0,16210.56,16210.56,12386.63,3823.9300000000003,23.6,2025,11
2023-11-11,S09,Ростов-на-Дону,Электроника,Смартфон,1.0,22725.12,22725.12,16992.12,5733.0,25.2,2023,11
2025-09-01,S04,Санкт-Петербург,Канцтовары,Калькулятор,8.0,1197.67,9581.36,5478.24,4103.120000000001,42.8,2025,9
2025-06-01,S07,Екатеринбург,Бытовая техника,Чайник,2.0,3287.54,46025.56,31519.93,14505.629999999997,31.5,2025,6
2024-06-16,S08,Новосибирск,Продукты,Чай 100п,3.0,497.31,1491.93,1125.14,366.78999999999996,24.6,2024,6
2025-08-30,S02,Москва,Электроника,Планшет,12.0,19720.92,236651.04,189988.42,46662.619999999995,19.7,2025,8
2025-08-11,S02,Москва,Электроника,Колонка,1.0,5084.34,5084.34,3867.18,1217.1600000000003,23.9,2025,8
2023-10-18,S05,Санкт-Петербург,Продукты,Мёд 500г,7.0,596.9,4178.3,2866.98,1311.3200000000002,31.4,2023,10
2024-09-27,S05,Санкт-Петербург,Бытовая техника,Утюг,7.0,4169.88,29189.16,22515.93,6673.23,22.9,2024,9
2023-04-08,S08,Новосибирск,Продукты,Кофе 1кг,1.0,867.9,867.9,616.76,251.14,28.9,2023,4
2024-10-11,S07,Екатеринбург,Бытовая техника,Чайник,1.0,3162.96,3162.96,2108.93,1054.0300000000002,33.3,2024,10
2024-02-01,S08,Новосибирск,Продукты,Кофе 1кг,2.0,862.74,1725.48,1287.71,437.77,25.4,2024,2
2023-03-02,S08,Новосибирск,Одежда,Куртка,5.0,8173.6,40868.0,20274.82,20593.18,50.4,2023,3
2023-04-15,S06,Казань,Одежда,Кроссовки,1.0,6061.98,6061.98,3711.67,2350.3099999999995,38.8,2023,4
2025-07-19,S10,Самара,Одежда,Футболка,3.0,1779.96,5339.88,2927.26,2412.62,45.2,2025,7
2025-12-01,S06,Казань,Бытовая техника,Чайник,5.0,3145.74,15728.7,10857.28,4871.42,31.0,2025,12
2025-04-01,S10,Самара,Канцтовары,Набор ручек,2.0,392.96,785.92,340.71,445.21,56.6,2025,4
2025-09-05,S08,Новосибирск,Электроника,Планшет,2.0,16776.61,33553.22,26823.88,6729.34,20.1,2025,9
2024-08-29,S03,Москва,Электроника,Колонка,1.0,5927.61,5927.61,4825.51,1102.0999999999995,18.6,2024,8
2023-12-03,S07,Екатеринбург,Продукты,Чай 100п,4.0,450.31,1801.24,1349.66,451.5799999999999,25.1,2023,12
2025-07-10,S09,Ростов-на-Дону,Бытовая техника,Утюг,7.0,5158.05,36106.35,27221.45,8884.899999999998,24.6,2025,7
2025-08-31,S09,Ростов-на-Дону,Электроника,Колонка,1.0,5336.44,5336.44,4218.89,1117.5499999999993,20.9,2025,8
2024-04-10,S09,Ростов-на-Дону,Бытовая техника,Утюг,1.0,4829.82,4829.82,3385.56,1444.2599999999998,29.9,2024,4
2023-09-22,S08,Новосибирск,Канцтовары,Степлер,1.0,477.53,477.53,232.98,244.54999999999998,51.2,2023,9
2024-12-13,S02,Москва,Канцтовары,Набор ручек,15.0,388.11,5821.65,2590.54,3231.1099999999997,55.5,2024,12
2024-03-03,S08,Новосибирск,Электроника,Смартфон,2.0,27198.74,27198.74,21644.02,5554.720000000001,20.4,2024,3
2024-03-24,S02,Москва,Электроника,Смартфон,1.0,26532.11,26532.11,19715.45,6816.66,25.7,2024,3
2024-11-02,S08,Новосибирск,Продукты,Мёд 500г,7.0,559.2,3914.4,2790.13,1124.27,28.7,2024,11
2023-05-11,S04,Санкт-Петербург,Канцтовары,Степлер,4.0,501.85,2007.4,982.26,1025.14,51.1,2023,5
2025-10-03,S10,Самара,Бытовая техника,Чайник,2.0,3502.11,7004.22,4737.71,2266.51,32.4,2025,10
2025-03-13,S03,Москва,Продукты,Чай 100п,6.0,461.8,2770.8,1986.73,784.0700000000002,28.3,2025,3
2023-04-07,S06,Казань,Канцтовары,Набор ручек,11.0,385.0,4235.0,1751.91,2483.09,58.6,2023,4
2023-04-12,S09,Ростов-на-Дону,Канцтовары,Степлер,1.0,410.6,410.6,193.19,217.41000000000003,52.9,2023,4
2025-09-10,S09,Ростов-на-Дону,Бытовая техника,Чайник,2.0,2969.19,5938.38,4221.39,1716.9899999999998,28.9,2025,9
2024-06-06,S01,Москва,Бытовая техника,Утюг,1.0,5111.98,5111.98,3694.71,1417.2699999999995,27.7,2024,6
2025-07-27,S03,Москва,Бытовая техника,Пылесос,1.0,13170.39,13170.39,9221.54,3948.8499999999985,30.0,2025,7
2024-01-06,S03,Москва,Канцтовары,Степлер,9.0,465.23,4187.07,2422.22,1764.85,42.1,2024,1
2025-02-06,S03,Москва,Одежда,Футболка,4.0,1979.1,7916.4,4975.59,2940.8099999999995,37.1,2025,2
2025-03-03,S06,Казань,Электроника,Колонка,1.0,5783.76,5783.76,4308.63,1475.13,25.5,2025,3
2025-06-04,S07,Екатеринбург,Продукты,Кофе 1кг,2.0,817.74,1635.48,1074.39,561.0899999999999,34.3,2025,6
2023-03-05,S10,Самара,Бытовая техника,Пылесос,5.0,12713.94,63569.7,46760.04,16809.659999999996,26.4,2023,3
2025-11-23,S08,Новосибирск,Продукты,Кофе 1кг,6.0,909.99,5459.94,3746.06,1713.8799999999997,31.4,2025,11
2023-04-03,S06,Казань,Продукты,Чай 100п,1.0,503.48,503.48,358.31,145.17000000000002,28.8,2023,4
2024-07-28,S04,Санкт-Петербург,Продукты,Кофе 1кг,5.0,857.96,4289.8,2768.2,1521.6000000000004,35.5,2024,7
2025-09-16,S05,Санкт-Петербург,Одежда,Джинсы,2.0,4009.65,8019.3,4750.36,3268.9400000000005,40.8,2025,9
2023-03-25,S07,Екатеринбург,Канцтовары,Набор ручек,2.0,324.14,648.28,320.06,328.21999999999997,50.6,2023,3
2024-12-31,S07,Екатеринбург,Одежда,Куртка,1.0,9519.6,9519.6,4839.58,4680.02,49.2,2024,12
2024-07-17,S01,Москва,Продукты,Чай 100п,2.0,421.52,843.04,626.08,216.95999999999992,25.7,2024,7
2023-10-11,S01,Москва,Электроника,Смартфон,1.0,26143.29,26143.29,20506.21,5637.080000000002,21.6,2023,10
2024-06-13,S08,Новосибирск,Канцтовары,Калькулятор,3.0,1150.74,3452.22,1791.49,1660.7299999999998,48.1,2024,6
2025-09-16,S10,Самара,Электроника,Планшет,1.0,19756.17,19756.17,15417.37,4338.799999999997,22.0,2025,9
2023-01-07,S10,Самара,Электроника,Планшет,1.0,20016.58,20016.58,14949.84,5066.740000000002,25.3,2023,1
2025-05-06,S09,Ростов-на-Дону,Продукты,Кофе 1кг,1.0,984.63,984.63,721.76,262.87,26.7,2025,5
2024-10-01,S07,Екатеринбург,Одежда,Джинсы,2.0,4796.84,9593.68,5348.7,4244.9800000000005,44.2,2024,10
2024-05-14,S10,Самара,Канцтовары,Калькулятор,1.0,1348.62,1348.62,629.58,719.0399999999998,53.3,2024,5
2024-07-13,S05,Санкт-Петербург,Продукты,Мёд 500г,3.0,628.14,1884.42,1278.37,606.0500000000002,32.2,2024,7
2024-12-04,S05,Санкт-Петербург,Бытовая техника,Пылесос,1.0,12693.51,12693.51,8565.09,4128.42,32.5,2024,12
2025-05-27,S06,Казань,Одежда,Футболка,1.0,1726.88,1726.88,957.27,769.6100000000001,44.6,2025,5
2024-02-03,S01,Москва,Электроника,Колонка,9.0,5121.1,46089.9,34741.5,11348.400000000001,24.6,2024,2
2023-02-24,S10,Самара,Электроника,Колонка,1.0,5090.21,5090.21,3987.27,1102.94,21.7,2023,2
2025-09-21,S02,Москва,Продукты,Кофе 1кг,1.0,929.31,929.31,661.17,268.14,28.9,2025,9
2024-03-15,S08,Новосибирск,Электроника,Наушники,9.0,3484.23,31358.07,24928.48,6429.59,20.5,2024,3
2024-01-10,S10,Самара,Канцтовары,Степлер,1.0,500.71,500.71,293.77,206.94,41.3,2024,1
2025-09-10,S04,Санкт-Петербург,Канцтовары,Степлер,1.0,449.34,449.34,263.27,186.07,41.4,2025,9
2023-11-14,S06,Казань,Электроника,Смартфон,9.0,27924.77,251322.93,199658.17,51664.75999999998,20.6,2023,11
2023-02-11,S05,Санкт-Петербург,Канцтовары,Набор ручек,4.0,347.8,1391.2,602.6,788.6,56.7,2023,2
2024-12-10,S05,Санкт-Петербург,Электроника,Смартфон,1.0,27378.1,27378.1,22029.28,5348.82,19.5,2024,12
2024-07-09,S10,Самара,Бытовая техника,Чайник,1.0,3128.78,3128.78,2332.45,796.3300000000004,25.5,2024,7
2024-09-15,S05,Санкт-Петербург,Одежда,Футболка,1.0,1755.55,1755.55,934.13,821.42,46.8,2024,9
2023-03-31,S10,Самара,Канцтовары,Калькулятор,7.0,1347.12,9429.84,5134.14,4295.7,45.6,2023,3
2024-06-30,S02,Москва,Канцтовары,Ежедневник,5.0,690.91,3454.55,1404.88,2049.67,59.3,2024,6
2024-05-30,S01,Москва,Продукты,Кофе 1кг,2.0,1002.2,2004.4,1324.69,679.71,33.9,2024,5
2023-05-30,S07,Екатеринбург,Электроника,Колонка,1.0,5770.15,4829.82,4714.16,115.65999999999985,2.4,2023,5
2024-08-14,S10,Самара,Электроника,Колонка,1.0,5421.65,5421.65,4416.65,1005.0,18.5,2024,8
2025-10-08,S05,Санкт-Петербург,Электроника,Колонка,5.0,5961.19,29805.95,22092.88,7713.07,25.9,2025,10
2025-06-23,S01,Москва,Канцтовары,Калькулятор,2.0,1104.59,2209.18,1049.37,1159.81,52.5,2025,6
2024-06-10,S02,Москва,Бытовая техника,Блендер,9.0,5431.98,48887.82,34679.86,14207.96,29.1,2024,6
2024-01-11,S01,Москва,Продукты,Мёд 500г,1.0,626.36,626.36,466.52,159.84000000000003,25.5,2024,1
2025-12-07,S07,Екатеринбург,Канцтовары,Степлер,1.0,491.88,491.88,213.71,278.16999999999996,56.6,2025,12
2024-02-20,S09,Ростов-на-Дону,Бытовая техника,Блендер,1.0,5403.93,5403.93,4179.47,1224.46,22.7,2024,2
2025-05-13,S10,Самара,Электроника,Колонка,6.0,6261.67,37570.02,29049.33,8520.689999999995,22.7,2025,5
2025-10-30,S01,Москва,Электроника,Смартфон,1.0,25523.21,25523.21,20450.06,5073.149999999998,19.9,2025,10
2024-06-18,S02,Москва,Канцтовары,Калькулятор,2.0,1089.23,2178.46,975.66,1202.8000000000002,55.2,2024,6
2025-09-15,S05,Санкт-Петербург,Канцтовары,Калькулятор,4.0,1369.36,5477.44,2801.93,2675.5099999999998,48.8,2025,9
2024-09-24,S01,Москва,Продукты,Шоколад,6.0,260.31,1561.86,1079.84,482.02,30.9,2024,9
2023-09-09,S03,Москва,Канцтовары,Набор ручек,1.0,364.57,364.57,184.53,180.04,49.4,2023,9
2023-08-02,S04,Санкт-Петербург,Одежда,Джинсы,1.0,4764.72,4764.72,2619.76,2144.96,45.0,2023,8
2024-12-27,S02,Москва,Канцтовары,Ежедневник,1.0,670.41,670.41,270.92,399.48999999999995,59.6,2024,12
2025-07-10,S08,Новосибирск,Канцтовары,Набор ручек,1.0,329.83,329.83,157.16,172.67,52.4,2025,7
2025-08-19,S02,Москва,Продукты,Кофе 1кг,1.0,867.47,867.47,652.07,215.39999999999998,24.8,2025,8
2025-02-21,S03,Москва,Электроника,Колонка,1.0,5155.75,5155.75,4121.98,1033.7700000000004,20.1,2025,2
2024-03-22,S10,Самара,Электроника,Планшет,2.0,16450.83,32901.66,26413.76,6487.900000000005,19.7,2024,3
2024-06-04,S03,Москва,Канцтовары,Степлер,4.0,436.77,1747.08,937.54,809.54,46.3,2024,6
2023-07-23,S05,Санкт-Петербург,Бытовая техника,Утюг,1.0,4740.08,4740.08,3642.74,1097.3400000000001,23.2,2023,7
2024-08-17,S03,Москва,Одежда,Кроссовки,1.0,7251.16,7251.16,3956.72,3294.44,45.4,2024,8
2023-01-08,S01,Москва,Продукты,Кофе 1кг,9.0,951.89,8567.01,5732.53,2834.4800000000005,33.1,2023,1
2024-12-30,S01,Москва,Канцтовары,Ежедневник,2.0,674.13,1348.26,775.67,572.59,42.5,2024,12
2025-12-21,S04,Санкт-Петербург,Одежда,Кроссовки,7.0,7066.09,49462.63,28766.0,20696.629999999997,41.8,2025,12
2023-01-16,S08,Новосибирск,Бытовая техника,Чайник,1.0,3085.0,3085.0,2092.92,992.0799999999999,32.2,2023,1
2025-03-04,S10,Самара,Бытовая техника,Утюг,8.0,4134.76,33078.08,22258.24,10819.84,32.7,2025,3
2025-05-24,S07,Екатеринбург,Бытовая техника,Утюг,5.0,5098.0,25490.0,18162.65,7327.3499999999985,28.7,2025,5
2024-08-25,S08,Новосибирск,Одежда,Кроссовки,9.0,6679.15,60112.35,35424.07,24688.28,41.1,2024,8
2023-09-28,S03,Москва,Продукты,Шоколад,1.0,264.56,264.56,193.35,71.21000000000001,26.9,2023,9
2023-08-17,S04,Санкт-Петербург,Электроника,Колонка,1.0,5762.37,5762.37,4739.07,1023.3000000000002,17.8,2023,8
2025-02-09,S01,Москва,Одежда,Кроссовки,1.0,6850.19,6850.19,3616.79,3233.3999999999996,47.2,2025,2
2025-09-18,S08,Новосибирск,Электроника,Колонка,2.0,5083.31,10166.62,7973.36,2193.260000000001,21.6,2025,9
2025-05-08,S09,Ростов-на-Дону,Канцтовары,Набор ручек,8.0,3252.58,2994.0,1414.08,1579.92,52.8,2025,5
2025-12-28,S04,Санкт-Петербург,Бытовая техника,Пылесос,1.0,12150.19,12150.19,8657.62,3492.5699999999997,28.7,2025,12
2024-06-27,S02,Москва,Одежда,Джинсы,1.0,3252.58,4262.84,2555.67,1707.17,40.0,2024,6
2024-12-15,S07,Екатеринбург,Одежда,Кроссовки,4.0,7304.57,29218.28,15470.84,13747.439999999999,47.1,2024,12
2025-09-15,S09,Ростов-на-Дону,Продукты,Мёд 500г,1.0,588.39,588.39,444.85,143.53999999999996,24.4,2025,9
2025-10-02,S07,Екатеринбург,Канцтовары,Степлер,1.0,412.56,412.56,180.87,231.69,56.2,2025,10
2024-03-31,S03,Москва,Одежда,Кроссовки,5.0,6539.25,32696.25,19089.51,13606.740000000002,41.6,2024,3
2025-04-21,S10,Самара,Канцтовары,Калькулятор,1.0,1171.53,1171.53,594.98,576.55,49.2,2025,4
2023-04-19,S05,Санкт-Петербург,Одежда,Джинсы,2.0,3840.44,7680.88,4305.32,3375.5600000000004,43.9,2023,4
2024-01-20,S03,Москва,Одежда,Куртка,15.0,8690.09,130351.35,77745.46,52605.89,40.4,2024,1
2023-11-08,S09,Ростов-на-Дону,Продукты,Шоколад,1.0,230.1,4829.82,168.79,4661.03,96.5,2023,11
2024-02-27,S09,Ростов-на-Дону,Канцтовары,Степлер,2.0,3252.58,962.8,468.92,493.87999999999994,51.3,2024,2
2025-12-25,S06,Казань,Бытовая техника,Чайник,8.0,3627.86,29022.88,19783.04,9239.84,31.8,2025,12
2025-05-05,S10,Самара,Бытовая техника,Пылесос,2.0,13651.65,27303.3,18689.1,8614.2,31.6,2025,5
2023-12-01,S05,Санкт-Петербург,Электроника,Планшет,17.0,20359.78,346116.26,256439.11,89677.15000000002,25.9,2023,12
2024-02-05,S09,Ростов-на-Дону,Бытовая техника,Блендер,4.0,4932.52,19730.08,13230.62,6499.460000000001,32.9,2024,2
2025-01-18,S06,Казань,Бытовая техника,Чайник,1.0,3609.02,3609.02,2536.48,1072.54,29.7,2025,1
2024-04-10,S08,Новосибирск,Одежда,Кроссовки,1.0,5962.97,5962.97,3750.7,2212.2700000000004,37.1,2024,4
2024-03-19,S07,Екатеринбург,Электроника,Планшет,1.0,19798.73,4829.82,15097.11,-10267.29,-212.6,2024,3
2024-03-17,S10,Самара,Электроника,Колонка,1.0,5045.97,5045.97,4081.35,964.6200000000003,19.1,2024,3
2023-01-15,S03,Москва,Канцтовары,Набор ручек,3.0,342.08,1026.24,565.25,460.99,44.9,2023,1
2023-02-08,S10,Самара,Бытовая техника,Утюг,1.0,4177.98,4177.98,3101.72,1076.2599999999998,25.8,2023,2
2023-10-04,S10,Самара,Бытовая техника,Блендер,1.0,5486.62,5486.62,3696.09,1790.5299999999997,32.6,2023,10
2023-10-05,S01,Москва,Электроника,Колонка,1.0,5993.53,5993.53,4743.54,1249.9899999999998,20.9,2023,10
2023-11-20,S01,Москва,Одежда,Куртка,9.0,8057.14,72514.26,45080.33,27433.929999999993,37.8,2023,11
2025-12-18,S05,Санкт-Петербург,Продукты,Чай 100п,6.0,460.28,2761.68,1788.11,973.5699999999999,35.3,2025,12
2024-08-03,S01,Москва,Бытовая техника,Пылесос,4.0,11860.11,47440.44,35560.71,11879.730000000003,25.0,2024,8
2024-01-07,S07,Екатеринбург,Канцтовары,Калькулятор,1.0,1210.4,1210.4,682.99,527.4100000000001,43.6,2024,1
2025-10-02,S10,Самара,Канцтовары,Набор ручек,3.0,372.95,1118.85,611.31,507.53999999999996,45.4,2025,10
2024-10-07,S10,Самара,Бытовая техника,Утюг,5.0,4223.72,21118.6,15110.08,6008.519999999999,28.5,2024,10
2025-03-10,S01,Москва,Электроника,Смартфон,2.0,24080.34,48160.68,39620.99,8539.690000000002,17.7,2025,3
2023-10-30,S01,Москва,Канцтовары,Ежедневник,7.0,794.21,5559.47,2728.12,2831.3500000000004,50.9,2023,10
2025-11-20,S10,Самара,Одежда,Джинсы,1.0,4116.06,4116.06,2464.08,1651.9800000000005,40.1,2025,11
2025-12-06,S05,Санкт-Петербург,Одежда,Футболка,1.0,1819.64,1819.64,1070.68,748.96,41.2,2025,12
2025-12-28,S10,Самара,Электроника,Смартфон,1.0,24080.23,24080.23,19274.21,4806.02,20.0,2025,12
2024-02-01,S04,Санкт-Петербург,Одежда,Кроссовки,2.0,7334.56,14669.12,7474.15,7194.970000000001,49.0,2024,2
2025-04-15,S07,Екатеринбург,Продукты,Мёд 500г,3.0,575.65,1726.95,1236.26,490.69000000000005,28.4,2025,4
2024-08-24,S07,Екатеринбург,Электроника,Планшет,1.0,19715.81,19715.81,15678.47,4037.340000000002,20.5,2024,8
2024-09-23,S10,Самара,Канцтовары,Ежедневник,1.0,720.44,4829.82,354.97,4474.849999999999,92.7,2024,9
2024-12-03,S03,Москва,Одежда,Джинсы,4.0,3847.45,15389.8,7563.99,7825.8099999999995,50.9,2024,12
2025-08-24,S05,Санкт-Петербург,Канцтовары,Ежедневник,1.0,804.76,804.76,365.85,438.90999999999997,54.5,2025,8
2024-03-10,S02,Москва,Канцтовары,Ежедневник,1.0,744.41,744.41,354.75,389.65999999999997,52.3,2024,3
2023-03-21,S07,Екатеринбург,Канцтовары,Ежедневник,1.0,794.25,794.25,474.62,319.63,40.2,2023,3
2025-07-23,S08,Новосибирск,Бытовая техника,Утюг,3.0,4086.53,12259.59,8520.26,3739.33,30.5,2025,7
2025-11-06,S02,Москва,Канцтовары,Калькулятор,3.0,1210.88,3632.64,2091.58,1541.06,42.4,2025,11
2025-12-29,S09,Ростов-на-Дону,Продукты,Шоколад,7.0,270.19,1891.33,1275.16,616.1699999999998,32.6,2025,12
2025-03-21,S03,Москва,Электроника,Планшет,1.0,20624.66,20624.66,15404.03,5220.629999999999,25.3,2025,3
2024-11-19,S09,Ростов-на-Дону,Продукты,Мёд 500г,1.0,689.24,689.24,491.05,198.19,28.8,2024,11
2025-02-20,S08,Новосибирск,Бытовая техника,Утюг,2.0,4084.94,8169.88,5642.55,2527.33,30.9,2025,2
2024-06-05,S03,Москва,Канцтовары,Калькулятор,1.0,1276.13,1276.13,749.44,526.69,41.3,2024,6
2025-12-01,S03,Москва,Продукты,Шоколад,7.0,232.84,4829.82,1192.37,3637.45,75.3,2025,12
2023-10-09,S08,Новосибирск,Продукты,Шоколад,7.0,266.21,1863.47,1196.56,666.9100000000001,35.8,2023,10
2024-09-06,S07,Екатеринбург,Бытовая техника,Утюг,7.0,4312.16,30185.12,20491.13,9693.989999999998,32.1,2024,9
2024-01-15,S03,Москва,Бытовая техника,Чайник,6.0,3447.46,20684.76,14462.46,6222.299999999999,30.1,2024,1
2023-11-04,S10,Самара,Канцтовары,Степлер,10.0,459.29,4592.9,2485.97,2106.93,45.9,2023,11
2025-09-10,S05,Санкт-Петербург,Одежда,Джинсы,1.0,4297.25,4297.25,2260.3,2036.9499999999998,47.4,2025,9
2023-06-14,S09,Ростов-на-Дону,Продукты,Шоколад,4.0,254.83,1019.32,654.66,364.6600000000001,35.8,2023,6
2025-01-20,S03,Москва,Электроника,Планшет,2.0,17796.0,35592.0,28064.92,7527.080000000002,21.1,2025,1
2024-09-10,S02,Москва,Канцтовары,Степлер,5.0,469.26,2346.3,1278.62,1067.6800000000003,45.5,2024,9
2025-11-12,S04,Санкт-Петербург,Одежда,Куртка,3.0,7892.17,23676.51,13959.72,9716.789999999999,41.0,2025,11
2023-02-15,S10,Самара,Электроника,Колонка,2.0,5313.02,5313.02,4065.37,1247.6500000000005,23.5,2023,2
2023-05-11,S05,Санкт-Петербург,Бытовая техника,Пылесос,7.0,12691.19,88838.33,64768.67,24069.660000000003,27.1,2023,5
2023-07-07,S05,Санкт-Петербург,Одежда,Джинсы,1.0,4648.25,4648.25,2385.9,2262.35,48.7,2023,7
2024-01-30,S10,Самара,Продукты,Чай 100п,14.0,433.58,6070.12,3897.25,2172.87,35.8,2024,1
2023-08-26,S04,Санкт-Петербург,Продукты,Шоколад,1.0,249.92,249.92,178.92,71.0,28.4,2023,8
2025-01-15,S06,Казань,Электроника,Наушники,1.0,3405.95,3405.95,2692.91,713.04,20.9,2025,1
2023-11-12,S02,Москва,Одежда,Куртка,2.0,7924.2,15848.4,9359.32,6489.08,40.9,2023,11
2023-06-08,S10,Самара,Одежда,Джинсы,2.0,4299.98,4299.98,2385.36,1914.6199999999994,44.5,2023,6
2025-05-14,S08,Новосибирск,Бытовая техника,Чайник,5.0,2913.32,14566.6,10371.58,4195.02,28.8,2025,5
2023-05-16,S10,Самара,Одежда,Кроссовки,4.0,7169.1,28676.4,13803.07,14873.330000000002,51.9,2023,5
2025-07-15,S06,Казань,Продукты,Чай 100п,2.0,453.61,907.22,651.53,255.69000000000005,28.2,2025,7
2025-05-17,S04,Санкт-Петербург,Бытовая техника,Утюг,1.0,4580.58,4580.58,3469.27,1111.31,24.3,2025,5
2025-11-12,S05,Санкт-Петербург,Канцтовары,Набор ручек,1.0,381.24,381.24,210.36,170.88,44.8,2025,11
2023-01-26,S10,Самара,Бытовая техника,Утюг,1.0,4290.95,4290.95,3173.34,1117.6099999999997,26.0,2023,1
2025-07-06,S07,Екатеринбург,Одежда,Джинсы,2.0,4375.92,8751.84,4339.99,4411.85,50.4,2025,7
2024-12-04,S09,Ростов-на-Дону,Электроника,Смартфон,2.0,24005.02,48010.04,37529.71,10480.330000000002,21.8,2024,12
2024-02-02,S06,Казань,Одежда,Кроссовки,10.0,7239.24,72392.4,40604.27,31788.129999999997,43.9,2024,2
2025-06-12,S02,Москва,Одежда,Куртка,2.0,8440.9,16881.8,7994.84,8886.96,52.6,2025,6
2023-12-24,S09,Ростов-на-Дону,Продукты,Мёд 500г,3.0,576.48,4829.82,1274.43,3555.3899999999994,73.6,2023,12
2023-04-09,S01,Москва,Бытовая техника,Чайник,3.0,3632.19,10896.57,7396.88,3499.6899999999996,32.1,2023,4
2025-06-06,S05,Санкт-Петербург,Одежда,Куртка,2.0,8874.61,17749.22,10004.46,7744.760000000002,43.6,2025,6
2025-07-18,S02,Москва,Бытовая техника,Пылесос,1.0,10925.91,10925.91,7420.01,3505.8999999999996,32.1,2025,7
2023-03-26,S05,Санкт-Петербург,Канцтовары,Калькулятор,6.0,1094.85,6569.1,3067.15,3501.9500000000003,53.3,2023,3
2025-05-20,S10,Самара,Продукты,Мёд 500г,1.0,581.25,4829.82,381.97,4447.849999999999,92.1,2025,5
2024-01-19,S06,Казань,Электроника,Планшет,4.0,19065.43,76261.72,61329.39,14932.330000000002,19.6,2024,1
2023-09-03,S07,Екатеринбург,Продукты,Кофе 1кг,2.0,940.21,940.21,705.5,234.71000000000004,25.0,2023,9
2024-04-10,S01,Москва,Канцтовары,Степлер,6.0,511.73,3070.38,1304.47,1765.91,57.5,2024,4
2024-05-06,S08,Новосибирск,Бытовая техника,Пылесос,1.0,11411.1,11411.1,8658.63,2752.470000000001,24.1,2024,5
2023-11-20,S06,Казань,Канцтовары,Набор ручек,1.0,381.7,381.7,157.57,224.13,58.7,2023,11
2024-10-22,S05,Санкт-Петербург,Бытовая техника,Чайник,1.0,3359.18,3359.18,2571.41,787.77,23.5,2024,10
2024-06-11,S07,Екатеринбург,Одежда,Кроссовки,1.0,6192.49,6192.49,3263.16,2929.33,47.3,2024,6
2023-08-03,S09,Ростов-на-Дону,Бытовая техника,Пылесос,3.0,13135.69,39407.07,28043.95,11363.119999999999,28.8,2023,8
2024-10-27,S03,Москва,Бытовая техника,Блендер,2.0,5676.24,11352.48,7866.56,3485.919999999999,30.7,2024,10
2025-08-01,S04,Санкт-Петербург,Одежда,Куртка,2.0,8860.62,8860.62,4464.05,4396.570000000001,49.6,2025,8
2024-04-22,S10,Самара,Бытовая техника,Чайник,12.0,3089.0,37068.0,25037.04,12030.96,32.5,2024,4
2024-06-11,S02,Москва,Одежда,Куртка,1.0,8431.79,8431.79,5013.21,3418.580000000001,40.5,2024,6
2024-04-27,S02,Москва,Электроника,Планшет,1.0,18609.11,18609.11,14822.53,3786.58,20.3,2024,4
2024-11-03,S07,Екатеринбург,Канцтовары,Калькулятор,1.0,1177.52,1177.52,626.79,550.73,46.8,2024,11
2024-01-21,S07,Екатеринбург,Продукты,Шоколад,4.0,230.25,921.0,624.79,296.21000000000004,32.2,2024,1
2023-11-05,S06,Казань,Канцтовары,Ежедневник,2.0,757.1,1514.2,695.86,818.34,54.0,2023,11
2023-02-15,S01,Москва,Одежда,Кроссовки,1.0,6751.73,6751.73,3276.35,3475.3799999999997,51.5,2023,2
2024-04-17,S05,Санкт-Петербург,Продукты,Чай 100п,5.0,435.27,2176.35,1514.7,661.6499999999999,30.4,2024,4
2023-02-25,S08,Новосибирск,Канцтовары,Калькулятор,5.0,1378.85,6894.25,2971.6,3922.65,56.9,2023,2
2024-03-01,S01,Москва,Бытовая техника,Блендер,3.0,5005.1,15015.3,11620.14,3395.16,22.6,2024,3
2023-12-13,S07,Екатеринбург,Электроника,Смартфон,2.0,24180.99,48361.98,36056.26,12305.720000000001,25.4,2023,12
2023-01-25,S02,Москва,Продукты,Кофе 1кг,1.0,925.46,925.46,682.88,242.58000000000004,26.2,2023,1
2024-05-11,S08,Новосибирск,Бытовая техника,Утюг,1.0,4751.07,4751.07,3418.81,1332.2599999999998,28.0,2024,5
2023-01-16,S09,Ростов-на-Дону,Электроника,Колонка,2.0,6159.87,12319.74,10062.25,2257.49,18.3,2023,1
2024-07-22,S01,Москва,Электроника,Планшет,1.0,18696.72,18696.72,13823.53,4873.1900000000005,26.1,2024,7
2024-11-12,S07,Екатеринбург,Бытовая техника,Чайник,7.0,2996.41,20974.87,15644.12,5330.749999999998,25.4,2024,11
2023-11-06,S04,Санкт-Петербург,Одежда,Футболка,8.0,1920.17,15361.36,8875.62,6485.74,42.2,2023,11
2025-02-14,S05,Санкт-Петербург,Одежда,Джинсы,1.0,3252.58,4396.74,2188.64,2208.1,50.2,2025,2
2023-08-17,S01,Москва,Продукты,Чай 100п,21.0,472.82,9929.22,6958.8,2970.419999999999,29.9,2023,8
2025-12-03,S01,Москва,Продукты,Чай 100п,5.0,459.76,2298.8,1512.07,786.7300000000002,34.2,2025,12
2025-09-10,S08,Новосибирск,Канцтовары,Степлер,7.0,516.99,3618.93,2011.03,1607.8999999999999,44.4,2025,9
2025-07-19,S01,Москва,Электроника,Колонка,1.0,6002.58,6002.58,4623.79,1378.79,23.0,2025,7
2025-09-26,S01,Москва,Канцтовары,Степлер,1.0,433.4,433.4,247.83,185.56999999999996,42.8,2025,9
2025-03-05,S01,Москва,Канцтовары,Набор ручек,1.0,356.01,356.01,194.14,161.87,45.5,2025,3
2023-12-10,S05,Санкт-Петербург,Бытовая техника,Утюг,19.0,4167.42,79180.98,53815.53,25365.449999999997,32.0,2023,12
2023-10-27,S08,Новосибирск,Одежда,Футболка,2.0,1718.58,3437.16,1689.6,1747.56,50.8,2023,10
2024-01-25,S10,Самара,Канцтовары,Ежедневник,1.0,799.72,799.72,354.15,445.57000000000005,55.7,2024,1
2025-02-02,S02,Москва,Одежда,Джинсы,2.0,4448.48,8896.96,5548.32,3348.6399999999994,37.6,2025,2
2025-06-29,S03,Москва,Канцтовары,Калькулятор,1.0,1352.98,1352.98,550.91,802.07,59.3,2025,6
2024-04-11,S03,Москва,Одежда,Джинсы,3.0,4479.07,13437.21,6970.18,6467.029999999999,48.1,2024,4
2025-05-27,S10,Самара,Бытовая техника,Чайник,5.0,2968.56,14842.8,10139.2,4703.5999999999985,31.7,2025,5
2024-03-21,S05,Санкт-Петербург,Бытовая техника,Блендер,1.0,4666.93,4666.93,3299.7,1367.2300000000005,29.3,2024,3
2024-02-23,S07,Екатеринбург,Продукты,Чай 100п,2.0,433.9,867.8,653.44,214.3599999999999,24.7,2024,2
2025-03-08,S08,Новосибирск,Продукты,Шоколад,6.0,225.85,1355.1,1025.17,329.92999999999984,24.3,2025,3
2025-02-01,S10,Самара,Одежда,Кроссовки,5.0,7123.87,35619.35,18156.97,17462.379999999997,49.0,2025,2
2025-09-20,S06,Казань,Бытовая техника,Чайник,7.0,3173.71,22215.97,16481.6,5734.370000000003,25.8,2025,9
2025-09-12,S05,Санкт-Петербург,Канцтовары,Ежедневник,1.0,727.76,727.76,330.52,397.24,54.6,2025,9
2024-06-07,S08,Новосибирск,Канцтовары,Степлер,5.0,517.03,2585.15,1540.19,1044.96,40.4,2024,6
2023-05-10,S03,Москва,Одежда,Джинсы,3.0,4804.39,14413.17,7090.61,7322.56,50.8,2023,5
2024-07-25,S07,Екатеринбург,Канцтовары,Калькулятор,1.0,1195.78,1195.78,505.51,690.27,57.7,2024,7
2023-03-15,S07,Екатеринбург,Одежда,Кроссовки,1.0,6952.34,6952.34,4133.96,2818.38,40.5,2023,3
2025-03-25,S10,Самара,Одежда,Джинсы,4.0,4621.27,18485.08,8770.88,9714.200000000003,52.6,2025,3
2023-09-03,S08,Новосибирск,Канцтовары,Калькулятор,2.0,1240.53,2481.06,1356.8,1124.26,45.3,2023,9
2025-08-09,S06,Казань,Канцтовары,Калькулятор,1.0,3252.58,1205.76,609.98,595.78,49.4,2025,8
2023-06-18,S09,Ростов-на-Дону,Продукты,Чай 100п,4.0,475.36,1901.44,1429.34,472.10000000000014,24.8,2023,6
2023-10-13,S10,Самара,Канцтовары,Набор ручек,1.0,365.88,365.88,148.74,217.14,59.3,2023,10
2025-04-23,S04,Санкт-Петербург,Одежда,Футболка,1.0,1941.26,1941.26,1101.8,839.46,43.2,2025,4
2023-08-25,S09,Ростов-на-Дону,Электроника,Наушники,1.0,3714.42,3714.42,3017.45,696.9700000000003,18.8,2023,8
2024-12-17,S06,Казань,Канцтовары,Набор ручек,3.0,372.27,1116.81,618.94,497.8699999999999,44.6,2024,12
2023-02-02,S10,Самара,Канцтовары,Степлер,1.0,511.93,511.93,206.56,305.37,59.7,2023,2
2025-04-04,S01,Москва,Канцтовары,Ежедневник,4.0,695.71,2782.84,1428.45,1354.39,48.7,2025,4
2025-03-10,S04,Санкт-Петербург,Канцтовары,Ежедневник,3.0,748.27,2244.81,1315.41,929.3999999999999,41.4,2025,3
2023-07-02,S07,Екатеринбург,Одежда,Джинсы,2.0,4642.5,9285.0,4877.63,4407.37,47.5,2023,7
2024-09-21,S05,Санкт-Петербург,Одежда,Футболка,2.0,1643.08,3286.16,1841.63,1444.5299999999997,44.0,2024,9
2024-03-27,S07,Екатеринбург,Продукты,Чай 100п,1.0,423.85,423.85,296.52,127.33000000000004,30.0,2024,3
2024-02-19,S01,Москва,Одежда,Джинсы,2.0,3888.78,7777.56,4538.04,3239.5200000000004,41.7,2024,2
2024-10-22,S05,Санкт-Петербург,Электроника,Планшет,1.0,19118.24,19118.24,15728.34,3389.9000000000015,17.7,2024,10
2023-09-06,S09,Ростов-на-Дону,Продукты,Шоколад,1.0,248.58,248.58,163.02,85.56,34.4,2023,9
2025-08-16,S05,Санкт-Петербург,Продукты,Кофе 1кг,2.0,983.73,4918.65,3730.36,1188.2899999999995,24.2,2025,8
2024-02-03,S06,Казань,Одежда,Кроссовки,1.0,6584.07,6584.07,3237.27,3346.7999999999997,50.8,2024,2
2024-01-11,S05,Санкт-Петербург,Одежда,Кроссовки,5.0,7081.82,35409.1,20669.44,14739.66,41.6,2024,1
2024-07-04,S01,Москва,Одежда,Кроссовки,2.0,6639.56,13279.12,6307.37,6971.750000000001,52.5,2024,7
2025-07-29,S08,Новосибирск,Канцтовары,Калькулятор,1.0,1185.64,1185.64,515.94,669.7,56.5,2025,7
2024-12-25,S05,Санкт-Петербург,Одежда,Куртка,1.0,9361.15,9361.15,4510.13,4851.0199999999995,51.8,2024,12
2023-03-08,S03,Москва,Одежда,Футболка,1.0,1706.55,1706.55,829.86,876.6899999999999,51.4,2023,3
2023-01-17,S07,Екатеринбург,Канцтовары,Набор ручек,4.0,381.92,1527.68,680.43,847.2500000000001,55.5,2023,1
2024-01-31,S10,Самара,Продукты,Кофе 1кг,2.0,971.78,1943.56,1467.49,476.06999999999994,24.5,2024,1
2025-08-15,S08,Новосибирск,Канцтовары,Ежедневник,4.0,730.84,2923.36,1643.87,1279.4900000000002,43.8,2025,8
2023-03-03,S07,Екатеринбург,Бытовая техника,Блендер,1.0,5000.49,5000.49,3810.2,1190.29,23.8,2023,3
2023-11-26,S10,Самара,Электроника,Планшет,1.0,18563.66,18563.66,13878.21,4685.450000000001,25.2,2023,11
2025-06-28,S03,Москва,Одежда,Куртка,1.0,3252.58,7659.52,3930.33,3729.1900000000005,48.7,2025,6
2024-11-06,S01,Москва,Канцтовары,Ежедневник,5.0,755.59,3777.95,2199.54,1578.4099999999999,41.8,2024,11
2023-01-13,S04,Санкт-Петербург,Электроника,Наушники,1.0,3808.11,3808.11,2917.89,890.2200000000003,23.4,2023,1
2023-05-08,S04,Санкт-Петербург,Одежда,Куртка,3.0,7874.54,23623.62,14200.47,9423.15,39.9,2023,5
2024-10-29,S05,Санкт-Петербург,Продукты,Мёд 500г,1.0,566.17,566.17,373.01,193.15999999999997,34.1,2024,10
2023-04-19,S07,Екатеринбург,Электроника,Наушники,1.0,3862.62,3862.62,3097.21,765.4099999999999,19.8,2023,4
2023-06-22,S07,Екатеринбург,Продукты,Чай 100п,1.0,491.02,491.02,332.5,158.51999999999998,32.3,2023,6
2025-05-23,S06,Казань,Одежда,Куртка,1.0,9360.87,9360.87,5873.48,3487.3900000000012,37.3,2025,5
2024-11-05,S07,Екатеринбург,Электроника,Планшет,2.0,17663.1,35326.2,26563.57,8762.629999999997,24.8,2024,11
